,shoulder_pan_joint,shoulder_lift_joint,elbow_joint,wrist_1_joint,wrist_2_joint,wrist_3_joint,time_from_start
0,-1.2198165641686598,-2.181791440892942,-1.9357322168021003,0.9448627065572365,1.2540459205902688,0.3264698167415179,0.0
1,-1.2196365338204769,-2.1814722801284177,-1.9359845870395203,0.945047989123721,1.253843368933812,0.33146981674151793,0.2
2,-1.2190964427759274,-2.180514797834843,-1.9367416977517802,0.9456038368231746,1.2532357139644419,0.34646981674151794,0.4
3,-1.218196291035012,-2.1789189940122182,-1.9380035489388798,0.9465302496555972,1.252222955682158,0.3714698167415179,0.6000000000000001
4,-1.2169360293976246,-2.17668485406627,-1.939770121010375,0.947827156424148,1.2508047951922237,0.4064698150531009,0.8
5,-1.2153048844870866,-2.1738091639614123,-1.942037146571895,0.9494789978427334,1.2489158447609903,0.4514697870366516,1.0
6,-1.2132854432868194,-2.1702867263670482,-1.9447977312579097,0.951460629590291,1.246450426471423,0.5064697396315516,1.2
7,-1.210862220843714,-2.166112733479939,-1.9480458871145623,0.9537488159948975,1.243314660388478,0.5714696631960245,1.4
8,-1.208017555698226,-2.161275548232533,-1.951779530114531,0.9562882596195612,1.239404750694323,0.6464695431901538,1.6
9,-1.2047309890003222,-2.155762638383775,-1.9559954870865184,0.9590193089599417,1.2346000192818387,0.7314693768660327,1.8
10,-1.2009811378218656,-2.1495530470841797,-1.9606957695785634,0.9618418961482753,1.2287801066020627,0.8264691462064833,2.0
11,-1.1970482241957174,-2.143117358961749,-1.965514829222537,0.9644563311363505,1.2223259527336108,0.9240192774841927,2.2
12,-1.193442650958984,-2.1372690676069888,-1.9698497772797263,0.9665202208838952,1.2161339160783395,1.011756768734406,2.4
13,-1.190196029607541,-2.1320358681847265,-1.9736944618542713,0.9681013108854355,1.2103582969814184,1.0894942502127951,2.6
14,-1.1873291289775658,-2.1274326353113446,-1.9770505637702775,0.9692704087846877,1.2051201665124296,1.1572317043011693,2.8
15,-1.184858405990784,-2.1234761711322228,-1.9799164640471818,0.9701082497668949,1.2005108316575281,1.2149690505970339,3.0
16,-1.1827982165015214,-2.120180194278133,-1.982291224330543,0.9706806207650871,1.1966109906657056,1.2627063513170231,3.2
17,-1.1811584828111528,-2.1175587201503756,-1.9841719187097864,0.9710556214139281,1.193471451680363,1.3004436317053383,3.4
18,-1.1799400574834578,-2.1156054039845467,-1.9855615289017192,0.971209936422776,1.1912064833402738,1.3282715359992652,3.6
19,-1.178726025373145,-2.113191126413352,-1.9867557970926222,0.9655799410203649,1.195345501943293,1.3509307588971669,3.8
20,-1.1776450015480544,-2.1104934310113053,-1.9875985771897657,0.9538175914733773,1.2065213191085074,1.3652333816479532,4.0
21,-1.176919051533948,-2.1081876076820163,-1.9879655203537745,0.9398311140868721,1.2207823669214162,1.3695398744657032,4.2
22,-1.1766526244915156,-2.106663000872195,-1.9878270198463077,0.9263421796289197,1.2352895840511602,1.3638479603558011,4.4
23,-1.176632524438484,-2.105240204003485,-1.9872899387543868,0.9092157213482107,1.2542616964884956,1.3493983969361503,4.6
24,-1.176601829859884,-2.103067465939028,-1.9864697678938938,0.8830620878716573,1.2832338089258313,1.3273326213169474,4.8
25,-1.1765605407557147,-2.1001447866788236,-1.9853665072648286,0.8478812791992583,1.3222059213631676,1.2976506334981919,5.0
26,-1.1765086571259769,-2.0964721662228727,-1.9839801568671913,0.8036732953310128,1.3711780338005064,1.2603524334798824,5.2
27,-1.1764461789706697,-2.0920496045711743,-1.9823107167009817,0.7504381362669197,1.4301501462378488,1.2154380212620184,5.4
28,-1.1763731062897935,-2.086877101723729,-1.9803581867662001,0.6881758020069796,1.4991222586751936,1.1629073968446002,5.6
29,-1.1762894390833487,-2.0809546576805364,-1.978122567062846,0.6168862925511932,1.5780943711125404,1.1027605602276287,5.8
30,-1.176195177351335,-2.0742822724415966,-1.97560385759092,0.5365696078995608,1.6670664835498887,1.0349975114111039,6.0
31,-1.1760903210937526,-2.06685994600691,-1.9728020583504218,0.44722574805208165,1.7660385959872396,0.959618250395025,6.2
32,-1.175974870310601,-2.0586876783764763,-1.9697171693413513,0.3488547130087574,1.8750107084245908,0.8766227771793936,6.4
33,-1.1758488250018804,-2.0497654695502954,-1.966349190563709,0.2414565027695882,1.9939828208619428,0.78601109176421,6.6
34,-1.1757121851675911,-2.0400933195283675,-1.9626981220174944,0.1250311173345704,2.122954933299299,0.6877831941494708,6.8
35,-1.1755649508077328,-2.029671228310692,-1.9587639637027074,-0.00042144329629434374,2.261927045736658,0.5819390843351777,7.0
36,-1.1754071219223055,-2.01849919589727,-1.9545467156193483,-0.13490117912300748,2.4108991581740216,0.46847876232132907,7.2
37,-1.1752386985113095,-2.0065772222881004,-1.9500463777674168,-0.2784080901455682,2.569871270611388,0.3474022281079261,7.4
38,-1.1750596805747442,-1.9939053074831836,-1.9452629501469136,-0.43094217636397636,2.7388433830487577,0.2187094816949684,7.6
39,-1.1748700681126105,-1.9804834514825198,-1.9401964327578378,-0.5925034377782323,2.9178154954861313,0.08240052308245616,7.8
40,-1.1746698611249076,-1.9663116542861085,-1.9348468256001898,-0.7630918743883349,3.106787607923507,-0.06152464772960997,8.0
41,-1.174467770684288,-1.9520065355055272,-1.9294468918614416,-0.9352851265553342,3.297537480869658,-0.20680379866915777,8.2
42,-1.1742761826747778,-1.9384448389473925,-1.924327587092134,-1.0985296735644234,3.4783742802753403,-0.3445329424453081,8.4
43,-1.1740951891908362,-1.9256330835850042,-1.9194913720913984,-1.2527470453776748,3.64921107968103,-0.47464587402191205,8.6
44,-1.1739247902324639,-1.9135712694183629,-1.9149382468592346,-1.3979372419950813,3.8100478790867194,-0.5971425933989637,8.8
45,-1.1737649857996602,-1.9022593964474677,-1.910668211395643,-1.5341002634166525,3.9608846784924188,-0.712023100576471,9.0
46,-1.1736157758924255,-1.891697464672319,-1.9066812657006236,-1.6612361096423827,4.101721477898122,-0.8192873955544293,9.2
47,-1.1734771605107597,-1.8818854740929176,-1.9029774097741758,-1.779344780672267,4.232558277303824,-0.9189354783328345,9.4
48,-1.173349139654663,-1.8728234247092623,-1.8995566436163003,-1.8884262765063153,4.3533950767095355,-1.010967348911695,9.6
49,-1.1732317133241348,-1.8645113165213538,-1.8964189672269967,-1.988480597144521,4.4642318761152495,-1.0953830072910047,9.8
50,-1.1731248815191757,-1.8569491495291923,-1.8935643806062648,-2.079507742586884,4.5650686755209655,-1.1721824534707646,10.0
51,-1.1730286442397855,-1.8501369237327774,-1.8909928837541052,-2.1615077128334055,4.655905474926685,-1.2413656874509746,10.2
52,-1.1729430014859643,-1.8440746391321088,-1.8887044766705177,-2.234480507884086,4.736742274332408,-1.3029327092316352,10.4
53,-1.1728679532577118,-1.8387622957271872,-1.886699159355502,-2.298426127738925,4.807579073738134,-1.3568835188127464,10.6
54,-1.1728034995550285,-1.8341998935180126,-1.8849769318090586,-2.353344572397918,4.868415873143858,-1.403218116194305,10.8
55,-1.1727496403779138,-1.8303874325045848,-1.8835377940311873,-2.399235841861068,4.919252672549586,-1.4419365013763126,11.0
56,-1.1727063757263683,-1.8273249126869038,-1.8823817460218881,-2.436099936128374,4.960089471955313,-1.4730386743587685,11.2
57,-1.1734647902038915,-1.82473526382255,-1.8806232422026479,-2.4655778574040825,4.990939837119999,-1.4983082094421167,11.4
58,-1.1785890934426109,-1.8213747833677065,-1.8742742935359562,-2.495007506106767,5.0118034567081935,-1.5257340175188494,11.6
59,-1.187875084062859,-1.8173156102063353,-1.8635637267868521,-2.523957858307061,5.022668612950786,-1.554849430422854,11.8
60,-1.2006570915643975,-1.8127901064149141,-1.8492363916806733,-2.551057468695917,5.023534280438333,-1.5841615693877609,12.0
61,-1.216300497235728,-1.8080197299602363,-1.8320023672014671,-2.574999647077513,5.014400344424916,-1.6122478537384926,12.2
62,-1.2341485768407003,-1.8032335739626846,-1.8125964354931374,-2.5944331342582343,4.9952677322904115,-1.63763694961469,12.4
63,-1.2534597713967413,-1.7986902865915484,-1.7918482816407897,-2.6078325841662537,4.966138007239527,-1.6586678524854608,12.6
64,-1.2751848142805566,-1.7940580870169476,-1.7686941196958526,-2.617155701663335,4.927011484235531,-1.6774718646062097,12.8
65,-1.3023669883670896,-1.7882752603445804,-1.7397289087324703,-2.628665342523334,4.877885052453977,-1.7008681047113559,13.0
66,-1.3350523044949154,-1.7813216768196927,-1.7048995726376672,-2.64250515713232,4.81881277413288,-1.7290010090774595,13.2
67,-1.3699588895348171,-1.7738955331136228,-1.6677032616850083,-2.657285514883664,4.755725989270466,-1.7590458039582653,13.4
68,-1.4048654745747189,-1.766469389407553,-1.6305069507323489,-2.6720658726350086,4.692639204408053,-1.789090598839071,13.6
69,-1.4397720596146206,-1.7590432457014833,-1.5933106397796897,-2.686846230386353,4.6295524195456395,-1.8191353937198769,13.8
70,-1.4746786446545221,-1.7516171019954134,-1.5561143288270312,-2.7016265881376973,4.566465634683227,-1.8491801886006827,14.0
71,-1.5095852296944243,-1.7441909582893436,-1.5189180178743718,-2.716406945889042,4.503378849820813,-1.8792249834814891,14.2
72,-1.5444918147343256,-1.736764814583274,-1.481721706921713,-2.731187303640386,4.440292064958401,-1.9092697783622947,14.4
73,-1.5793983997742276,-1.7293386708772038,-1.444525395969054,-2.7459676613917305,4.377205280095987,-1.9393145732431005,14.6
74,-1.6143049848141295,-1.7219125271711342,-1.4073290850163946,-2.760748019143075,4.314118495233573,-1.9693593681239066,14.8
75,-1.6492115698540308,-1.7144863834650643,-1.3701327740637357,-2.7755283768944192,4.25103171037116,-1.9994041630047121,15.0
76,-1.6841181548939321,-1.7070602397589947,-1.332936463111077,-2.7903087346457633,4.187944925508748,-2.0294489578855175,15.2
77,-1.7190247399338348,-1.6996340960529248,-1.2957401521584178,-2.8050890923971084,4.124858140646334,-2.0594937527663237,15.4
78,-1.753931324973736,-1.692207952346855,-1.2585438412057588,-2.819869450148452,4.061771355783921,-2.0895385476471295,15.6
79,-1.7888379100136382,-1.684781808640785,-1.2213475302530994,-2.8346498078997975,3.9986845709215073,-2.119583342527936,15.8
80,-1.8237444950535395,-1.6773556649347154,-1.1841512193004409,-2.849430165651141,3.9355977860590947,-2.149628137408741,16.0
81,-1.858651080093441,-1.6699295212286458,-1.146954908347782,-2.8642105234024853,3.8725110011966817,-2.179672932289547,16.2
82,-1.893557665133343,-1.662503377522576,-1.1097585973951225,-2.8789908811538303,3.809424216334268,-2.209717727170353,16.4
83,-1.9284642501732443,-1.655077233816506,-1.0725622864424638,-2.893771238905174,3.746337431471855,-2.2397625220511586,16.6
84,-1.963370835213146,-1.6476510901104366,-1.0353659754898052,-2.908551596656519,3.683250646609443,-2.2698073169319644,16.8
85,-1.9982774202530482,-1.6402249464043666,-0.9981696645371458,-2.923331954407863,3.620163861747029,-2.2998521118127706,17.0
86,-2.0331840052929495,-1.632798802698297,-0.9609733535844871,-2.938112312159207,3.5570770768846165,-2.329896906693576,17.2
87,-2.0680905903328517,-1.6253726589922268,-0.9237770426318276,-2.9528926699105518,3.493990292022202,-2.3599417015743827,17.4
88,-2.102997175372753,-1.6179465152861572,-0.8865807316791687,-2.967673027661896,3.4309035071597895,-2.3899864964551876,17.6
89,-2.1379037604126547,-1.6105203715800873,-0.84938442072651,-2.9824533854132405,3.3678167222973765,-2.4200312913359934,17.8
90,-2.1728103454525565,-1.6030942278740175,-0.8121881097738505,-2.9972337431645846,3.3047299374349626,-2.4500760862167996,18.0
91,-2.207716930492458,-1.595668084167948,-0.7749917988211921,-3.0120141009159296,3.2416431525725504,-2.4801208810976054,18.2
92,-2.24262351553236,-1.5882419404618782,-0.7377954878685326,-3.0267944586672737,3.178556367710136,-2.5101656759784112,18.4
93,-2.2775301005722617,-1.5808157967558083,-0.7005991769158739,-3.041574816418618,3.1154695828477235,-2.540210470859217,18.6
94,-2.3124366856121634,-1.5733896530497384,-0.6634028659632143,-3.056355174169963,3.0523827979853095,-2.5702552657400233,18.8
95,-2.3473432706520647,-1.5659635093436686,-0.6262065550105556,-3.071135531921307,2.989296013122897,-2.6003000606208286,19.0
96,-2.3822498556919673,-1.5585373656375987,-0.5890102440578961,-3.0859158896726515,2.926209228260483,-2.630344855501635,19.2
97,-2.4171564407318686,-1.5511112219315288,-0.5518139331052373,-3.100696247423995,2.86312244339807,-2.6603896503824407,19.4
98,-2.4520630257717704,-1.5436850782254594,-0.5146176221525788,-3.11547660517534,2.800035658535658,-2.6904344452632465,19.6
99,-2.486969610811672,-1.5362589345193896,-0.4774213111999194,-3.1302569629266843,2.736948873673244,-2.7204792401440523,19.8
100,-2.521876195851574,-1.5288327908133197,-0.4402250002472604,-3.1450373206780284,2.6738620888108313,-2.750524035024858,20.0
101,-2.5567827808914756,-1.5214066471072498,-0.40302868929460123,-3.1598176784293734,2.610775303948418,-2.780568829905664,20.2
102,-2.5916893659313773,-1.51398050340118,-0.36583237834194227,-3.1745980361807176,2.5476885190860044,-2.8106136247864697,20.4
103,-2.6265959509712786,-1.5065543596951105,-0.32863606738928386,-3.1893783939320617,2.484601734223592,-2.8406584196672755,20.6
104,-2.661502536011181,-1.4991282159890402,-0.291439756436624,-3.204158751683406,2.4215149493611774,-2.8707032145480813,20.8
105,-2.696409121051082,-1.4917020722829708,-0.2542434454839657,-3.2189391094347504,2.3584281644987652,-2.900748009428887,21.0
106,-2.7313157060909843,-1.4842759285769007,-0.21704713453130609,-3.233719467186095,2.295341379636351,-2.9307928043096934,21.2
107,-2.7662222911308856,-1.476849784870831,-0.17985082357864723,-3.248499824937439,2.2322545947739383,-2.960837599190499,21.4
108,-2.8011288761707878,-1.4694236411647612,-0.14265451262598805,-3.263280182688784,2.169167809911525,-2.9908823940713054,21.6
109,-2.836035461210689,-1.4619974974586913,-0.10545820167332909,-3.278060540440128,2.1060810250491118,-3.0209271889521103,21.8
110,-2.870942046250591,-1.454571353752622,-0.06826189072067057,-3.2928408981914723,2.0429942401866996,-3.050971983832916,22.0
111,-2.9058486312904925,-1.447145210046552,-0.031065579768011164,-3.307621255942817,1.9799074553242857,-3.0810167787137224,22.2
112,-2.940755216330395,-1.439719066340482,0.0061307311846484636,-3.3224016136941614,1.9168206704618713,-3.1110615735945286,22.4
113,-2.9756618013702965,-1.4322929226344123,0.0433270421373072,-3.3371819714455055,1.8537338855994587,-3.1411063684753344,22.6
114,-3.0105683864101977,-1.4248667789283425,0.08052335308996594,-3.3519623291968497,1.790647100737046,-3.17115116335614,22.8
115,-3.0454749714500995,-1.4174406352222728,0.1177196640426248,-3.3667426869481942,1.727560315874633,-3.2011959582369456,23.0
116,-3.080381556490001,-1.410014491516203,0.15491597499528398,-3.381523044699539,1.6644735310122198,-3.231240753117752,23.2
117,-3.1152881415299034,-1.402588347810133,0.19211228594794338,-3.396303402450883,1.6013867461498057,-3.261285547998558,23.4
118,-3.150194726569805,-1.3951622041040634,0.22930859690060212,-3.411083760202228,1.5382999612873929,-3.2913303428793634,23.6
119,-3.1851013116097064,-1.3877360603979936,0.266504907853261,-3.4258641179535716,1.47521317642498,-3.3213751377601692,23.8
120,-3.2200078966496077,-1.380309916691924,0.3037012188059197,-3.440644475704916,1.4121263915625675,-3.3514199326409746,24.0
121,-3.2549144816895104,-1.3728837729858538,0.34089752975857956,-3.455424833456261,1.3490396067001524,-3.381464727521781,24.2
122,-3.289821066729412,-1.3654576292797842,0.3780938407112384,-3.4702051912076053,1.2859528218377396,-3.4115095224025866,24.4
123,-3.3247276517693134,-1.3580314855737146,0.41529015166389716,-3.4849855489589494,1.222866036975327,-3.4415543172833925,24.6
124,-3.3596342368092147,-1.3506053418676447,0.4524864626165559,-3.4997659067102935,1.1597792521129144,-3.4715991121641983,24.8
125,-3.394540821849117,-1.3431791981615748,0.4896827735692153,-3.5145462644616385,1.0966924672505,-3.5016439070450045,25.0
126,-3.4294474068890195,-1.335753054455505,0.526879084521875,-3.5293266222129827,1.0336056823880861,-3.5316887019258107,25.2
127,-3.464353991928921,-1.328326910749435,0.5640753954745338,-3.544106979964327,0.9705188975256734,-3.5617334968066166,25.4
128,-3.4992605769688216,-1.3209007670433655,0.6012717064271922,-3.5588873377156713,0.9074321126632615,-3.5917782916874215,25.6
129,-3.5341671620087234,-1.3134746233372958,0.6384680173798507,-3.5736676954670155,0.8443453278008488,-3.6218230865682273,25.8
130,-3.569073747048625,-1.306048479631226,0.6756643283325103,-3.58844805321836,0.7812585429384347,-3.651867881449033,26.0
131,-3.6039803320885277,-1.298622335925156,0.71286063928517,-3.6032284109697046,0.7181717580760205,-3.6819126763298398,26.2
132,-3.6388869171284295,-1.2911961922190862,0.7500569502378288,-3.618008768721049,0.6550849732136078,-3.7119574712106456,26.4
133,-3.673793502168331,-1.2837700485130163,0.7872532611904873,-3.632789126472393,0.5919981883511949,-3.7420022660914514,26.6
134,-3.708700087208232,-1.2763439048069465,0.8244495721431465,-3.6475694842237374,0.5289114034887816,-3.7720470609722567,26.8
135,-3.743606672248134,-1.268917761100877,0.8616458830958054,-3.662349841975082,0.4658246186263689,-3.8020918558530625,27.0
136,-3.7785132572880364,-1.261491617394807,0.898842194048465,-3.6771301997264265,0.4027378337639548,-3.8321366507338688,27.2
137,-3.8134198423279377,-1.2540654736887373,0.9360385050011235,-3.6919105574777706,0.3396510489015421,-3.862181445614674,27.4
138,-3.848326427367839,-1.2466393299826675,0.9732348159537823,-3.7066909152291148,0.27656426403912937,-3.89222624049548,27.6
139,-3.883233012407741,-1.2392131862765976,1.0104311269064419,-3.7214712729804598,0.21347747917671522,-3.9222710353762866,27.8
140,-3.9181395974476425,-1.231787042570528,1.0476274378591008,-3.736251630731804,0.15039069431430252,-3.952315830257092,28.0
141,-3.9530461824875447,-1.224360898864458,1.08482374881176,-3.751031988483148,0.08730390945188904,-3.982360625137898,28.2
142,-3.987952767527446,-1.2169347551583884,1.1220200597644185,-3.7658123462344926,0.024217124589476224,-4.012405420018704,28.4
143,-4.022859352567347,-1.2095086114523186,1.1592163707170773,-3.7805927039858367,-0.03886966027293637,-4.042450214899509,28.6
144,-4.0577659376072495,-1.2020824677462487,1.196412681669737,-3.7953730617371813,-0.10195644513535052,-4.072495009780315,28.8
145,-4.092672522647152,-1.194656324040179,1.2336089926223957,-3.8101534194885254,-0.16504322999776333,-4.102539804661121,29.0
146,-4.127579107687054,-1.187230180334109,1.270805303575055,-3.8249337772398704,-0.22813001486017748,-4.132584599541928,29.2
147,-4.162485692726954,-1.1798040366280393,1.3080016145277136,-3.8397141349912145,-0.2912167997225896,-4.162629394422733,29.4
148,-4.197392277766857,-1.1723778929219697,1.3451979254803732,-3.8544944927425586,-0.35430358458500355,-4.192674189303539,29.6
149,-4.232298862806758,-1.1649517492158998,1.382394236433032,-3.869274850493903,-0.41739036944741637,-4.222718984184345,29.8
150,-4.26720544784666,-1.1575256055098302,1.4195905473856905,-3.8840552082452473,-0.48047715430982896,-4.252763779065151,30.0
151,-4.302112032886562,-1.15009946180376,1.45678685833835,-3.898835565996592,-0.5435639391722431,-4.282808573945957,30.2
152,-4.337018617926463,-1.1426733180976905,1.4939831692910088,-3.9136159237479364,-0.6066507240346559,-4.312853368826762,30.4
153,-4.3719252029663656,-1.1352471743916206,1.5311794802436682,-3.9283962814992806,-0.6697375088970693,-4.342898163707567,30.6
154,-4.406831788006267,-1.127821030685551,1.5683757911963268,-3.943176639250625,-0.7328242937594822,-4.372942958588374,30.8
155,-4.441738373046168,-1.120394886979481,1.6055721021489855,-3.9579569970019692,-0.7959110786218948,-4.402987753469179,31.0
156,-4.47664495808607,-1.1129687432734112,1.6427684131016451,-3.972737354753314,-0.858997863484309,-4.433032548349986,31.2
157,-4.5115515431259725,-1.1055425995673414,1.6799647240543047,-3.9875177125046584,-0.9220846483467231,-4.463077343230792,31.4
158,-4.546458128165874,-1.0981164558612715,1.7171610350069633,-4.0022980702560025,-0.9851714332091357,-4.493122138111597,31.6
159,-4.581364713205775,-1.090690312155202,1.754357345959622,-4.0170784280073475,-1.0482582180715485,-4.523166932992403,31.8
160,-4.616271298245677,-1.0832641684491322,1.7915536569122805,-4.031858785758691,-1.1113450029339607,-4.553211727873208,32.0
161,-4.651177883285517,-1.0758380247430752,1.8287499678648749,-4.04663914351001,-1.1744317877962638,-4.5832565227539614,32.2
162,-4.683831779739255,-1.06889112554479,1.8635458232864444,-4.060465654210208,-1.2334472812380208,-4.611362383579079,32.4
163,-4.710978944213771,-1.0631157469344326,1.8924737281537578,-4.071960471088149,-1.282510440033721,-4.634728490211968,32.6
164,-4.732588961599673,-1.058516257986137,1.9155143872823088,-4.081108940748471,-1.3215956206987962,-4.653333176866714,32.8
165,-4.746244088381936,-1.0546874918388693,1.9358299300971031,-4.086110745859351,-1.3591647181319515,-4.667070148186726,33.0
166,-4.749900130531435,-1.0514336585141917,1.9551779364341693,-4.0855676842856665,-1.4003240379616186,-4.675534323953285,33.2
167,-4.743556515792204,-1.048931882545408,1.9724531785168615,-4.079629000710601,-1.4426025664567654,-4.678345093634976,33.4
168,-4.727214151831762,-1.0473615430328906,1.9865359706942163,-4.068446736441139,-1.4834961097980708,-4.675117602624921,33.6
169,-4.701610894072399,-1.0469197126298881,1.9960030773723711,-4.052632327220274,-1.5193976666977844,-4.665726614017022,33.8
170,-4.670311465045726,-1.0476436188818297,1.9996879750752965,-4.0343670890011625,-1.5456476185899428,-4.651531787636434,34.0
171,-4.635582848505507,-1.0491765882888702,1.9992224464481645,-4.014717007065941,-1.5645902412309802,-4.634214606269382,34.2
172,-4.600676263465655,-1.0507499106787894,1.9985517274944054,-3.9949936727056343,-1.5831764551012215,-4.616738893582837,34.4
173,-4.565769678425802,-1.052323233068709,1.9978810085406462,-3.975270338345328,-1.6017626689714626,-4.5992631808962905,34.6
174,-4.530863093385948,-1.0538965554586286,1.997210289586887,-3.95554700398502,-1.6203488828417052,-4.581787468209743,34.8
175,-4.4959565083460955,-1.0554698778485478,1.996539570633128,-3.9358236696247135,-1.6389350967119465,-4.564311755523197,35.0
176,-4.461049923306243,-1.057043200238467,1.9958688516793688,-3.9161003352644066,-1.6575213105821875,-4.546836042836651,35.2
177,-4.426143338266391,-1.0586165226283868,1.9951981327256096,-3.8963770009041,-1.6761075244524286,-4.529360330150105,35.4
178,-4.391236753226536,-1.0601898450183063,1.9945274137718505,-3.8766536665437923,-1.694693738322671,-4.511884617463559,35.6
179,-4.356330168186684,-1.0617631674082255,1.9938566948180914,-3.856930332183486,-1.7132799521929123,-4.494408904777012,35.8
180,-4.321423583146832,-1.063336489798145,1.9931859758643322,-3.8372069978231793,-1.7318661660631536,-4.476933192090466,36.0
181,-4.286516998106977,-1.0649098121880645,1.992515256910573,-3.8174836634628715,-1.7504523799333962,-4.45945747940392,36.2
182,-4.251610413067125,-1.066483134577984,1.9918445379568142,-3.797760329102565,-1.7690385938036373,-4.441981766717373,36.4
183,-4.216703828027274,-1.0680564569679034,1.991173819003055,-3.7780369947422585,-1.7876248076738785,-4.424506054030828,36.6
184,-4.181797242987418,-1.0696297793578229,1.9905031000492959,-3.7583136603819502,-1.806211021544121,-4.407030341344281,36.8
185,-4.146890657947567,-1.0712031017477424,1.9898323810955367,-3.7385903260216438,-1.8247972354143625,-4.389554628657734,37.0
186,-4.111984072907715,-1.0727764241376616,1.9891616621417776,-3.7188669916613373,-1.8433834492846035,-4.372078915971189,37.2
187,-4.077077487867863,-1.074349746527581,1.9884909431880184,-3.699143657301031,-1.8619696631548448,-4.354603203284643,37.4
188,-4.042170902828008,-1.0759230689175006,1.9878202242342593,-3.679420322940723,-1.8805558770250872,-4.337127490598095,37.6
189,-4.007264317788156,-1.07749639130742,1.9871495052805004,-3.6596969885804165,-1.8991420908953283,-4.31965177791155,37.8
190,-3.9723577327483035,-1.0790697136973395,1.9864787863267412,-3.63997365422011,-1.9177283047655695,-4.302176065225004,38.0
191,-3.937451147708449,-1.080643036087259,1.985808067372982,-3.620250319859802,-1.936314518635812,-4.284700352538457,38.2
192,-3.902544562668597,-1.0822163584771785,1.985137348419223,-3.6005269854994957,-1.9549007325060535,-4.267224639851912,38.4
193,-3.8676379776287444,-1.0837896808670977,1.9844666294654638,-3.580803651139189,-1.9734869463762945,-4.249748927165365,38.6
194,-3.83273139258889,-1.0853630032570174,1.9837959105117047,-3.561080316778881,-1.9920731602465371,-4.232273214478818,38.8
195,-3.7978248075490373,-1.0869363256469367,1.9831251915579458,-3.5413569824185744,-2.010659374116778,-4.214797501792272,39.0
196,-3.762918222509186,-1.0885096480368561,1.9824544726041868,-3.521633648058268,-2.0292455879870195,-4.197321789105726,39.2
197,-3.7280116374693306,-1.0900829704267756,1.9817837536504275,-3.5019103136979597,-2.047831801857262,-4.179846076419179,39.4
198,-3.693105052429479,-1.091656292816695,1.9811130346966686,-3.4821869793376536,-2.0664180157275034,-4.1623703637326335,39.6
199,-3.6581984673896266,-1.0932296152066145,1.9804423157429092,-3.4624636449773467,-2.085004229597744,-4.144894651046087,39.8
200,-3.623291882349774,-1.0948029375965338,1.97977159678915,-3.4427403106170402,-2.1035904434679855,-4.127418938359542,40.0
201,-3.5883852973099195,-1.0963762599864535,1.979100877835391,-3.4230169762567324,-2.122176657338228,-4.109943225672994,40.2
202,-3.5534787122700675,-1.0979495823763727,1.9784301588816318,-3.403293641896426,-2.140762871208469,-4.092467512986448,40.4
203,-3.5185721272302155,-1.0995229047662922,1.9777594399278726,-3.3835703075361194,-2.1593490850787105,-4.074991800299903,40.6
204,-3.483665542190361,-1.1010962271562117,1.9770887209741135,-3.3638469731758116,-2.177935298948953,-4.057516087613355,40.8
205,-3.448758957150509,-1.1026695495461312,1.9764180020203546,-3.344123638815505,-2.1965215128191944,-4.04004037492681,41.0
206,-3.413852372110657,-1.1042428719360506,1.9757472830665954,-3.3244003044551986,-2.2151077266894355,-4.0225646622402635,41.2
207,-3.378945787070802,-1.1058161943259701,1.9750765641128363,-3.3046769700948904,-2.233693940559678,-4.005088949553716,41.4
208,-3.3440392020309497,-1.1073895167158896,1.9744058451590771,-3.284953635734584,-2.2522801544299194,-3.987613236867171,41.6
209,-3.309132616991098,-1.1089628391058088,1.9737351262053182,-3.2652303013742774,-2.2708663683001604,-3.970137524180625,41.8
210,-3.2742260319512457,-1.1105361614957285,1.973064407251559,-3.245506967013971,-2.2894525821704015,-3.952661811494079,42.0
211,-3.2393194469113915,-1.1121094838856478,1.9723936882978,-3.225783632653663,-2.308038796040644,-3.935186098807532,42.2
212,-3.204412861871539,-1.1136828062755673,1.9717229693440408,-3.2060602982933566,-2.3266250099108854,-3.9177103861209863,42.4
213,-3.1695062768316866,-1.1152561286654867,1.9710522503902816,-3.18633696393305,-2.3452112237811265,-3.90023467343444,42.6
214,-3.134599691791832,-1.1168294510554062,1.9703815314365223,-3.166613629572742,-2.363797437651369,-3.8827589607478927,42.8
215,-3.09969310675198,-1.1184027734453257,1.9697108124827634,-3.146890295212436,-2.38238365152161,-3.8652832480613473,43.0
216,-3.0647865217121275,-1.119976095835245,1.9690400935290042,-3.127166960852129,-2.4009698653918514,-3.847807535374801,43.2
217,-3.0298799366722733,-1.1215494182251646,1.968369374575245,-3.1074436264918215,-2.419556079262094,-3.830331822688254,43.4
218,-2.9949733516324204,-1.1231227406150839,1.967698655621486,-3.0877202921315146,-2.4381422931323353,-3.8128561100017078,43.6
219,-2.9600667665925693,-1.1246960630050036,1.967027936667727,-3.0679969577712085,-2.4567285070025764,-3.7953803973151627,43.8
220,-2.925160181552717,-1.1262693853949228,1.9663572177139677,-3.0482736234109016,-2.4753147208728175,-3.777904684628616,44.0
221,-2.8902535965128626,-1.1278427077848423,1.965686498760209,-3.0285502890505938,-2.49390093474306,-3.760428971942069,44.2
222,-2.8553470114730097,-1.1294160301747618,1.9650157798064496,-3.008826954690287,-2.5124871486133014,-3.7429532592555232,44.4
223,-2.8204404264331577,-1.1309893525646812,1.9643450608526907,-2.9891036203299803,-2.5310733624835424,-3.7254775465689773,44.6
224,-2.785533841393303,-1.1325626749546007,1.9636743418989315,-2.9693802859696725,-2.5496595763537853,-3.70800183388243,44.8
225,-2.750627256353451,-1.13413599734452,1.9630036229451724,-2.949656951609366,-2.568245790224026,-3.6905261211958846,45.0
226,-2.715720671313599,-1.1357093197344394,1.9623329039914132,-2.9299336172490595,-2.5868320040942674,-3.6730504085093383,45.2
227,-2.6808140862737444,-1.137282642124359,1.961662185037654,-2.9102102828887517,-2.60541821796451,-3.6555746958227915,45.4
228,-2.645907501233892,-1.1388559645142784,1.960991466083895,-2.8904869485284452,-2.6240044318347513,-3.6380989831362456,45.6
229,-2.6110009161940377,-1.1404292869041979,1.9603207471301358,-2.870763614168137,-2.6425906457049937,-3.6206232704496983,45.8
230,-2.5760943311541853,-1.1420026092941173,1.9596500281763767,-2.8510402798078305,-2.6611768595752348,-3.603147557763153,46.0
231,-2.5411877461143333,-1.1435759316840368,1.9589793092226175,-2.8313169454475244,-2.679763073445476,-3.5856718450766065,46.2
232,-2.5062811610744813,-1.145149254073956,1.9583085902688584,-2.811593611087218,-2.6983492873157173,-3.568196132390061,46.4
233,-2.471374576034629,-1.1467225764638755,1.9576378713150993,-2.791870276726911,-2.7169355011859584,-3.5507204197035147,46.6
234,-2.4364679909947746,-1.1482958988537952,1.9569671523613406,-2.772146942366603,-2.7355217150562012,-3.533244707016968,46.8
235,-2.4015614059549217,-1.1498692212437145,1.956296433407581,-2.7524236080062963,-2.754107928926442,-3.515768994330422,47.0
236,-2.366654820915068,-1.151442543633634,1.9556257144538223,-2.732700273645989,-2.772694142796685,-3.498293281643875,47.2
237,-2.331748235875215,-1.1530158660235534,1.9549549955000627,-2.712976939285682,-2.7912803566669258,-3.4808175689573284,47.4
238,-2.296841650835363,-1.154589188413473,1.954284276546304,-2.693253604925376,-2.8098665705371673,-3.4633418562707834,47.6
239,-2.261935065795511,-1.1561625108033922,1.9536135575925446,-2.673530270565069,-2.828452784407408,-3.445866143584237,47.8
240,-2.2270284807556595,-1.1577358331933119,1.9529428386387857,-2.653806936204763,-2.8470389982776494,-3.428390430897692,48.0
241,-2.1921218957158044,-1.159309155583231,1.9522721196850263,-2.6340836018444547,-2.865625212147892,-3.410914718211144,48.2
242,-2.1572153106759524,-1.1608824779731508,1.9516014007312674,-2.6143602674841486,-2.8842114260181333,-3.3934390055245984,48.4
243,-2.1223087256360973,-1.16245580036307,1.950930681777508,-2.59463693312384,-2.9027976398883757,-3.375963292838051,48.6
244,-2.0874021405962453,-1.1640291227529895,1.9502599628237491,-2.5749135987635334,-2.9213838537586168,-3.3584875801515053,48.8
245,-2.0524955555563933,-1.165602445142909,1.94958924386999,-2.555190264403227,-2.9399700676288583,-3.3410118674649594,49.0
246,-2.0175889705165413,-1.1671757675328283,1.9489185249162309,-2.5354669300429205,-2.9585562814990993,-3.3235361547784135,49.2
247,-1.9826823854766862,-1.168749089922748,1.948247805962472,-2.5157435956826126,-2.9771424953693417,-3.3060604420918662,49.4
248,-1.9477758004368346,-1.1703224123126672,1.9475770870087128,-2.496020261322306,-2.9957287092395832,-3.2885847294053203,49.6
249,-1.9128692153969822,-1.1718957347025867,1.9469063680549539,-2.4762969269619997,-3.014314923109824,-3.271109016718775,49.8
250,-1.8779626303571277,-1.1734690570925062,1.9462356491011947,-2.456573592601692,-3.0329011369800667,-3.2536333040322276,50.0
251,-1.8430560453172755,-1.1750423794824258,1.9455649301474356,-2.4368502582413853,-3.0514873508503078,-3.2361575913456813,50.2
252,-1.8081494602774209,-1.176615701872345,1.9448942111936764,-2.4171269238810775,-3.0700735647205506,-3.2186818786591345,50.4
253,-1.7732428752375688,-1.1781890242622646,1.9442234922399173,-2.397403589520771,-3.088659778590791,-3.2012061659725886,50.6
254,-1.738336290197716,-1.179762346652184,1.943552773286158,-2.377680255160464,-3.1072459924610327,-3.183730453286042,50.8
255,-1.7034297051578646,-1.1813356690421035,1.942882054332399,-2.357956920800158,-3.1258322063312742,-3.166254740599497,51.0
256,-1.6685231201180124,-1.1829089914320228,1.9422113353786399,-2.3382335864398516,-3.1444184202015153,-3.1487790279129513,51.2
257,-1.633616535078158,-1.1844823138219422,1.9415406164248807,-2.3185102520795438,-3.1630046340717577,-3.131303315226404,51.4
258,-1.5987099500383057,-1.186055636211862,1.9408698974711216,-2.2987869177192373,-3.1815908479419983,-3.1138276025398586,51.6
259,-1.5638033649984506,-1.1876289586017812,1.9401991785173625,-2.279063583358929,-3.2001770618122416,-3.0963518898533104,51.8
260,-1.5288967799585982,-1.1892022809917007,1.9395284595636033,-2.2593402489986225,-3.2187632756824827,-3.078876177166765,52.0
261,-1.4939901949187462,-1.1907756033816201,1.9388577406098442,-2.239616914638316,-3.237349489552724,-3.0614004644802186,52.2
262,-1.4590836098788944,-1.1923489257715396,1.9381870216560853,-2.2198935802780095,-3.2559357034229652,-3.043924751793673,52.4
263,-1.4241770248390422,-1.1939222481614589,1.937516302702326,-2.200170245917703,-3.2745219172932063,-3.0264490391071273,52.6
264,-1.3892704397991875,-1.1954955705513786,1.936845583748567,-2.180446911557395,-3.293108131163449,-3.00897332642058,52.8
265,-1.3543638547593355,-1.197068892941298,1.9361748647948078,-2.1607235771970883,-3.3116943450336898,-2.9914976137340346,53.0
266,-1.3194572697194809,-1.1986422153312175,1.935504145841049,-2.1410002428367805,-3.330280558903933,-2.974021901047487,53.2
267,-1.2845506846796284,-1.2002155377211368,1.9348334268872898,-2.121276908476474,-3.3488667727741737,-2.9565461883609414,53.4
268,-1.2496440996397766,-1.2017888601110562,1.9341627079335306,-2.1015535741161675,-3.367452986644415,-2.9390704756743955,53.6
269,-1.2147375145999244,-1.2033621825009755,1.9334919889797715,-2.081830239755861,-3.386039200514656,-2.9215947629878496,53.8
270,-1.1798309295600724,-1.2049355048908952,1.9328212700260123,-2.0621069053955545,-3.404625414384897,-2.9041190503013037,54.0
271,-1.1449243445202177,-1.2065088272808147,1.9321505510722532,-2.0423835710352467,-3.4232116282551397,-2.886643337614757,54.2
272,-1.110017759480363,-1.2080821496707341,1.931479832118494,-2.022660236674939,-3.4417978421253825,-2.869167624928209,54.4
273,-1.075111174440511,-1.2096554720606534,1.930809113164735,-2.0029369023146324,-3.4603840559956236,-2.8516919122416633,54.6
274,-1.0402045894006589,-1.211228794450573,1.9301383942109758,-1.9832135679543257,-3.4789702698658647,-2.834216199555118,54.8
275,-1.0052980043608069,-1.2128021168404923,1.9294676752572166,-1.9634902335940192,-3.4975564837361057,-2.8167404868685715,55.0
276,-0.970391419320952,-1.2143754392304118,1.9287969563034575,-1.9437668992337112,-3.516142697606348,-2.7992647741820247,55.2
277,-0.9354848342811001,-1.2159487616203313,1.9281262373496983,-1.9240435648734047,-3.5347289114765896,-2.7817890614954788,55.4
278,-0.9005782492412481,-1.2175220840102505,1.9274555183959392,-1.9043202305130982,-3.5533151253468307,-2.7643133488089333,55.6
279,-0.8656716642013932,-1.2190954064001702,1.9267847994421803,-1.8845968961527904,-3.5719013392170735,-2.746837636122386,55.8
280,-0.8307650791615404,-1.2206687287900897,1.9261140804884211,-1.8648735617924834,-3.5904875530873146,-2.7293619234358397,56.0
281,-0.7958584941216884,-1.2222420511800092,1.925443361534662,-1.845150227432177,-3.609073766957556,-2.711886210749294,56.2
282,-0.7609519090818336,-1.2238153735699286,1.9247726425809029,-1.8254268930718691,-3.6276599808277985,-2.6944104980627466,56.4
283,-0.7260453240419816,-1.225388695959848,1.924101923627144,-1.8057035587115626,-3.6462461946980396,-2.6769347853762007,56.6
284,-0.6911387390021296,-1.2269620183497674,1.9234312046733848,-1.7859802243512561,-3.664832408568281,-2.659459072689655,56.8
285,-0.6562321539622774,-1.2285353407396866,1.9227604857196257,-1.7662568899909497,-3.6834186224385217,-2.641983360003109,57.0
286,-0.6213255689224229,-1.2301086631296063,1.9220897667658665,-1.7465335556306416,-3.702004836308764,-2.624507647316562,57.2
287,-0.5864189838825706,-1.2316819855195258,1.9214190478121074,-1.7268102212703351,-3.7205910501790056,-2.607031934630016,57.4
288,-0.5515123988427186,-1.2332553079094453,1.9207483288583482,-1.7070868869100286,-3.7391772640492467,-2.5895562219434707,57.6
289,-0.5166058138028641,-1.2348286302993645,1.920077609904589,-1.6873635525497206,-3.7577634779194895,-2.572080509256923,57.8
290,-0.48169922876301186,-1.2364019526892842,1.91940689095083,-1.667640218189414,-3.7763496917897306,-2.554604796570377,58.0
291,-0.44679264372315985,-1.2379752750792035,1.9187361719970708,-1.6479168838291076,-3.794935905659972,-2.5371290838838316,58.2
292,-0.4118860586833051,-1.239548597469123,1.9180654530433117,-1.6281935494687998,-3.8135221195302145,-2.5196533711972844,58.4
293,-0.3769794736434531,-1.2411219198590424,1.917394734089553,-1.6084702151084933,-3.8321083334004555,-2.5021776585107385,58.6
294,-0.3420728886036011,-1.2426952422489619,1.9167240151357938,-1.5887468807481868,-3.8506945472706966,-2.4847019458241926,58.8
295,-0.30716630356374885,-1.2442685646388814,1.9160532961820347,-1.5690235463878803,-3.8692807611409377,-2.4672262331376467,59.0
296,-0.2722597185238943,-1.2458418870288008,1.9153825772282755,-1.5493002120275725,-3.88786697501118,-2.4497505204511,59.2
297,-0.23735313348404208,-1.2474152094187203,1.9147118582745164,-1.529576877667266,-3.9064531888814216,-2.4322748077645535,59.4
298,-0.20244654844419008,-1.2489885318086396,1.9140411393207573,-1.5098535433069595,-3.9250394027516626,-2.414799095078008,59.6
299,-0.1675399634043353,-1.250561854198559,1.9133704203669981,-1.4901302089466513,-3.943625616621905,-2.397323382391461,59.8
300,-0.13263337836448275,-1.2521351765884787,1.912699701413239,-1.4704068745863443,-3.9622118304921465,-2.3798476697049145,60.0
301,-0.09772679332463052,-1.253708498978398,1.9120289824594798,-1.4506835402260378,-3.980798044362388,-2.362371957018369,60.2
302,-0.06282020828477597,-1.2552818213683175,1.9113582635057207,-1.43096020586573,-3.9993842582326304,-2.3448962443318218,60.4
303,-0.02791362324492397,-1.256855143758237,1.9106875445519618,-1.4112368715054235,-4.0179704721028715,-2.3274205316452754,60.6
304,0.006992961794928254,-1.2584284661481562,1.9100168255982026,-1.391513537145117,-4.036556685973113,-2.30994481895873,60.8
305,0.041899546834780255,-1.2600017885380759,1.9093461066444435,-1.3717902027848106,-4.055142899843354,-2.292469106272184,61.0
306,0.07680613187463503,-1.2615751109279953,1.9086753876906843,-1.3520668684245027,-4.073729113713596,-2.274993393585637,61.2
307,0.11171271691448714,-1.2631484333179146,1.9080046687369252,-1.3323435340641963,-4.0923153275838375,-2.257517680899091,61.4
308,0.14661930195433925,-1.264721755707834,1.907333949783166,-1.3126201997038898,-4.110901541454079,-2.240041968212545,61.6
309,0.1815258869941938,-1.2662950780977535,1.906663230829407,-1.2928968653435817,-4.129487755324321,-2.222566255525998,61.8
310,0.21643247203404592,-1.2678684004876728,1.9059925118756478,-1.2731735309832752,-4.148073969194563,-2.2050905428394523,62.0
311,0.2513390570738979,-1.2694417228775925,1.9053217929218886,-1.2534501966229687,-4.166660183064804,-2.1876148301529064,62.2
312,0.2862456421137528,-1.271015045267512,1.9046510739681295,-1.2337268622626607,-4.185246396935046,-2.170139117466359,62.4
313,0.3211522271536048,-1.2725883676574314,1.9039803550143706,-1.2140035279023542,-4.2038326108052875,-2.152663404779813,62.6
314,0.3560588121934569,-1.2741616900473507,1.9033096360606114,-1.1942801935420477,-4.222418824675529,-2.1351876920932673,62.8
315,0.3909653972333087,-1.2757350124372702,1.9026389171068523,-1.1745568591817412,-4.24100503854577,-2.117711979406722,63.0
316,0.4258719822731636,-1.2773083348271896,1.9019681981530931,-1.1548335248214334,-4.259591252416013,-2.1002362667201746,63.2
317,0.4607785673130156,-1.2788816572171091,1.901297479199334,-1.135110190461127,-4.2781774662862535,-2.0827605540336287,63.4
318,0.4956851523528677,-1.2804549796070286,1.9006267602455749,-1.1153868561008204,-4.296763680156494,-2.065284841347083,63.6
319,0.5305917373927225,-1.282028301996948,1.8999560412918157,-1.0956635217405124,-4.315349894026737,-2.0478091286605355,63.8
320,0.5654983224325751,-1.2836016243868675,1.8992853223380566,-1.0759401873802057,-4.333936107896978,-2.030333415973989,64.0
321,0.600404907472552,-1.2851749467767926,1.8986146033842952,-1.0562168530198286,-4.352522321767286,-2.012857703287381,64.2
322,0.6353114925125295,-1.2867482691667176,1.8979438844305339,-1.0364935186594513,-4.371108535637593,-1.9953819906007726,64.4
323,0.6702180775525071,-1.2883215915566426,1.8972731654767723,-1.016770184299074,-4.389694749507902,-1.9779062779141638,64.6
324,0.7051246625924812,-1.2898949139465674,1.896602446523011,-0.9970468499386984,-4.408280963378209,-1.9604305652275569,64.8
325,0.7400312476324588,-1.2914682363364927,1.8959317275692493,-0.9773235155783211,-4.426867177248516,-1.9429548525409484,65.0
326,0.7749378326724362,-1.2930415587264177,1.8952610086154877,-0.9576001812179437,-4.445453391118825,-1.9254791398543396,65.2
327,0.8098444177124129,-1.2946148811163427,1.8945902896617264,-0.9378768468575667,-4.464039604989131,-1.9080034271677313,65.4
328,0.8447510027523905,-1.2961882035062677,1.8939195707079648,-0.9181535124971894,-4.4826258188594394,-1.8905277144811228,65.6
329,0.8796575877923654,-1.2977615258961928,1.8932488517542032,-0.8984301781368136,-4.501212032729746,-1.8730520017945151,65.8
330,0.9145641728323421,-1.2993348482861176,1.8925781328004418,-0.8787068437764365,-4.519798246600054,-1.855576289107907,66.0
331,0.9494707578723196,-1.3009081706760428,1.8919074138466803,-0.8589835094160592,-4.538384460470361,-1.8381005764212983,66.2
332,0.9843773429122971,-1.3024814930659678,1.8912366948929187,-0.8392601750556818,-4.55697067434067,-1.8206248637346896,66.4
333,1.019283927952274,-1.304054815455893,1.8905659759391573,-0.8195368406953049,-4.575556888210977,-1.8031491510480815,66.6
334,1.0541905129922489,-1.3056281378458177,1.8898952569853957,-0.799813506334929,-4.594143102081284,-1.785673438361474,66.8
335,1.0890970980322263,-1.307201460235743,1.8892245380316344,-0.7800901719745517,-4.612729315951592,-1.7681977256748656,67.0
336,1.1240036830722038,-1.308774782625668,1.8885538190778728,-0.7603668376141742,-4.6313155298219,-1.7507220129882568,67.2
337,1.1589102681121808,-1.3103481050155932,1.8878831001241112,-0.7406435032537974,-4.649901743692207,-1.7332463003016485,67.4
338,1.1938168531521582,-1.311921427405518,1.8872123811703498,-0.7209201688934199,-4.668487957562515,-1.71577058761504,67.6
339,1.228723438192133,-1.313494749795443,1.8865416622165885,-0.701196834533044,-4.687074171432823,-1.6982948749284326,67.8
340,1.26363002323211,-1.315068072185368,1.885870943262827,-0.6814735001726671,-4.705660385303129,-1.6808191622418243,68.0
341,1.2985366133001481,-1.3166575341072613,1.885018409264526,-0.6619505078471898,-4.723661893551257,-1.6631242337024976,68.2
342,1.333443208906107,-1.3184152732835315,1.8822701755487272,-0.6445164149151248,-4.735566924186867,-1.6431436672461741,68.4
343,1.3683498032460035,-1.3203654729021554,1.8773538066780249,-0.6294714264459578,-4.740499333646167,-1.6205489921340979,68.6
344,1.4032563988352427,-1.3225080640606492,1.8702700800919967,-0.6168146842917119,-4.738461623632959,-1.5953411445200736,68.8
345,1.4381629992134302,-1.3248636316959683,1.8607871009691148,-0.6068017150882334,-4.728708033439167,-1.5672405283358848,69.0
346,1.4725513926301104,-1.3274455555371965,1.8485009740803797,-0.6001813558773227,-4.709631708073264,-1.5360076024921367,69.2
347,1.5034077898610547,-1.3300923870557457,1.8337581131408685,-0.5983385856578503,-4.680555755513455,-1.50349904595665,69.4
348,1.5280039743224931,-1.3326410179953618,1.8170631433297684,-0.6023166435428976,-4.6414817856935695,-1.4716259385679984,69.6
349,1.5467956659809121,-1.3351186335971241,1.7983324514062342,-0.611940519065734,-4.5924117136535445,-1.4400698732734385,69.8
350,1.5684870921897804,-1.338045577008248,1.7759565640486352,-0.6238812567274866,-4.533342030262463,-1.402734263362768,70.0
351,1.5938506942024928,-1.3414680272924584,1.7497926273782376,-0.6378434607280276,-4.464272346871345,-1.3590780490798644,70.2
352,1.6228864720190517,-1.345385984449756,1.7198406413950396,-0.653827131067358,-4.385202663480182,-1.3091012304247243,70.4
353,1.655594425639462,-1.3497994484801414,1.6861006060990358,-0.671832267745481,-4.296132980088966,-1.2528038073973398,70.6
354,1.6904830704354552,-1.3545071651616256,1.6501110691042176,-0.6910378354601895,-4.201124879551958,-1.1927529458323858,70.8
355,1.7253896554753358,-1.3592173026188636,1.61410302577088,-0.7102532789545626,-4.106067924480619,-1.132671205249103,71.0
356,1.7602962405152165,-1.363927440076102,1.578094982437542,-0.7294687224489356,-4.01101096940928,-1.0725894646658203,71.2
357,1.795202825555096,-1.36863757753334,1.5420869391042056,-0.7486841659433081,-3.9159540143379448,-1.012507724082539,71.4
358,1.8301094105949767,-1.3733477149905782,1.506078895770868,-0.7678996094376813,-3.8208970592666063,-0.9524259834992561,71.6
359,1.8650159956348542,-1.378057852447816,1.4700708524375337,-0.7871150529320526,-3.7258401041952753,-0.8923442429159785,71.8
360,1.899922580674735,-1.3827679899050542,1.4340628091041958,-0.8063304964264257,-3.630783149123937,-0.8322625023326957,72.0
361,1.9348291657146155,-1.3874781273622925,1.398054765770858,-0.8255459399207987,-3.5357261940525984,-0.7721807617494127,72.2
362,1.9697357507544964,-1.3921882648195307,1.3620467224375206,-0.8447613834151719,-3.4406692389812603,-0.71209902116613,72.4
363,2.004642335794376,-1.396898402276769,1.326038679104184,-0.8639768269095445,-3.3456122839099245,-0.652017280582849,72.6
364,2.039548920834253,-1.4016085397340066,1.2900306357708493,-0.8831922704039158,-3.2505553288385935,-0.591935539999571,72.8
365,2.074455505874134,-1.4063186771912448,1.2540225924375115,-0.9024077138982889,-3.155498373767255,-0.5318537994162882,73.0
366,2.109362090914015,-1.411028814648483,1.2180145491041738,-0.9216231573926621,-3.060441418695917,-0.47177205883300555,73.2
367,2.144268675953896,-1.415738952105721,1.1820065057708364,-0.9408386008870351,-2.965384463624578,-0.4116903182497226,73.4
368,2.179175260993775,-1.4204490895629591,1.1459984624374995,-0.9600540443814076,-2.8703275085532423,-0.3516085776664414,73.6
369,2.214081846033654,-1.4251592270201972,1.109990419104164,-0.9792694878757796,-2.7752705534819095,-0.29152683708316207,73.8
370,2.248988431073533,-1.4298693644774352,1.0739823757708273,-0.998484931370152,-2.6802135984105733,-0.23144509649988088,74.0
371,2.283895016113414,-1.4345795019346734,1.03797433243749,-1.0177003748645252,-2.5851566433392352,-0.17136335591659813,74.2
372,2.318801601153295,-1.4392896393919117,1.001966289104152,-1.0369158183588982,-2.4900996882678967,-0.11128161533331515,74.4
373,2.3537081861931743,-1.4439997768491497,0.9659582457708156,-1.0561312618532708,-2.3950427331965605,-0.05119987475003418,74.6
374,2.388614771233053,-1.4487099143063877,0.92995020243748,-1.0753467053476429,-2.2999857781252278,0.008881865833245461,74.8
375,2.423521356272933,-1.4534200517636258,0.8939421591041432,-1.0945621488420154,-2.204928823053892,0.06896360641652644,75.0
376,2.458427941312813,-1.458130189220864,0.8579341157708058,-1.1137775923363882,-2.1098718679825534,0.12904534699980919,75.2
377,2.493334526352694,-1.4628403266781023,0.821926072437468,-1.1329930358307614,-2.0148149129112145,0.18912708758309216,75.4
378,2.528241111392574,-1.4675504641353403,0.785918029104131,-1.1522084793251341,-1.9197579578398785,0.24920882816637357,75.6
379,2.563147696432452,-1.4722606015925783,0.7499099857707957,-1.171423922819506,-1.824701002768546,0.30929056874965277,75.8
380,2.598054281472332,-1.4769707390498161,0.7139019424374587,-1.1906393663138786,-1.7296440476972095,0.36937230933293397,76.0
381,2.6329608665122124,-1.4816808765070544,0.6778938991041215,-1.2098548098082516,-1.6345870926258717,0.4294540499162167,76.2
382,2.667867451552093,-1.4863910139642926,0.6418858557707837,-1.2290702533026248,-1.539530137554533,0.4895357904994996,76.4
383,2.7027740365919737,-1.4911011514215309,0.6058778124374464,-1.2482856967969977,-1.444473182483195,0.5496175310827821,76.6
384,2.7376806216318537,-1.495811288878769,0.5698697691041095,-1.2675011402913703,-1.3494162274118586,0.6096992716660635,76.8
385,2.772587206671731,-1.5005214263360067,0.5338617257707748,-1.2867165837857417,-1.2543592723405288,0.6697810122493411,77.0
386,2.807493791711612,-1.505231563793245,0.4978536824374372,-1.3059320272801147,-1.1593023172691896,0.7298627528326239,77.2
387,2.8424003767514923,-1.5099417012504832,0.46184563910409937,-1.325147470774488,-1.0642453621978512,0.7899444934159071,77.4
388,2.8773069617913727,-1.5146518387077212,0.42583759577076197,-1.344362914268861,-0.9691884071265127,0.8500262339991898,77.6
389,2.9122135468312527,-1.5193619761649595,0.38982955243742523,-1.3635783577632334,-0.8741314520551768,0.9101079745824711,77.8
390,2.9471201318711313,-1.5240721136221973,0.3538215091040896,-1.3827938012576053,-0.7790744969838439,0.9701897151657501,78.0
391,2.982026716911011,-1.5287822510794356,0.317813465770753,-1.402009244751978,-0.6840175419125081,1.0302714557490313,78.2
392,3.0169333019508913,-1.5334923885366738,0.28180542243741546,-1.421224688246351,-0.58896058684117,1.0903531963323139,78.4
393,3.051839886990772,-1.538202525993912,0.24579737910407784,-1.4404401317407243,-0.4939036317698311,1.150434936915597,78.6
394,3.0867464720306517,-1.5429126634511499,0.2097893357707411,-1.4596555752350966,-0.3988466766984953,1.2105166774988783,78.8
395,3.1216530570705308,-1.5476228009083879,0.1737812924374056,-1.4788710187294687,-0.30378972162716256,1.270598418082158,79.0
396,3.1565596421104103,-1.552332938365626,0.13777324910406874,-1.4980864622238412,-0.20873276655582584,1.3306801586654387,79.2
397,3.1914662271502907,-1.5570430758228642,0.10176520577073112,-1.5173019057182142,-0.1136758114844878,1.3907618992487218,79.4
398,3.226372812190171,-1.5617532132801024,0.06575716243739338,-1.5365173492125872,-0.018618856413148865,1.4508436398320046,79.6
399,3.261279397230052,-1.5664633507373407,0.029749119104055977,-1.5557327927069604,0.07643809865818918,1.5109253804152871,79.8
400,3.2961859822699298,-1.5711734881945785,-0.006258924229278873,-1.5749482362013318,0.17149505372952012,1.571007120998565,80.0
401,3.3310925673098097,-1.5758836256518165,-0.0422669675626155,-1.5941636796957044,0.26655200880085594,1.6310888615818464,80.2
402,3.3659991523496897,-1.5805937631090545,-0.07827501089595279,-1.6133791231900774,0.36160896387219355,1.691170602165129,80.4
403,3.4009057373895706,-1.5853039005662928,-0.11428305422929053,-1.6325945666844504,0.45666591894353203,1.7512523427484115,80.6
404,3.435812322429451,-1.590014038023531,-0.15029109756262826,-1.6518100101788233,0.551722874014871,1.8113340833316944,80.8
405,3.4707189074693288,-1.5947241754807688,-0.18629914089596267,-1.6710254536731948,0.646779829086201,1.8714158239149723,81.0
406,3.505625492509209,-1.599434312938007,-0.2223071842293004,-1.6902408971675682,0.7418367841575395,1.931497564498255,81.2
407,3.540532077549089,-1.6041444503952451,-0.25831522756263714,-1.7094563406619405,0.8368937392288753,1.9915793050815362,81.4
408,3.57543866258893,-1.6088545878524778,-0.2943232708959339,-1.7286717841562917,0.9319506943001059,2.0516610456647513,81.6
409,3.610345247628711,-1.6135647253097027,-0.3303313142291686,-1.7478872276506099,1.0270076493711733,2.111742786247862,81.8
410,3.645251832668489,-1.6182748627669272,-0.3663393575624,-1.7671026711449263,1.1220646044422307,2.1718245268309673,82.0
411,3.6801584177082693,-1.6229850002241517,-0.4023474008956347,-1.7863181146392446,1.2171215595132974,2.231906267414079,82.2
412,3.7150650027480507,-1.6276951376813766,-0.4383554442288701,-1.805533558133563,1.3121785145843656,2.2919880079971904,82.4
413,3.7499715877878317,-1.6324052751386016,-0.4743634875621048,-1.8247490016278811,1.407235469655433,2.352069748580302,82.6
414,3.7848781728276135,-1.6371154125958263,-0.5103715308953402,-1.8439644451221995,1.5022924247265008,2.412151489163414,82.8
415,3.8197847578673922,-1.6418255500530508,-0.546379574228573,-1.8631798886165167,1.597349379797563,2.472233229746522,83.0
416,3.854691342907172,-1.6465356875102752,-0.5823876175618062,-1.882395332110834,1.6924063348686256,2.532314970329631,83.2
417,3.889597927946953,-1.6512458249675,-0.6183956608950414,-1.9016107756051523,1.7874632899396938,2.592396710912743,83.4
418,3.9245045129867338,-1.6559559624247249,-0.6544037042282763,-1.9208262190994707,1.8825202450107612,2.652478451495854,83.6
419,3.9594110980265156,-1.6606660998819496,-0.6904117475615115,-1.9400416625937893,1.977577200081829,2.712560192078966,83.8
420,3.994317683066294,-1.6653762373391743,-0.7264197908947443,-1.9592571060881063,2.0726341551528913,2.772641932662074,84.0
421,4.0292242681060735,-1.6700863747963988,-0.7624278342279776,-1.9784725495824236,2.167691110223954,2.8327236732451824,84.2
422,4.064130853145855,-1.6747965122536235,-0.7984358775612125,-1.9976879930767417,2.262748065295021,2.8928054138282935,84.4
423,4.099037438185636,-1.6795066497108482,-0.8344439208944476,-2.0169034365710603,2.357805020366089,2.9528871544114055,84.6
424,4.133944023225417,-1.6842167871680729,-0.8704519642276827,-2.0361188800653784,2.4528619754371563,3.012968894994517,84.8
425,4.168850608265196,-1.6889269246252976,-0.9064600075609159,-2.0553343235596957,2.547918930508219,3.0730506355776255,85.0
426,4.203757193304978,-1.6936370620825223,-0.9424680508941505,-2.0745497670540143,2.642975885579286,3.1331323761607366,85.2
427,4.238663778344759,-1.6983471995397472,-0.978476094227386,-2.0937652105483324,2.7380328406503542,3.1932141167438486,85.4
428,4.27357036338454,-1.703057336996972,-1.0144841375606206,-2.1129806540426506,2.8330897957214214,3.25329585732696,85.6
429,4.308476948424321,-1.7077674744541966,-1.050492180893856,-2.132196097536969,2.9281467507924894,3.313377597910072,85.8
430,4.343383533464099,-1.712477611911421,-1.0865002242270867,-2.151411541031285,3.023203705863546,3.3734593384931766,86.0
431,4.378290118503879,-1.7171877493686458,-1.1225082675603222,-2.1706269845256037,3.118260660934615,3.4335410790762886,86.2
432,4.41319670354366,-1.7218978868258705,-1.1585163108935568,-2.189842428019922,3.213317616005681,3.4936228196594,86.4
433,4.448103288583442,-1.7266080242830952,-1.1945243542267923,-2.2090578715142404,3.30837457107675,3.5537045602425117,86.6
434,4.483009873623224,-1.7313181617403202,-1.2305323975600273,-2.2282733150085585,3.403431526147818,3.6137863008256237,86.8
435,4.5179164586630005,-1.7360282991975444,-1.2665404408932583,-2.247488758502875,3.4984884812188746,3.673868041408728,87.0
436,4.552823043702782,-1.7407384366547691,-1.3025484842264934,-2.266704201997193,3.5935454362899426,3.7339497819918406,87.2
437,4.587729628742563,-1.7454485741119938,-1.3385565275597284,-2.285919645491511,3.6886023913610098,3.794031522574952,87.4
438,4.622636213782344,-1.7501587115692185,-1.3745645708929635,-2.3051350889858297,3.783659346432078,3.854113263158064,87.6
439,4.657542798822125,-1.7548688490264435,-1.4105726142261985,-2.324350532480148,3.878716301503145,3.9141950037411752,87.8
440,4.692449383861902,-1.7595789864836677,-1.4465806575594296,-2.3435659759744643,3.9737732565742023,3.9742767443242806,88.0
441,4.7273559689016835,-1.7642891239408924,-1.4825887008926646,-2.3627814194687824,4.0688302116452695,4.034358484907392,88.2
442,4.762262553941465,-1.7689992613981174,-1.5185967442258996,-2.381996862963101,4.1638871667163375,4.094440225490503,88.4
443,4.797169138981246,-1.773709398855342,-1.5546047875591347,-2.401212306457419,4.258944121787405,4.154521966073615,88.6
444,4.832075724021027,-1.778419536312567,-1.59061283089237,-2.4204277499517377,4.354001076858473,4.214603706656727,88.8
445,4.8669823090608055,-1.7831296737697915,-1.6266208742256028,-2.439643193446055,4.4490580319295345,4.274685447239835,89.0
446,4.901888894100588,-1.7878398112270162,-1.662628917558838,-2.458858636940373,4.544114987000603,4.334767187822947,89.2
447,4.935916623931364,-1.7924313599184052,-1.6977303738852543,-2.477590286543393,4.636778660115813,4.393336229566646,89.4
448,4.966446526335773,-1.7965509275219544,-1.7292236307445128,-2.494396445434915,4.719917115449458,4.445884757994704,89.6
449,4.993304252936342,-1.8001749882524178,-1.756928838290979,-2.509181137987651,4.793055570783082,4.49211268205054,89.8
450,5.01648980373308,-1.8033035421097958,-1.7808459965246588,-2.5219443642016053,4.856194026116703,4.532020001734164,90.0
451,5.036003178725987,-1.8059365890940888,-1.8009751054455545,-2.5326861240767786,4.909332481450324,4.565606717045579,90.2
452,5.0518443779150655,-1.808074129205297,-1.8173161650536678,-2.5414064176131723,4.952470936783951,4.592872827984788,90.4
453,5.064013401300321,-1.8097161624434215,-1.829869175349005,-2.5481052448107895,4.985609392117601,4.613818334551802,90.6
454,5.072636681922485,-1.8107229750406577,-1.8387675924292564,-2.552759526565355,5.008824801078439,4.628578757785972,90.8
455,5.082557305829409,-1.805209654862301,-1.8491338396770884,-2.5541700587268523,5.0241558187507716,4.642066137194268,91.0
456,5.093551298975814,-1.7924800569307244,-1.86074976107651,-2.5518198821475275,5.0298569264702815,4.653546243374369,91.2
457,5.103277741995562,-1.775740146919937,-1.8711324243032332,-2.5465023253077215,5.025559159896325,4.660834121557376,91.4
458,5.109606130048175,-1.7581063792998994,-1.8780182324735308,-2.5390568464564054,5.011265490849824,4.6620452434019395,91.6
459,5.1106325724868915,-1.7424181749913297,-1.8793833057817075,-2.5302658037332013,4.987071432914202,4.6555240461439915,91.8
460,5.110641645967129,-1.7223990766357808,-1.8797800527939856,-2.518435629954586,4.952955533692794,4.645055680153571,92.0
461,5.110653379051962,-1.6965120109065472,-1.880293093681357,-2.503137813801423,4.908839634471403,4.63151884279663,92.2
462,5.110667771741393,-1.6647569778036293,-1.880922428443823,-2.484372355273713,4.8547237352500305,4.614913534073167,92.4
463,5.110684824035419,-1.627133977327013,-1.8816680570813828,-2.4621392543714475,4.790607836028652,4.595239753983175,92.6
464,5.110704535934041,-1.5836430094766991,-1.8825299795940371,-2.436438511094627,4.716491936807269,4.572497502526654,92.8
465,5.11072690743726,-1.534284074252684,-1.8835081959817856,-2.4072701254432487,4.632376037585876,4.546686779703605,93.0
466,5.110751938545075,-1.4790571716549605,-1.8846027062446282,-2.3746340974173092,4.53826013836446,4.517807585514022,93.2
467,5.110779629257486,-1.4179623016835292,-1.8858135103825653,-2.3385304270168086,4.434144239143021,4.485859919957903,93.4
468,5.110809979574493,-1.35099946433839,-1.8871406083955973,-2.298959114241747,4.320028339921561,4.450843783035253,93.6
469,5.110842989496097,-1.278168659619546,-1.888584000283723,-2.2559201590921263,4.195912440700084,4.412759174746071,93.8
470,5.110878659022297,-1.199469887526984,-1.8901436860469436,-2.209413561567938,4.061796541478568,4.37160609509035,94.0
471,5.110916988153092,-1.1149031480606975,-1.8918196656852588,-2.1594393216691787,3.917680642257001,4.327384544068085,94.2
472,5.110957976888485,-1.0244684412206895,-1.8936119391986688,-2.1059974393958503,3.7635647430353893,4.280094521679281,94.4
473,5.111001625228474,-0.9281657670069635,-1.8955205065871732,-2.049087914747955,3.5994488438137378,4.229736027923938,94.6
474,5.11104793317306,-0.825995125419503,-1.897545367850773,-1.9887107477254824,3.4253329445920198,4.176309062802047,94.8
475,5.11109690072224,-0.7179565164583209,-1.8996865229894668,-1.9248659383284406,3.2412170453702553,4.119813626313616,95.0
476,5.1111485278760185,-0.6040499401234041,-1.901943972003256,-1.8575534865568217,3.0471011461484245,4.060249718458637,95.2
477,5.1112028146343915,-0.4842753964147496,-1.90431771489214,-1.7867733924106242,2.8429852469265198,3.9976173392371086,95.4
478,5.111258515858995,-0.3613800723854157,-1.9067533067337696,-1.7141490906551322,2.6335510149295063,3.933353044831772,95.6
479,5.111314218487401,-0.23848165110095487,-1.90918895995812,-1.6415229585941118,2.4241115046905906,3.8690871308130212,95.8
480,5.111369921115808,-0.1155832298165047,-1.9116246131824703,-1.5688968265330978,2.214671994451694,3.8048212167942768,96.0
481,5.111425623744215,0.007315191467956339,-1.9140602664068205,-1.4962706944720776,2.0052324842127787,3.7405553027755256,96.2
482,5.111481326372621,0.13021361275241716,-1.9164959196311706,-1.4236445624110572,1.795792973973863,3.676289388756775,96.4
483,5.111537029001028,0.25311203403687754,-1.9189315728555207,-1.3510184303500372,1.5863534637349481,3.6120234747380247,96.6
484,5.111592731629434,0.37601045532133814,-1.9213672260798713,-1.278392298289017,1.376913953496033,3.5477575607192744,96.8
485,5.111648434257842,0.4989088766057923,-1.9238028793042212,-1.2057661662280008,1.1674744432571296,3.4834916467005272,97.0
486,5.111704136886249,0.6218072978902527,-1.9262385325285716,-1.1331400341669808,0.9580349330182147,3.419225732681777,97.2
487,5.111759839514655,0.7447057191747135,-1.9286741857529217,-1.0605139021059604,0.7485954227792995,3.3549598186630263,97.4
488,5.111815542143061,0.8676041404591743,-1.9311098389772718,-0.98788777004494,0.5391559125403838,3.2906939046442756,97.6
489,5.111871244771468,0.9905025617436348,-1.9335454922016222,-0.9152616379839199,0.3297164023014698,3.226427990625525,97.8
490,5.111926947399875,1.1134009830280855,-1.9359811454259723,-0.8426355059229058,0.12027689206257142,3.16216207660678,98.0
491,5.111982650028281,1.236299404312546,-1.9384167986503225,-0.7700093738618856,-0.08916261817634297,3.0978961625880297,98.2
492,5.112038352656689,1.3591978255970067,-1.9408524518746728,-0.6973832418008652,-0.2986021284152587,3.0336302485692785,98.4
493,5.1120940552850955,1.4820962468814673,-1.9432881050990232,-0.6247571097398453,-0.5080416386541735,2.9693643345505283,98.6
494,5.112149757913501,1.6049946681659277,-1.945723758323373,-0.5521309776788251,-0.7174811488930879,2.905098420531778,98.8
495,5.112205460541908,1.7278930894503826,-1.9481594115477234,-0.4795048456178087,-0.9269206591319925,2.840832506513031,99.0
496,5.112261163170316,1.850791510734843,-1.9505950647720736,-0.4068787135567885,-1.1363601693709071,2.77656659249428,99.2
497,5.112316865798722,1.9736899320193033,-1.9530307179964237,-0.33425258149576853,-1.3457996796098217,2.71230067847553,99.4
498,5.112372568427129,2.0965883533037646,-1.955466371220774,-0.2616264494347481,-1.5552391898487374,2.648034764456779,99.6
499,5.112428271055536,2.2194867745882245,-1.9579020244451244,-0.18900031737372802,-1.7646787000876523,2.5837688504380285,99.8
500,5.1124839736839425,2.342385195872675,-1.9603376776694743,-0.11637418531271382,-1.9741182103265498,2.5195029364192836,100.0
501,5.112539676312349,2.4652836171571364,-1.9627733308938247,-0.0437480532516934,-2.1835577205654655,2.455237022400533,100.2
502,5.112595378940756,2.5881820384415968,-1.9652089841181748,0.02887807880932658,-2.3929972308043803,2.3909711083817826,100.4
503,5.112651081569163,2.711080459726057,-1.967644637342525,0.10150421087034667,-2.6024367410432947,2.326705194363032,100.6
504,5.112706784197569,2.833978881010518,-1.9700802905668755,0.1741303429313671,-2.8118762512822104,2.2624392803442817,100.8
505,5.112762167980162,2.956173822975204,-1.9725020019386326,0.2463407578379586,-3.0201169148422427,2.1985412289962314,101.0
506,5.112815238497718,3.073264937180775,-1.974822563479431,0.31553509438507127,-3.219659800391452,2.1373120659260434,101.2
507,5.1128656494106774,3.1844880840125986,-1.977026831145134,0.381261788557599,-3.409202685940571,2.07915137422241,101.4
508,5.11291340071904,3.2898432634706976,-1.9791148049357428,0.4435208403555559,-3.5887455714896404,2.024059153885318,101.6
509,5.112958492422806,3.389330475555072,-1.9810864848512564,0.5023122497789418,-3.7582884570386597,1.9720354049147688,101.8
510,5.113000924521977,3.482949720265704,-1.982941870891675,0.5576360168277466,-3.917831342587599,1.923080127310771,102.0
511,5.113040697016551,3.5707009976026254,-1.9846809630569995,0.6094921415019878,-4.06737422813651,1.8771933210733083,102.2
512,5.113077809906529,3.6525843075658253,-1.986303761347229,0.6578806238016603,-4.2069171136853765,1.8343749862023861,102.4
513,5.11311226319191,3.7285996501553136,-1.9878102657623642,0.7028014637267694,-4.336459999234214,1.7946251226979992,102.6
514,5.113144056872696,3.798747025371084,-1.9892004763024047,0.7442546612773113,-4.456002884783013,1.7579437305601515,102.8
515,5.113173190948886,3.8630264332131334,-1.9904743929673505,0.7822402164532845,-4.565545770331768,1.724330809788844,103.0
516,5.1131996654204785,3.921437873681484,-1.991632015757202,0.8167581292547018,-4.665088655880516,1.6937863603840653,103.2
517,5.113223480287474,3.9739813467761276,-1.9926733446719596,0.8478083996815584,-4.7546315414292435,1.6663103823458196,103.4
518,5.113244635549876,4.02065685249707,-1.9935983797116223,0.8753910277338572,-4.83417442697796,1.6419028756741043,103.6
519,5.113263131207679,4.061464390844311,-1.994407120876191,0.8995060134115993,-4.903717312526665,1.6205638403689189,103.8
520,5.113278967260888,4.096403961817846,-1.9950995681656656,0.9201533567147817,-4.963260198075354,1.6022932764302658,104.0
521,5.113292143709499,4.125475565417698,-1.995675721580046,0.9373330576434166,-5.0128030836240605,1.587091183858134,104.2
522,5.113302660553514,4.148679201643861,-1.9961355811193324,0.9510451161975023,-5.052345969172779,1.574957562652525,104.4
523,5.113310517792934,4.166014870496333,-1.9964791467835248,0.9612895323770366,-5.081888854721504,1.5658924128134408,104.6
524,5.113315715427757,4.177482571975108,-1.996706418572623,0.9680663061820157,-5.101431740270224,1.5598957343408852,104.8
525,5.113318253457984,4.183082306080188,-1.9968173964866271,0.9713754376124413,-5.110974625818944,1.5569675272348564,105.0
526,5.113318527900043,4.183687816032763,-1.9968293967406008,0.9717332603193606,-5.112006516274387,1.5566508946032644,105.09085771
