0.10347,0.78573,0.29507,-0.53215,0.42311,0.46326,0.56849
0.10347,0.78571,0.29519,-0.53084,0.42519,0.46514,0.56663
0.10347,0.7857,0.29531,-0.52952,0.42726,0.46701,0.56476
0.10347,0.78569,0.29544,-0.52819,0.42933,0.46887,0.56289
0.10347,0.78567,0.29556,-0.52685,0.4314,0.47073,0.56101
0.10347,0.78566,0.29568,-0.52551,0.43346,0.47257,0.55913
0.10347,0.78565,0.29581,-0.52415,0.43552,0.47442,0.55724
0.10347,0.78564,0.29593,-0.52279,0.43757,0.47625,0.55535
0.10347,0.78563,0.29605,-0.52142,0.43961,0.47808,0.55345
0.10347,0.78561,0.29617,-0.52004,0.44166,0.4799,0.55154
0.10347,0.7856,0.29629,-0.51865,0.44369,0.48171,0.54963
0.10346,0.78559,0.29641,-0.51725,0.44573,0.48352,0.54771
0.10346,0.78558,0.29653,-0.51585,0.44775,0.48532,0.54579
0.10346,0.78557,0.29665,-0.51443,0.44978,0.48711,0.54386
0.10346,0.78556,0.29677,-0.51301,0.45179,0.48889,0.54193
0.10346,0.78555,0.29689,-0.51158,0.45381,0.49067,0.53999
0.10346,0.78553,0.29701,-0.51014,0.45581,0.49244,0.53805
0.10346,0.78552,0.29713,-0.50869,0.45782,0.4942,0.5361
0.10346,0.78551,0.29725,-0.50723,0.45981,0.49596,0.53415
0.10346,0.7855,0.29737,-0.50577,0.4618,0.49771,0.53219
0.10346,0.78549,0.29749,-0.50429,0.46379,0.49945,0.53022
0.10346,0.78548,0.2976,-0.50281,0.46577,0.50119,0.52825
0.10346,0.78547,0.29772,-0.50132,0.46775,0.50291,0.52628
0.10346,0.78546,0.29784,-0.49982,0.46972,0.50463,0.5243
0.10346,0.78545,0.29795,-0.49831,0.47169,0.50634,0.52231
0.10346,0.78544,0.29807,-0.4968,0.47365,0.50805,0.52032
0.10346,0.78543,0.29818,-0.49527,0.4756,0.50975,0.51833
0.10346,0.78542,0.2983,-0.49374,0.47755,0.51144,0.51633
0.10346,0.78541,0.29841,-0.4922,0.47949,0.51312,0.51432
0.10346,0.78541,0.29853,-0.49065,0.48143,0.5148,0.51231
0.10346,0.7854,0.29864,-0.4891,0.48337,0.51647,0.5103
0.10345,0.78539,0.29876,-0.48753,0.48529,0.51813,0.50828
0.10345,0.78538,0.29887,-0.48596,0.48722,0.51978,0.50625
0.10345,0.78537,0.29898,-0.48438,0.48913,0.52143,0.50422
0.10345,0.78536,0.2991,-0.48279,0.49104,0.52307,0.50219
0.10345,0.78535,0.29921,-0.48119,0.49295,0.5247,0.50015
0.10345,0.78535,0.29932,-0.47959,0.49485,0.52632,0.4981
0.10345,0.78534,0.29943,-0.47797,0.49674,0.52794,0.49606
0.10345,0.78533,0.29954,-0.47635,0.49863,0.52955,0.494
0.10345,0.78532,0.29965,-0.47472,0.50051,0.53115,0.49194
0.10345,0.78531,0.29977,-0.47309,0.50239,0.53274,0.48988
0.10345,0.78531,0.29988,-0.47144,0.50426,0.53433,0.48781
0.10345,0.7853,0.29999,-0.46979,0.50612,0.53591,0.48574
0.10345,0.78529,0.3001,-0.46813,0.50798,0.53748,0.48366
0.10345,0.78528,0.30021,-0.46646,0.50983,0.53904,0.48158
0.10345,0.78528,0.30031,-0.46479,0.51168,0.5406,0.47949
0.10345,0.78527,0.30042,-0.4631,0.51352,0.54215,0.4774
0.10345,0.78526,0.30053,-0.46141,0.51535,0.54369,0.47531
0.10345,0.78526,0.30064,-0.45971,0.51718,0.54522,0.47321
0.10345,0.78525,0.30075,-0.458,0.519,0.54675,0.4711
0.10345,0.78524,0.30086,-0.45629,0.52082,0.54827,0.46899
0.10345,0.78524,0.30086,-0.45629,0.52082,0.54827,0.46899
0.10345,0.78524,0.30092,-0.45524,0.52193,0.54919,0.4677
0.10344,0.78523,0.30099,-0.45418,0.52303,0.55012,0.4664
0.10344,0.78523,0.30105,-0.45312,0.52414,0.55104,0.4651
0.10344,0.78523,0.30112,-0.45205,0.52524,0.55196,0.4638
0.10344,0.78522,0.30118,-0.45099,0.52634,0.55287,0.4625
0.10344,0.78522,0.30125,-0.44992,0.52744,0.55378,0.4612
0.10344,0.78521,0.30131,-0.44885,0.52854,0.55469,0.45989
0.10344,0.78521,0.30138,-0.44778,0.52963,0.5556,0.45859
0.10344,0.78521,0.30144,-0.4467,0.53072,0.5565,0.45728
0.10344,0.7852,0.30151,-0.44562,0.53181,0.5574,0.45597
0.10344,0.7852,0.30157,-0.44454,0.53289,0.5583,0.45466
0.10344,0.7852,0.30164,-0.44345,0.53398,0.55919,0.45334
0.10344,0.78519,0.3017,-0.44236,0.53506,0.56009,0.45203
0.10344,0.78519,0.30177,-0.44127,0.53614,0.56098,0.45071
0.10344,0.78519,0.30183,-0.44018,0.53722,0.56186,0.44939
0.10344,0.78518,0.3019,-0.43908,0.53829,0.56274,0.44808
0.10344,0.78518,0.30196,-0.43798,0.53936,0.56362,0.44675
0.10344,0.78518,0.30202,-0.43688,0.54043,0.5645,0.44543
0.10344,0.78517,0.30209,-0.43577,0.5415,0.56538,0.44411
0.10344,0.78517,0.30215,-0.43467,0.54256,0.56625,0.44278
0.10344,0.78517,0.30221,-0.43356,0.54362,0.56712,0.44146
0.10344,0.78516,0.30228,-0.43244,0.54468,0.56798,0.44013
0.10344,0.78516,0.30234,-0.43133,0.54574,0.56884,0.4388
0.10344,0.78516,0.30241,-0.43021,0.54679,0.5697,0.43746
0.10344,0.78515,0.30247,-0.42909,0.54785,0.57056,0.43613
0.10344,0.78515,0.30253,-0.42796,0.5489,0.57141,0.4348
0.10344,0.78515,0.30259,-0.42684,0.54994,0.57226,0.43346
0.10344,0.78514,0.30266,-0.42571,0.55099,0.57311,0.43212
0.10344,0.78514,0.30272,-0.42458,0.55203,0.57396,0.43078
0.10344,0.78514,0.30278,-0.42344,0.55307,0.5748,0.42944
0.10344,0.78514,0.30284,-0.4223,0.5541,0.57564,0.4281
0.10344,0.78513,0.30291,-0.42116,0.55514,0.57647,0.42676
0.10344,0.78513,0.30297,-0.42002,0.55617,0.57731,0.42541
0.10344,0.78513,0.30303,-0.41887,0.5572,0.57814,0.42406
0.10344,0.78512,0.30309,-0.41773,0.55823,0.57896,0.42272
0.10343,0.78512,0.30316,-0.41658,0.55925,0.57979,0.42137
0.10343,0.78512,0.30322,-0.41542,0.56027,0.58061,0.42001
0.10343,0.78512,0.30328,-0.41427,0.56129,0.58143,0.41866
0.10343,0.78511,0.30334,-0.41311,0.56231,0.58224,0.41731
0.10343,0.78511,0.3034,-0.41195,0.56332,0.58306,0.41595
0.10343,0.78511,0.30346,-0.41078,0.56433,0.58386,0.41459
0.10343,0.78511,0.30352,-0.40962,0.56534,0.58467,0.41324
0.10343,0.7851,0.30359,-0.40845,0.56635,0.58547,0.41188
0.10343,0.7851,0.30365,-0.40728,0.56735,0.58627,0.41051
0.10343,0.7851,0.30371,-0.4061,0.56835,0.58707,0.40915
0.10343,0.7851,0.30377,-0.40492,0.56935,0.58787,0.40779
0.10343,0.7851,0.30383,-0.40375,0.57034,0.58866,0.40642
0.10343,0.78509,0.30389,-0.40256,0.57134,0.58945,0.40506
0.10343,0.78509,0.30395,-0.40138,0.57233,0.59023,0.40369
0.10343,0.78509,0.30401,-0.40019,0.57331,0.59101,0.40232
0.10343,0.78509,0.30401,-0.40019,0.57331,0.59101,0.40232
0.10343,0.78508,0.30414,-0.39758,0.57547,0.59272,0.39931
0.10343,0.78508,0.30427,-0.39495,0.57762,0.59441,0.39629
0.10343,0.78508,0.3044,-0.39231,0.57975,0.59609,0.39326
0.10343,0.78507,0.30454,-0.38966,0.58187,0.59776,0.39023
0.10343,0.78507,0.30466,-0.38699,0.58397,0.59941,0.3872
0.10343,0.78506,0.30479,-0.38432,0.58607,0.60104,0.38415
0.10343,0.78506,0.30492,-0.38163,0.58815,0.60266,0.3811
0.10343,0.78506,0.30505,-0.37893,0.59021,0.60427,0.37805
0.10342,0.78505,0.30518,-0.37622,0.59227,0.60586,0.37498
0.10342,0.78505,0.30531,-0.3735,0.59431,0.60744,0.37191
0.10342,0.78505,0.30543,-0.37076,0.59633,0.609,0.36884
0.10342,0.78504,0.30556,-0.36802,0.59834,0.61055,0.36576
0.10342,0.78504,0.30569,-0.36526,0.60034,0.61208,0.36267
0.10342,0.78504,0.30581,-0.36249,0.60233,0.6136,0.35958
0.10342,0.78503,0.30594,-0.35971,0.6043,0.6151,0.35648
0.10342,0.78503,0.30606,-0.35692,0.60626,0.61659,0.35338
0.10342,0.78503,0.30618,-0.35412,0.6082,0.61806,0.35027
0.10342,0.78503,0.30631,-0.35131,0.61013,0.61952,0.34716
0.10342,0.78503,0.30643,-0.34849,0.61205,0.62096,0.34404
0.10342,0.78502,0.30655,-0.34565,0.61395,0.62239,0.34091
0.10342,0.78502,0.30668,-0.34281,0.61584,0.6238,0.33778
0.10342,0.78502,0.3068,-0.33995,0.61772,0.6252,0.33464
0.10342,0.78502,0.30692,-0.33708,0.61958,0.62658,0.3315
0.10342,0.78502,0.30704,-0.33421,0.62142,0.62795,0.32836
0.10341,0.78502,0.30716,-0.33132,0.62325,0.62931,0.3252
0.10341,0.78502,0.30728,-0.32842,0.62507,0.63064,0.32205
0.10341,0.78501,0.3074,-0.32551,0.62687,0.63197,0.31889
0.10341,0.78501,0.30752,-0.32259,0.62866,0.63328,0.31572
0.10341,0.78501,0.30764,-0.31967,0.63044,0.63457,0.31255
0.10341,0.78501,0.30776,-0.31673,0.6322,0.63585,0.30937
0.10341,0.78501,0.30787,-0.31378,0.63394,0.63711,0.30619
0.10341,0.78501,0.30799,-0.31082,0.63567,0.63836,0.30301
0.10341,0.78501,0.30811,-0.30785,0.63739,0.63959,0.29982
0.10341,0.78501,0.30822,-0.30487,0.63909,0.64081,0.29662
0.10341,0.78501,0.30834,-0.30189,0.64077,0.64201,0.29342
0.10341,0.78501,0.30845,-0.29889,0.64244,0.6432,0.29022
0.10341,0.78501,0.30857,-0.29588,0.6441,0.64437,0.28701
0.10341,0.78501,0.30868,-0.29286,0.64574,0.64553,0.2838
0.10341,0.78502,0.30877,-0.28982,0.64732,0.64672,0.2806
0.10341,0.78502,0.30887,-0.28677,0.64889,0.64789,0.2774
0.10341,0.78502,0.30896,-0.28371,0.65044,0.64904,0.27419
0.10341,0.78502,0.30905,-0.28064,0.65198,0.65018,0.27098
0.1034,0.78502,0.30914,-0.27756,0.65351,0.6513,0.26777
0.1034,0.78503,0.30923,-0.27447,0.65502,0.6524,0.26454
0.1034,0.78503,0.30933,-0.27138,0.65652,0.65349,0.26132
0.1034,0.78503,0.30942,-0.26828,0.658,0.65456,0.25809
0.1034,0.78504,0.30951,-0.26517,0.65947,0.65562,0.25485
0.1034,0.78504,0.3096,-0.26205,0.66093,0.65666,0.25161
0.1034,0.78504,0.3097,-0.25892,0.66237,0.65768,0.24837
0.1034,0.78504,0.30979,-0.25579,0.66379,0.65869,0.24512
0.1034,0.78504,0.30979,-0.25579,0.66379,0.65869,0.24512
0.1034,0.78505,0.30996,-0.25002,0.66636,0.6605,0.23915
0.1034,0.78505,0.31013,-0.24421,0.66889,0.66226,0.23317
0.1034,0.78506,0.3103,-0.23839,0.67136,0.66396,0.22717
0.1034,0.78506,0.31047,-0.23254,0.67378,0.6656,0.22116
0.1034,0.78507,0.31064,-0.22666,0.67616,0.66719,0.21514
0.1034,0.78508,0.31081,-0.22077,0.67848,0.66873,0.20911
0.10339,0.78508,0.31098,-0.21484,0.68075,0.67021,0.20306
0.10339,0.78509,0.31115,-0.2089,0.68297,0.67164,0.19701
0.10339,0.78509,0.31132,-0.20293,0.68514,0.673,0.19095
0.10339,0.7851,0.31149,-0.19695,0.68726,0.67432,0.18487
0.10339,0.78511,0.31167,-0.19094,0.68933,0.67557,0.17879
0.10339,0.78511,0.31184,-0.18491,0.69135,0.67677,0.1727
0.10339,0.78512,0.31201,-0.17886,0.69331,0.67792,0.16661
0.10339,0.78513,0.31219,-0.17278,0.69522,0.67901,0.16051
0.10339,0.78514,0.31236,-0.16669,0.69708,0.68004,0.1544
0.10339,0.78514,0.31254,-0.16058,0.69888,0.68102,0.14828
0.10338,0.78515,0.31271,-0.15445,0.70064,0.68194,0.14216
0.10338,0.78516,0.31289,-0.14831,0.70234,0.68281,0.13603
0.10338,0.78517,0.31307,-0.14214,0.70398,0.68361,0.1299
0.10338,0.78517,0.31324,-0.13596,0.70558,0.68437,0.12377
0.10338,0.78518,0.31342,-0.12976,0.70712,0.68506,0.11763
0.10338,0.78519,0.3136,-0.12354,0.7086,0.6857,0.11149
0.10338,0.7852,0.31378,-0.11731,0.71003,0.68629,0.10535
0.10338,0.78521,0.31395,-0.11107,0.71141,0.68682,0.099205
0.10338,0.78522,0.31413,-0.1048,0.71274,0.68729,0.093059
0.10338,0.78522,0.31431,-0.098525,0.71401,0.6877,0.086913
0.10337,0.78523,0.31449,-0.092234,0.71522,0.68806,0.080767
0.10337,0.78524,0.31467,-0.085929,0.71638,0.68837,0.074621
0.10337,0.78525,0.31485,-0.079611,0.71749,0.68861,0.068475
0.10337,0.78526,0.31504,-0.073279,0.71854,0.6888,0.062332
0.10337,0.78527,0.31522,-0.066936,0.71953,0.68894,0.05619
0.10337,0.78528,0.3154,-0.060581,0.72047,0.68902,0.05005
0.10337,0.78529,0.31558,-0.054214,0.72136,0.68904,0.043914
0.10337,0.7853,0.31577,-0.047836,0.72218,0.68901,0.037781
0.10337,0.78531,0.31595,-0.041448,0.72296,0.68892,0.031652
0.10336,0.78532,0.31613,-0.035051,0.72367,0.68878,0.025527
0.10336,0.78533,0.31632,-0.028643,0.72434,0.68858,0.019408
0.10336,0.78535,0.3165,-0.022227,0.72494,0.68832,0.013294
0.10336,0.78536,0.31669,-0.015802,0.72549,0.68801,0.007186
0.10336,0.78537,0.31687,-0.0093696,0.72598,0.68765,0.0010846
0.10336,0.78538,0.31706,0.0029294,-0.72642,-0.68723,0.0050097
0.10336,0.78539,0.31725,-0.0035179,-0.7268,-0.68675,0.011096
0.10336,0.7854,0.31743,-0.0099717,-0.72712,-0.68622,0.017175
0.10336,0.78542,0.31762,-0.016431,-0.72739,-0.68563,0.023245
0.10335,0.78543,0.31781,-0.022897,-0.7276,-0.68499,0.029306
0.10335,0.78544,0.318,-0.029367,-0.72776,-0.68429,0.035357
0.10335,0.78545,0.31819,-0.035842,-0.72785,-0.68354,0.041399
0.10335,0.78547,0.31838,-0.042321,-0.72789,-0.68274,0.047429
0.10335,0.78548,0.31857,-0.048804,-0.72787,-0.68188,0.053449
0.10335,0.78549,0.31876,-0.05529,-0.7278,-0.68097,0.059457
0.10335,0.78549,0.31876,-0.05529,-0.7278,-0.68097,0.059457
0.10335,0.7855,0.31886,-0.058713,-0.72774,-0.68046,0.062622
0.10335,0.78551,0.31896,-0.062136,-0.72766,-0.67995,0.065784
0.10335,0.78551,0.31906,-0.06556,-0.72756,-0.67942,0.068942
0.10335,0.78552,0.31916,-0.068985,-0.72745,-0.67887,0.072097
0.10335,0.78553,0.31926,-0.07241,-0.72732,-0.67831,0.075248
0.10334,0.78554,0.31936,-0.075835,-0.72717,-0.67773,0.078395
0.10334,0.78554,0.31946,-0.079261,-0.72702,-0.67714,0.081539
0.10334,0.78555,0.31956,-0.082686,-0.72684,-0.67653,0.084679
0.10334,0.78556,0.31966,-0.086112,-0.72665,-0.67591,0.087814
0.10334,0.78557,0.31976,-0.089538,-0.72644,-0.67528,0.090946
0.10334,0.78557,0.31986,-0.092964,-0.72621,-0.67463,0.094074
0.10334,0.78558,0.31996,-0.096389,-0.72597,-0.67396,0.097197
0.10334,0.78559,0.32006,-0.099815,-0.72572,-0.67328,0.10032
0.10334,0.7856,0.32016,-0.10324,-0.72545,-0.67258,0.10343
0.10334,0.7856,0.32026,-0.10667,-0.72516,-0.67187,0.10654
0.10334,0.78561,0.32036,-0.11009,-0.72486,-0.67115,0.10965
0.10334,0.78562,0.32047,-0.11351,-0.72454,-0.67041,0.11275
0.10334,0.78563,0.32057,-0.11694,-0.7242,-0.66966,0.11585
0.10334,0.78564,0.32067,-0.12036,-0.72385,-0.66889,0.11894
0.10334,0.78564,0.32077,-0.12378,-0.72348,-0.6681,0.12203
0.10334,0.78565,0.32087,-0.1272,-0.7231,-0.66731,0.12511
0.10334,0.78566,0.32097,-0.13062,-0.7227,-0.66649,0.12819
0.10333,0.78567,0.32108,-0.13404,-0.72228,-0.66567,0.13126
0.10333,0.78568,0.32118,-0.13746,-0.72185,-0.66483,0.13433
0.10333,0.78569,0.32128,-0.14088,-0.7214,-0.66397,0.13739
0.10333,0.7857,0.32138,-0.1443,-0.72094,-0.6631,0.14045
0.10333,0.7857,0.32149,-0.14771,-0.72046,-0.66221,0.1435
0.10333,0.78571,0.32159,-0.15113,-0.71996,-0.66132,0.14655
0.10333,0.78572,0.32169,-0.15454,-0.71945,-0.6604,0.14959
0.10333,0.78573,0.3218,-0.15795,-0.71892,-0.65947,0.15263
0.10333,0.78574,0.3219,-0.16136,-0.71838,-0.65853,0.15566
0.10333,0.78575,0.322,-0.16477,-0.71782,-0.65758,0.15869
0.10333,0.78576,0.3221,-0.16817,-0.71724,-0.65661,0.16171
0.10333,0.78577,0.32221,-0.17158,-0.71665,-0.65562,0.16472
0.10333,0.78577,0.32231,-0.17498,-0.71604,-0.65462,0.16773
0.10333,0.78578,0.32242,-0.17838,-0.71542,-0.65361,0.17073
0.10333,0.78579,0.32252,-0.18178,-0.71478,-0.65258,0.17373
0.10332,0.7858,0.32262,-0.18518,-0.71412,-0.65154,0.17672
0.10332,0.78581,0.32273,-0.18857,-0.71345,-0.65049,0.17971
0.10332,0.78582,0.32283,-0.19196,-0.71276,-0.64942,0.18269
0.10332,0.78583,0.32294,-0.19536,-0.71206,-0.64833,0.18566
0.10332,0.78584,0.32304,-0.19874,-0.71134,-0.64724,0.18863
0.10332,0.78585,0.32314,-0.20213,-0.71061,-0.64613,0.19159
0.10332,0.78586,0.32325,-0.20551,-0.70985,-0.645,0.19454
0.10332,0.78587,0.32335,-0.20889,-0.70909,-0.64386,0.19749
0.10332,0.78588,0.32346,-0.21227,-0.7083,-0.64271,0.20043
0.10332,0.78589,0.32356,-0.21565,-0.7075,-0.64154,0.20336
0.10332,0.7859,0.32367,-0.21902,-0.70669,-0.64036,0.20629
0.10332,0.78591,0.32377,-0.22239,-0.70586,-0.63917,0.20921
0.10332,0.78592,0.32388,-0.22575,-0.70501,-0.63796,0.21212
0.10332,0.78592,0.32388,-0.22575,-0.70501,-0.63796,0.21212
0.10331,0.78596,0.32427,-0.238,-0.7018,-0.63345,0.22268
0.10331,0.786,0.32466,-0.25019,-0.69837,-0.62875,0.23314
0.10331,0.78603,0.32505,-0.26235,-0.69474,-0.62387,0.24351
0.10331,0.78608,0.32544,-0.27445,-0.69089,-0.61882,0.25378
0.1033,0.78612,0.32583,-0.28649,-0.68684,-0.6136,0.26394
0.1033,0.78616,0.32623,-0.29848,-0.68258,-0.60821,0.27399
0.1033,0.7862,0.32663,-0.31041,-0.67811,-0.60265,0.28394
0.1033,0.78625,0.32703,-0.32227,-0.67344,-0.59692,0.29378
0.10329,0.78629,0.32743,-0.33407,-0.66855,-0.59103,0.3035
0.10329,0.78634,0.32783,-0.34579,-0.66347,-0.58498,0.3131
0.10329,0.78639,0.32823,-0.35744,-0.65818,-0.57877,0.32258
0.10329,0.78643,0.32863,-0.36901,-0.65269,-0.5724,0.33194
0.10328,0.78648,0.32904,-0.38049,-0.64699,-0.56588,0.34118
0.10328,0.78653,0.32945,-0.39189,-0.6411,-0.55921,0.35029
0.10328,0.78659,0.32985,-0.4032,-0.635,-0.55238,0.35926
0.10327,0.78664,0.33026,-0.41442,-0.62871,-0.54541,0.36811
0.10327,0.78669,0.33068,-0.42554,-0.62222,-0.5383,0.37681
0.10327,0.78675,0.33109,-0.43656,-0.61554,-0.53104,0.38538
0.10327,0.7868,0.3315,-0.44748,-0.60866,-0.52365,0.39381
0.10326,0.78686,0.33192,-0.45829,-0.60159,-0.51612,0.4021
0.10326,0.78692,0.33233,-0.46899,-0.59433,-0.50845,0.41024
0.10326,0.78698,0.33275,-0.47958,-0.58688,-0.50066,0.41824
0.10325,0.78704,0.33317,-0.49005,-0.57924,-0.49273,0.42608
0.10325,0.7871,0.33359,-0.5004,-0.57142,-0.48468,0.43378
0.10325,0.78716,0.33401,-0.51063,-0.56341,-0.47651,0.44132
0.10325,0.78722,0.33443,-0.52072,-0.55522,-0.46823,0.44871
0.10324,0.78729,0.33485,-0.53069,-0.54686,-0.45982,0.45594
0.10324,0.78736,0.33528,-0.54053,-0.53831,-0.4513,0.46301
0.10324,0.78742,0.3357,-0.55023,-0.52959,-0.44268,0.46992
0.10323,0.78749,0.33613,-0.55979,-0.52069,-0.43394,0.47667
0.10323,0.78756,0.33656,-0.56921,-0.51162,-0.42511,0.48325
0.10323,0.78763,0.33698,-0.57848,-0.50239,-0.41617,0.48967
0.10322,0.7877,0.33741,-0.5876,-0.49298,-0.40713,0.49592
0.10322,0.78778,0.33784,-0.59657,-0.48341,-0.398,0.50201
0.10322,0.78785,0.33827,-0.60538,-0.47368,-0.38878,0.50792
0.10322,0.78793,0.3387,-0.61404,-0.46379,-0.37947,0.51366
0.10321,0.788,0.33914,-0.62254,-0.45375,-0.37008,0.51923
0.10321,0.78808,0.33957,-0.63087,-0.44354,-0.3606,0.52463
0.10321,0.78816,0.34,-0.63904,-0.43319,-0.35105,0.52985
0.1032,0.78824,0.34044,-0.64703,-0.42268,-0.34142,0.5349
0.1032,0.78832,0.34087,-0.65485,-0.41203,-0.33172,0.53977
0.1032,0.78841,0.34131,-0.6625,-0.40124,-0.32196,0.54446
0.10319,0.78849,0.34174,-0.66997,-0.3903,-0.31212,0.54898
0.10319,0.78858,0.34218,-0.67726,-0.37923,-0.30223,0.55331
0.10319,0.78866,0.34262,-0.68437,-0.36802,-0.29228,0.55747
0.10318,0.78875,0.34306,-0.69129,-0.35668,-0.28227,0.56144
0.10318,0.78884,0.34349,-0.69803,-0.34521,-0.27221,0.56524
0.10318,0.78893,0.34393,-0.70457,-0.33361,-0.26211,0.56885
0.10317,0.78902,0.34437,-0.71092,-0.32189,-0.25195,0.57228
0.10317,0.78912,0.34481,-0.71707,-0.31005,-0.24176,0.57552
0.10317,0.78912,0.34481,-0.71707,-0.31005,-0.24176,0.57552
0.10317,0.78919,0.34513,-0.72138,-0.30147,-0.2344,0.57773
0.10316,0.78925,0.34545,-0.72559,-0.29283,-0.22703,0.57985
0.10316,0.78932,0.34577,-0.7297,-0.28413,-0.21963,0.58187
0.10316,0.7894,0.34609,-0.7337,-0.27538,-0.21223,0.58379
0.10316,0.78947,0.34642,-0.73759,-0.26656,-0.2048,0.58562
0.10315,0.78954,0.34674,-0.74138,-0.2577,-0.19737,0.58736
0.10315,0.78961,0.34706,-0.74506,-0.24878,-0.18992,0.589
0.10315,0.78968,0.34738,-0.74864,-0.23981,-0.18246,0.59054
0.10315,0.78976,0.3477,-0.7521,-0.23079,-0.17499,0.59199
0.10314,0.78983,0.34802,-0.75546,-0.22172,-0.16751,0.59335
0.10314,0.78991,0.34834,-0.75871,-0.2126,-0.16003,0.59461
0.10314,0.78998,0.34866,-0.76184,-0.20343,-0.15254,0.59577
0.10314,0.79006,0.34898,-0.76487,-0.19422,-0.14504,0.59684
0.10313,0.79014,0.34931,-0.76778,-0.18497,-0.13754,0.59781
0.10313,0.79022,0.34963,-0.77058,-0.17568,-0.13004,0.5987
0.10313,0.79029,0.34995,-0.77326,-0.16634,-0.12254,0.59948
0.10313,0.79037,0.35027,-0.77583,-0.15696,-0.11504,0.60017
0.10312,0.79045,0.35059,-0.77829,-0.14755,-0.10754,0.60077
0.10312,0.79053,0.35091,-0.78063,-0.1381,-0.10005,0.60127
0.10312,0.79062,0.35123,-0.78286,-0.12861,-0.092552,0.60168
0.10311,0.7907,0.35155,-0.78497,-0.11909,-0.085064,0.602
0.10311,0.79078,0.35187,-0.78696,-0.10954,-0.077581,0.60222
0.10311,0.79086,0.35218,-0.78884,-0.099952,-0.070106,0.60235
0.10311,0.79095,0.3525,-0.7906,-0.090338,-0.06264,0.60239
0.1031,0.79103,0.35282,-0.79224,-0.080695,-0.055183,0.60233
0.1031,0.79111,0.35314,-0.79376,-0.071026,-0.047737,0.60218
0.1031,0.7912,0.35346,-0.79516,-0.061332,-0.040303,0.60194
0.1031,0.79128,0.35377,-0.79644,-0.051614,-0.032882,0.60161
0.10309,0.79137,0.35409,-0.79761,-0.041874,-0.025475,0.60118
0.10309,0.79146,0.35441,-0.79864,-0.032113,-0.018083,0.60067
0.10309,0.79155,0.35472,-0.79956,-0.022332,-0.010708,0.60007
0.10309,0.79163,0.35504,-0.80036,-0.012534,-0.0033507,0.59937
0.10308,0.79172,0.35535,-0.80104,-0.0027197,0.0039882,0.59859
0.10308,0.79181,0.35567,-0.8016,0.0071094,0.011307,0.59772
0.10308,0.7919,0.35598,-0.80203,0.016952,0.018606,0.59675
0.10307,0.79199,0.35629,-0.80234,0.026806,0.025882,0.5957
0.10307,0.79208,0.3566,-0.80253,0.03667,0.033136,0.59456
0.10307,0.79217,0.35692,-0.8026,0.046542,0.040365,0.59333
0.10307,0.79226,0.35723,-0.80254,0.056422,0.04757,0.59202
0.10306,0.79236,0.35754,-0.80236,0.066307,0.054748,0.59062
0.10306,0.79245,0.35785,-0.80205,0.076195,0.061899,0.58913
0.10306,0.79254,0.35816,-0.80162,0.086087,0.069023,0.58756
0.10306,0.79263,0.35846,-0.80107,0.095978,0.076117,0.5859
0.10305,0.79273,0.35877,-0.80039,0.10587,0.083181,0.58416
0.10305,0.79282,0.35908,-0.79959,0.11576,0.090214,0.58233
0.10305,0.79292,0.35939,-0.79867,0.12564,0.097214,0.58042
0.10305,0.79301,0.35969,-0.79762,0.13552,0.10418,0.57843
0.10304,0.79311,0.35999,-0.79645,0.14539,0.11112,0.57636
0.10304,0.79321,0.3603,-0.79515,0.15526,0.11801,0.5742
0.10304,0.7933,0.3606,-0.79373,0.16511,0.12488,0.57196
0.10304,0.7933,0.3606,-0.79373,0.16511,0.12488,0.57196
0.10304,0.79332,0.36067,-0.79338,0.16743,0.12649,0.57142
0.10304,0.79335,0.36074,-0.79302,0.16975,0.1281,0.57088
0.10303,0.79337,0.36081,-0.79265,0.17207,0.12971,0.57033
0.10303,0.79339,0.36088,-0.79228,0.17439,0.13131,0.56977
0.10303,0.79342,0.36095,-0.7919,0.17671,0.13292,0.56922
0.10303,0.79344,0.36102,-0.79151,0.17902,0.13452,0.56866
0.10303,0.79346,0.3611,-0.79111,0.18134,0.13612,0.56809
0.10303,0.79349,0.36117,-0.79071,0.18365,0.13772,0.56752
0.10303,0.79351,0.36124,-0.79031,0.18597,0.13931,0.56694
0.10303,0.79353,0.36131,-0.78989,0.18828,0.14091,0.56636
0.10303,0.79355,0.36138,-0.78947,0.1906,0.1425,0.56578
0.10303,0.79358,0.36145,-0.78904,0.19291,0.14409,0.56519
0.10303,0.7936,0.36152,-0.78861,0.19522,0.14567,0.5646
0.10303,0.79362,0.36159,-0.78816,0.19753,0.14726,0.564
0.10303,0.79365,0.36166,-0.78771,0.19984,0.14884,0.5634
0.10303,0.79367,0.36173,-0.78726,0.20215,0.15042,0.56279
0.10303,0.79369,0.3618,-0.78679,0.20446,0.152,0.56218
0.10303,0.79372,0.36187,-0.78632,0.20676,0.15358,0.56157
0.10302,0.79374,0.36194,-0.78585,0.20907,0.15515,0.56095
0.10302,0.79376,0.36201,-0.78536,0.21137,0.15672,0.56033
0.10302,0.79379,0.36208,-0.78487,0.21367,0.15829,0.5597
0.10302,0.79381,0.36215,-0.78438,0.21598,0.15986,0.55907
0.10302,0.79383,0.36222,-0.78387,0.21828,0.16142,0.55843
0.10302,0.79386,0.36229,-0.78336,0.22058,0.16298,0.55779
0.10302,0.79388,0.36236,-0.78284,0.22288,0.16454,0.55715
0.10302,0.7939,0.36243,-0.78232,0.22517,0.1661,0.5565
0.10302,0.79393,0.3625,-0.78178,0.22747,0.16765,0.55584
0.10302,0.79395,0.36257,-0.78125,0.22976,0.16921,0.55519
0.10302,0.79397,0.36264,-0.7807,0.23206,0.17076,0.55452
0.10302,0.794,0.36271,-0.78015,0.23435,0.17231,0.55386
0.10302,0.79402,0.36278,-0.77959,0.23664,0.17385,0.55319
0.10302,0.79404,0.36285,-0.77902,0.23893,0.17539,0.55251
0.10302,0.79407,0.36292,-0.77845,0.24122,0.17693,0.55184
0.10302,0.79409,0.36299,-0.77787,0.24351,0.17847,0.55115
0.10301,0.79411,0.36306,-0.77728,0.24579,0.18001,0.55047
0.10301,0.79414,0.36313,-0.77669,0.24808,0.18154,0.54978
0.10301,0.79416,0.3632,-0.77609,0.25036,0.18307,0.54908
0.10301,0.79419,0.36327,-0.77548,0.25264,0.1846,0.54838
0.10301,0.79421,0.36334,-0.77487,0.25492,0.18613,0.54768
0.10301,0.79423,0.36341,-0.77425,0.2572,0.18765,0.54697
0.10301,0.79426,0.36347,-0.77362,0.25948,0.18917,0.54626
0.10301,0.79428,0.36354,-0.77298,0.26175,0.19069,0.54554
0.10301,0.7943,0.36361,-0.77234,0.26403,0.19221,0.54482
0.10301,0.79433,0.36368,-0.77169,0.2663,0.19372,0.5441
0.10301,0.79435,0.36375,-0.77104,0.26857,0.19523,0.54337
0.10301,0.79437,0.36382,-0.77038,0.27084,0.19674,0.54264
0.10301,0.7944,0.36389,-0.76971,0.27311,0.19825,0.5419
0.10301,0.79442,0.36395,-0.76903,0.27537,0.19975,0.54116
0.10301,0.79445,0.36402,-0.76835,0.27764,0.20125,0.54042
0.103,0.79447,0.36409,-0.76766,0.2799,0.20275,0.53967
0.103,0.79447,0.36409,-0.76766,0.2799,0.20275,0.53967
0.103,0.7946,0.36447,-0.76832,0.28012,0.20238,0.53875
0.103,0.79474,0.36485,-0.76898,0.28034,0.20201,0.53784
0.10299,0.79487,0.36523,-0.76963,0.28055,0.20165,0.53694
0.10299,0.79501,0.36561,-0.77028,0.28077,0.20128,0.53603
0.10299,0.79514,0.36598,-0.77092,0.28098,0.20092,0.53513
0.10298,0.79528,0.36635,-0.77156,0.28119,0.20056,0.53424
0.10298,0.79541,0.36672,-0.77219,0.2814,0.2002,0.53334
0.10298,0.79555,0.36709,-0.77282,0.2816,0.19985,0.53246
0.10297,0.79569,0.36745,-0.77344,0.28181,0.19949,0.53158
0.10297,0.79582,0.36781,-0.77406,0.28201,0.19914,0.53071
0.10297,0.79596,0.36817,-0.77467,0.28221,0.19879,0.52984
0.10296,0.7961,0.36852,-0.77528,0.28241,0.19844,0.52897
0.10296,0.79623,0.36887,-0.77588,0.28261,0.1981,0.52811
0.10296,0.79637,0.36922,-0.77648,0.2828,0.19775,0.52726
0.10295,0.79651,0.36957,-0.77707,0.28299,0.19741,0.52641
0.10295,0.79664,0.36991,-0.77765,0.28318,0.19707,0.52557
0.10295,0.79678,0.37025,-0.77823,0.28337,0.19674,0.52474
0.10294,0.79692,0.37059,-0.77881,0.28356,0.1964,0.52391
0.10294,0.79705,0.37092,-0.77938,0.28374,0.19607,0.52309
0.10294,0.79719,0.37125,-0.77994,0.28392,0.19574,0.52227
0.10293,0.79732,0.37158,-0.78049,0.2841,0.19542,0.52147
0.10293,0.79746,0.3719,-0.78104,0.28428,0.19509,0.52066
0.10293,0.79759,0.37222,-0.78159,0.28446,0.19477,0.51987
0.10292,0.79773,0.37254,-0.78213,0.28463,0.19446,0.51909
0.10292,0.79786,0.37285,-0.78266,0.2848,0.19414,0.51831
0.10292,0.798,0.37316,-0.78318,0.28497,0.19383,0.51754
0.10291,0.79813,0.37346,-0.7837,0.28513,0.19352,0.51678
0.10291,0.79826,0.37376,-0.78422,0.2853,0.19322,0.51602
0.10291,0.79839,0.37406,-0.78472,0.28546,0.19292,0.51527
0.1029,0.79853,0.37436,-0.78522,0.28562,0.19262,0.51454
0.1029,0.79866,0.37465,-0.78571,0.28577,0.19232,0.51381
0.1029,0.79879,0.37493,-0.7862,0.28592,0.19203,0.51309
0.10289,0.79892,0.37522,-0.78668,0.28608,0.19174,0.51238
0.10289,0.79905,0.3755,-0.78715,0.28622,0.19146,0.51167
0.10289,0.79917,0.37577,-0.78762,0.28637,0.19118,0.51098
0.10289,0.7993,0.37604,-0.78808,0.28651,0.1909,0.5103
0.10288,0.79943,0.37631,-0.78853,0.28665,0.19062,0.50962
0.10288,0.79955,0.37657,-0.78897,0.28679,0.19035,0.50896
0.10288,0.79968,0.37683,-0.78941,0.28692,0.19009,0.5083
0.10287,0.7998,0.37708,-0.78984,0.28706,0.18982,0.50766
0.10287,0.79992,0.37733,-0.79026,0.28719,0.18956,0.50702
0.10287,0.80004,0.37758,-0.79068,0.28731,0.18931,0.5064
0.10287,0.80016,0.37782,-0.79109,0.28744,0.18906,0.50578
0.10286,0.80028,0.37806,-0.79149,0.28756,0.18881,0.50518
0.10286,0.8004,0.37829,-0.79188,0.28768,0.18857,0.50459
0.10286,0.80052,0.37852,-0.79227,0.28779,0.18833,0.504
0.10286,0.80063,0.37874,-0.79265,0.28791,0.18809,0.50343
0.10285,0.80075,0.37896,-0.79302,0.28802,0.18786,0.50287
0.10285,0.80086,0.37917,-0.79338,0.28812,0.18764,0.50232
0.10285,0.80097,0.37938,-0.79373,0.28823,0.18742,0.50178
0.10285,0.80097,0.37938,-0.79373,0.28823,0.18742,0.50178
0.10285,0.80097,0.37938,-0.79373,0.28823,0.18742,0.50178
0.10285,0.80097,0.37938,-0.79373,0.28823,0.18742,0.50178
0.10285,0.80097,0.37938,-0.79373,0.28823,0.18742,0.50178
0.10285,0.80097,0.37938,-0.79373,0.28823,0.18742,0.50178
0.10285,0.80097,0.37938,-0.79374,0.28823,0.18742,0.50178
0.10285,0.80097,0.37938,-0.79374,0.28823,0.18742,0.50178
0.10285,0.80097,0.37938,-0.79374,0.28823,0.18742,0.50178
0.10285,0.80097,0.37938,-0.79374,0.28823,0.18741,0.50178
0.10285,0.80097,0.37938,-0.79374,0.28823,0.18741,0.50178
0.10285,0.80097,0.37938,-0.79374,0.28823,0.18741,0.50178
0.10285,0.80097,0.37938,-0.79374,0.28823,0.18741,0.50178
0.10285,0.80097,0.37938,-0.79374,0.28823,0.18741,0.50178
0.10285,0.80097,0.37938,-0.79374,0.28823,0.18741,0.50178
0.10285,0.80097,0.37938,-0.79374,0.28823,0.18741,0.50178
0.10285,0.80097,0.37938,-0.79374,0.28823,0.18741,0.50178
0.10285,0.80097,0.37938,-0.79374,0.28823,0.18741,0.50178
0.10285,0.80097,0.37938,-0.79374,0.28823,0.18741,0.50178
0.10285,0.80097,0.37938,-0.79374,0.28823,0.18741,0.50178
0.10285,0.80097,0.37938,-0.79374,0.28823,0.18741,0.50178
0.10285,0.80097,0.37938,-0.79374,0.28823,0.18741,0.50178
0.10285,0.80097,0.37938,-0.79374,0.28823,0.18741,0.50178
0.10285,0.80097,0.37938,-0.79374,0.28823,0.18741,0.50178
0.10285,0.80097,0.37938,-0.79374,0.28823,0.18741,0.50178
0.10285,0.80097,0.37938,-0.79374,0.28823,0.18741,0.50178
0.10285,0.80097,0.37938,-0.79374,0.28823,0.18741,0.50178
0.10285,0.80097,0.37938,-0.79374,0.28823,0.18741,0.50177
0.10285,0.80097,0.37938,-0.79374,0.28823,0.18741,0.50177
0.10285,0.80097,0.37938,-0.79374,0.28823,0.18741,0.50177
0.10285,0.80097,0.37938,-0.79374,0.28823,0.18741,0.50177
0.10285,0.80097,0.37938,-0.79374,0.28823,0.18741,0.50177
0.10285,0.80097,0.37938,-0.79374,0.28823,0.18741,0.50177
0.10285,0.80097,0.37939,-0.79374,0.28823,0.18741,0.50177
0.10285,0.80097,0.37939,-0.79374,0.28823,0.18741,0.50177
0.10285,0.80097,0.37939,-0.79374,0.28823,0.18741,0.50177
0.10285,0.80097,0.37939,-0.79374,0.28823,0.18741,0.50177
0.10285,0.80097,0.37939,-0.79374,0.28823,0.18741,0.50177
0.10285,0.80097,0.37939,-0.79374,0.28823,0.18741,0.50177
0.10285,0.80097,0.37939,-0.79374,0.28823,0.18741,0.50177
0.10285,0.80097,0.37939,-0.79374,0.28823,0.18741,0.50177
0.10285,0.80097,0.37939,-0.79374,0.28823,0.18741,0.50177
0.10285,0.80097,0.37939,-0.79374,0.28823,0.18741,0.50177
0.10285,0.80097,0.37939,-0.79374,0.28823,0.18741,0.50177
0.10285,0.80097,0.37939,-0.79374,0.28823,0.18741,0.50177
0.10285,0.80097,0.37939,-0.79374,0.28823,0.18741,0.50177
0.10285,0.80097,0.37939,-0.79374,0.28823,0.18741,0.50177
0.10285,0.80097,0.37939,-0.79374,0.28823,0.18741,0.50177
0.10285,0.80097,0.37939,-0.79374,0.28823,0.18741,0.50177
0.10285,0.80097,0.37939,-0.79374,0.28823,0.18741,0.50177
0.10285,0.80097,0.37939,-0.79374,0.28823,0.18741,0.50177
0.10285,0.80097,0.37939,-0.79374,0.28823,0.18741,0.50177
0.10285,0.80097,0.37939,-0.79374,0.28823,0.18741,0.50177
0.10285,0.80101,0.37945,-0.79385,0.28827,0.18735,0.5016
0.10285,0.80104,0.37952,-0.79396,0.28831,0.18728,0.50143
0.10285,0.80108,0.37958,-0.79407,0.28835,0.18722,0.50126
0.10285,0.80111,0.37965,-0.79417,0.28839,0.18715,0.50109
0.10285,0.80115,0.37971,-0.79428,0.28843,0.18709,0.50093
0.10284,0.80118,0.37977,-0.79438,0.28847,0.18703,0.50076
0.10284,0.80122,0.37984,-0.79449,0.28851,0.18697,0.5006
0.10284,0.80125,0.3799,-0.79459,0.28854,0.1869,0.50044
0.10284,0.80129,0.37996,-0.79469,0.28858,0.18684,0.50028
0.10284,0.80132,0.38002,-0.79479,0.28862,0.18678,0.50012
0.10284,0.80135,0.38008,-0.79489,0.28866,0.18672,0.49996
0.10284,0.80139,0.38014,-0.79499,0.28869,0.18666,0.4998
0.10284,0.80142,0.3802,-0.79509,0.28873,0.1866,0.49964
0.10284,0.80145,0.38026,-0.79519,0.28877,0.18654,0.49949
0.10284,0.80149,0.38032,-0.79529,0.2888,0.18649,0.49934
0.10284,0.80152,0.38038,-0.79538,0.28884,0.18643,0.49918
0.10284,0.80155,0.38044,-0.79548,0.28887,0.18637,0.49903
0.10284,0.80158,0.3805,-0.79557,0.28891,0.18631,0.49888
0.10284,0.80162,0.38055,-0.79567,0.28894,0.18626,0.49873
0.10283,0.80165,0.38061,-0.79576,0.28898,0.1862,0.49858
0.10283,0.80168,0.38066,-0.79585,0.28901,0.18614,0.49844
0.10283,0.80171,0.38072,-0.79595,0.28905,0.18609,0.49829
0.10283,0.80175,0.38078,-0.79604,0.28908,0.18603,0.49815
0.10283,0.80178,0.38083,-0.79613,0.28911,0.18598,0.49801
0.10283,0.80181,0.38088,-0.79622,0.28914,0.18593,0.49786
0.10283,0.80184,0.38094,-0.7963,0.28918,0.18587,0.49772
0.10283,0.80187,0.38099,-0.79639,0.28921,0.18582,0.49758
0.10283,0.8019,0.38104,-0.79648,0.28924,0.18577,0.49745
0.10283,0.80193,0.3811,-0.79656,0.28927,0.18572,0.49731
0.10283,0.80196,0.38115,-0.79665,0.28931,0.18566,0.49717
0.10283,0.80199,0.3812,-0.79673,0.28934,0.18561,0.49704
0.10283,0.80202,0.38125,-0.79682,0.28937,0.18556,0.49691
0.10283,0.80205,0.3813,-0.7969,0.2894,0.18551,0.49678
0.10283,0.80208,0.38135,-0.79698,0.28943,0.18546,0.49665
0.10282,0.80211,0.3814,-0.79706,0.28946,0.18541,0.49652
0.10282,0.80214,0.38145,-0.79714,0.28949,0.18537,0.49639
0.10282,0.80217,0.38149,-0.79722,0.28952,0.18532,0.49626
0.10282,0.8022,0.38154,-0.7973,0.28955,0.18527,0.49614
0.10282,0.80223,0.38159,-0.79738,0.28957,0.18522,0.49601
0.10282,0.80226,0.38164,-0.79745,0.2896,0.18518,0.49589
0.10282,0.80229,0.38168,-0.79753,0.28963,0.18513,0.49577
0.10282,0.80232,0.38173,-0.79761,0.28966,0.18508,0.49565
0.10282,0.80235,0.38177,-0.79768,0.28969,0.18504,0.49553
0.10282,0.80237,0.38182,-0.79775,0.28971,0.18499,0.49541
0.10282,0.8024,0.38186,-0.79783,0.28974,0.18495,0.4953
0.10282,0.80243,0.3819,-0.7979,0.28977,0.18491,0.49518
0.10282,0.80246,0.38195,-0.79797,0.28979,0.18486,0.49507
0.10282,0.80248,0.38199,-0.79804,0.28982,0.18482,0.49495
0.10282,0.80251,0.38203,-0.79811,0.28985,0.18478,0.49484
0.10282,0.80254,0.38207,-0.79818,0.28987,0.18474,0.49473
0.10282,0.80254,0.38207,-0.79818,0.28987,0.18474,0.49473
0.10282,0.80252,0.38204,-0.79917,0.28695,0.18297,0.49548
0.10282,0.8025,0.38201,-0.80016,0.28403,0.1812,0.49622
0.10282,0.80248,0.38198,-0.80113,0.28111,0.17943,0.49696
0.10282,0.80246,0.38195,-0.8021,0.27818,0.17765,0.49769
0.10282,0.80244,0.38192,-0.80305,0.27525,0.17588,0.49842
0.10282,0.80242,0.38189,-0.80399,0.27231,0.17409,0.49914
0.10282,0.8024,0.38185,-0.80492,0.26937,0.17231,0.49985
0.10282,0.80238,0.38182,-0.80584,0.26643,0.17053,0.50056
0.10282,0.80236,0.38179,-0.80674,0.26349,0.16874,0.50126
0.10282,0.80234,0.38176,-0.80764,0.26054,0.16695,0.50196
0.10282,0.80231,0.38172,-0.80853,0.25759,0.16515,0.50265
0.10282,0.80229,0.38169,-0.8094,0.25463,0.16336,0.50334
0.10282,0.80227,0.38166,-0.81026,0.25167,0.16156,0.50402
0.10282,0.80225,0.38162,-0.81111,0.24871,0.15976,0.50469
0.10282,0.80223,0.38159,-0.81195,0.24575,0.15795,0.50536
0.10282,0.80221,0.38155,-0.81278,0.24278,0.15615,0.50603
0.10282,0.80219,0.38152,-0.8136,0.23981,0.15434,0.50668
0.10282,0.80217,0.38148,-0.8144,0.23684,0.15253,0.50733
0.10282,0.80214,0.38145,-0.8152,0.23386,0.15071,0.50798
0.10282,0.80212,0.38141,-0.81598,0.23089,0.1489,0.50862
0.10283,0.8021,0.38138,-0.81675,0.22791,0.14708,0.50925
0.10283,0.80208,0.38134,-0.81751,0.22492,0.14526,0.50988
0.10283,0.80206,0.3813,-0.81826,0.22194,0.14344,0.51051
0.10283,0.80203,0.38127,-0.819,0.21895,0.14161,0.51112
0.10283,0.80201,0.38123,-0.81973,0.21596,0.13978,0.51173
0.10283,0.80199,0.38119,-0.82044,0.21296,0.13795,0.51234
0.10283,0.80197,0.38115,-0.82115,0.20997,0.13612,0.51294
0.10283,0.80194,0.38112,-0.82184,0.20697,0.13428,0.51353
0.10283,0.80192,0.38108,-0.82252,0.20397,0.13244,0.51412
0.10283,0.8019,0.38104,-0.82319,0.20096,0.1306,0.5147
0.10283,0.80188,0.381,-0.82385,0.19796,0.12876,0.51528
0.10283,0.80185,0.38096,-0.82449,0.19495,0.12692,0.51585
0.10283,0.80183,0.38092,-0.82513,0.19194,0.12507,0.51641
0.10283,0.80181,0.38088,-0.82575,0.18893,0.12322,0.51697
0.10283,0.80178,0.38084,-0.82636,0.18591,0.12137,0.51752
0.10283,0.80176,0.3808,-0.82697,0.18289,0.11952,0.51807
0.10283,0.80174,0.38076,-0.82755,0.17988,0.11766,0.51861
0.10283,0.80171,0.38072,-0.82813,0.17686,0.1158,0.51914
0.10283,0.80169,0.38068,-0.8287,0.17383,0.11394,0.51967
0.10283,0.80167,0.38064,-0.82926,0.17081,0.11208,0.52019
0.10283,0.80164,0.3806,-0.8298,0.16778,0.11022,0.52071
0.10284,0.80162,0.38056,-0.83033,0.16475,0.10835,0.52122
0.10284,0.8016,0.38052,-0.83085,0.16172,0.10648,0.52172
0.10284,0.80157,0.38047,-0.83136,0.15869,0.10461,0.52222
0.10284,0.80155,0.38043,-0.83186,0.15566,0.10274,0.52271
0.10284,0.80152,0.38039,-0.83234,0.15263,0.10086,0.5232
0.10284,0.8015,0.38035,-0.83282,0.14959,0.098986,0.52368
0.10284,0.80148,0.3803,-0.83328,0.14655,0.097107,0.52416
0.10284,0.80145,0.38026,-0.83373,0.14351,0.095226,0.52462
0.10284,0.80143,0.38021,-0.83417,0.14047,0.093343,0.52509
0.10284,0.80143,0.38021,-0.83417,0.14047,0.093343,0.52509
0.10284,0.8014,0.38017,-0.8346,0.13741,0.091448,0.52554
0.10284,0.80138,0.38013,-0.83502,0.13435,0.08955,0.526
0.10284,0.80135,0.38008,-0.83543,0.13129,0.087651,0.52644
0.10284,0.80133,0.38004,-0.83582,0.12823,0.08575,0.52688
0.10284,0.8013,0.37999,-0.83621,0.12517,0.083847,0.52732
0.10284,0.80128,0.37995,-0.83658,0.1221,0.081942,0.52775
0.10284,0.80125,0.3799,-0.83694,0.11903,0.080035,0.52817
0.10284,0.80123,0.37985,-0.83729,0.11597,0.078126,0.52858
0.10284,0.8012,0.37981,-0.83762,0.1129,0.076215,0.52899
0.10284,0.80118,0.37976,-0.83795,0.10983,0.074303,0.52939
0.10284,0.80115,0.37971,-0.83826,0.10676,0.072388,0.52979
0.10285,0.80113,0.37967,-0.83856,0.10369,0.070472,0.53018
0.10285,0.8011,0.37962,-0.83885,0.10062,0.068554,0.53057
0.10285,0.80107,0.37957,-0.83913,0.097544,0.066634,0.53094
0.10285,0.80105,0.37952,-0.8394,0.094471,0.064713,0.53132
0.10285,0.80102,0.37948,-0.83965,0.091397,0.062789,0.53168
0.10285,0.801,0.37943,-0.8399,0.088322,0.060864,0.53204
0.10285,0.80097,0.37938,-0.84013,0.085247,0.058938,0.53239
0.10285,0.80094,0.37933,-0.84035,0.082171,0.057009,0.53274
0.10285,0.80092,0.37928,-0.84056,0.079094,0.055079,0.53308
0.10285,0.80089,0.37923,-0.84075,0.076017,0.053148,0.53341
0.10285,0.80087,0.37918,-0.84094,0.07294,0.051214,0.53374
0.10285,0.80084,0.37913,-0.84111,0.069862,0.049279,0.53406
0.10285,0.80081,0.37908,-0.84127,0.066784,0.047343,0.53438
0.10285,0.80079,0.37903,-0.84142,0.063706,0.045405,0.53468
0.10285,0.80076,0.37898,-0.84156,0.060628,0.043465,0.53499
0.10285,0.80073,0.37893,-0.84169,0.057549,0.041524,0.53528
0.10285,0.80071,0.37888,-0.8418,0.05447,0.039581,0.53557
0.10286,0.80068,0.37883,-0.8419,0.051391,0.037636,0.53585
0.10286,0.80065,0.37878,-0.842,0.048312,0.035691,0.53613
0.10286,0.80063,0.37872,-0.84208,0.045233,0.033743,0.5364
0.10286,0.8006,0.37867,-0.84214,0.042154,0.031795,0.53666
0.10286,0.80057,0.37862,-0.8422,0.039075,0.029845,0.53692
0.10286,0.80054,0.37857,-0.84224,0.035996,0.027893,0.53717
0.10286,0.80052,0.37851,-0.84228,0.032918,0.02594,0.53742
0.10286,0.80049,0.37846,-0.8423,0.029839,0.023986,0.53765
0.10286,0.80046,0.37841,-0.84231,0.026761,0.02203,0.53788
0.10286,0.80044,0.37835,-0.8423,0.023683,0.020073,0.53811
0.10286,0.80041,0.3783,-0.84229,0.020606,0.018115,0.53833
0.10286,0.80038,0.37825,-0.84226,0.017529,0.016155,0.53854
0.10286,0.80035,0.37819,-0.84223,0.014452,0.014194,0.53874
0.10286,0.80032,0.37814,-0.84218,0.011376,0.012232,0.53894
0.10286,0.8003,0.37808,-0.84212,0.0083006,0.010268,0.53914
0.10286,0.80027,0.37803,-0.84204,0.0052257,0.0083036,0.53932
0.10286,0.80024,0.37797,-0.84196,0.0021514,0.0063377,0.5395
0.10287,0.80021,0.37792,-0.84186,-0.00092222,0.0043707,0.53967
0.10287,0.80019,0.37786,-0.84175,-0.0039951,0.0024024,0.53984
0.10287,0.80016,0.37781,-0.84164,-0.0070672,0.00043299,0.54
0.10287,0.80013,0.37775,-0.8415,-0.010139,-0.0015376,0.54015
0.10287,0.8001,0.37769,-0.84136,-0.013209,-0.0035092,0.5403
0.10287,0.8001,0.37769,-0.84136,-0.013209,-0.0035092,0.5403
0.10287,0.80004,0.37758,-0.84103,-0.019582,-0.0076072,0.54058
0.10287,0.79998,0.37746,-0.84065,-0.025952,-0.01171,0.54082
0.10287,0.79993,0.37734,-0.84022,-0.032316,-0.015816,0.54104
0.10287,0.79987,0.37722,-0.83975,-0.038676,-0.019927,0.54124
0.10287,0.79981,0.3771,-0.83922,-0.04503,-0.024042,0.5414
0.10288,0.79975,0.37698,-0.83864,-0.051378,-0.02816,0.54153
0.10288,0.79969,0.37686,-0.83801,-0.057719,-0.032282,0.54164
0.10288,0.79963,0.37674,-0.83733,-0.064054,-0.036407,0.54171
0.10288,0.79957,0.37661,-0.8366,-0.070382,-0.040536,0.54176
0.10288,0.79951,0.37649,-0.83582,-0.076703,-0.044667,0.54178
0.10288,0.79945,0.37636,-0.835,-0.083015,-0.048801,0.54176
0.10288,0.79939,0.37624,-0.83412,-0.08932,-0.052938,0.54172
0.10289,0.79933,0.37611,-0.83319,-0.095615,-0.057077,0.54165
0.10289,0.79927,0.37598,-0.83222,-0.1019,-0.061219,0.54155
0.10289,0.79921,0.37585,-0.83119,-0.10818,-0.065362,0.54143
0.10289,0.79915,0.37572,-0.83012,-0.11445,-0.069508,0.54127
0.10289,0.79909,0.37559,-0.829,-0.1207,-0.073655,0.54108
0.10289,0.79903,0.37546,-0.82783,-0.12695,-0.077803,0.54086
0.10289,0.79896,0.37532,-0.82661,-0.13318,-0.081952,0.54061
0.1029,0.7989,0.37519,-0.82534,-0.13941,-0.086104,0.54034
0.1029,0.79884,0.37505,-0.82402,-0.14562,-0.090255,0.54003
0.1029,0.79878,0.37492,-0.82266,-0.15182,-0.094407,0.5397
0.1029,0.79872,0.37478,-0.82124,-0.158,-0.09856,0.53933
0.1029,0.79865,0.37464,-0.81978,-0.16418,-0.10271,0.53894
0.1029,0.79859,0.3745,-0.81827,-0.17034,-0.10687,0.53851
0.1029,0.79853,0.37436,-0.81672,-0.17648,-0.11102,0.53806
0.10291,0.79847,0.37422,-0.81511,-0.18262,-0.11517,0.53757
0.10291,0.7984,0.37408,-0.81346,-0.18874,-0.11932,0.53706
0.10291,0.79834,0.37394,-0.81176,-0.19484,-0.12348,0.53651
0.10291,0.79828,0.3738,-0.81001,-0.20093,-0.12763,0.53593
0.10291,0.79821,0.37365,-0.80821,-0.207,-0.13178,0.53533
0.10291,0.79815,0.37351,-0.80637,-0.21305,-0.13592,0.53469
0.10291,0.79809,0.37336,-0.80448,-0.21909,-0.14007,0.53403
0.10292,0.79802,0.37322,-0.80255,-0.22512,-0.14421,0.53333
0.10292,0.79796,0.37307,-0.80057,-0.23112,-0.14836,0.5326
0.10292,0.79789,0.37292,-0.79854,-0.23711,-0.1525,0.53185
0.10292,0.79783,0.37277,-0.79647,-0.24308,-0.15663,0.53105
0.10292,0.79776,0.37262,-0.79434,-0.24903,-0.16077,0.53024
0.10292,0.7977,0.37247,-0.79218,-0.25496,-0.1649,0.5294
0.10292,0.79764,0.37232,-0.78996,-0.26088,-0.16903,0.52852
0.10293,0.79757,0.37217,-0.7877,-0.26677,-0.17316,0.52761
0.10293,0.79751,0.37202,-0.7854,-0.27265,-0.17728,0.52667
0.10293,0.79744,0.37186,-0.78305,-0.2785,-0.1814,0.5257
0.10293,0.79738,0.37171,-0.78066,-0.28434,-0.18551,0.5247
0.10293,0.79731,0.37155,-0.77822,-0.29015,-0.18962,0.52367
0.10293,0.79725,0.3714,-0.77574,-0.29594,-0.19373,0.52261
0.10294,0.79718,0.37124,-0.77321,-0.30171,-0.19783,0.52151
0.10294,0.79712,0.37108,-0.77064,-0.30746,-0.20193,0.52039
0.10294,0.79705,0.37092,-0.76802,-0.31319,-0.20602,0.51924
0.10294,0.79699,0.37076,-0.76536,-0.31889,-0.21011,0.51806
0.10294,0.79699,0.37076,-0.76536,-0.31889,-0.21011,0.51806
0.10294,0.79693,0.37063,-0.76312,-0.32363,-0.21351,0.51704
0.10294,0.79688,0.3705,-0.76084,-0.32836,-0.2169,0.51599
0.10294,0.79683,0.37037,-0.75854,-0.33307,-0.22029,0.51493
0.10295,0.79678,0.37024,-0.7562,-0.33776,-0.22368,0.51385
0.10295,0.79672,0.37011,-0.75384,-0.34244,-0.22706,0.51274
0.10295,0.79667,0.36998,-0.75145,-0.3471,-0.23044,0.51161
0.10295,0.79662,0.36985,-0.74902,-0.35174,-0.23381,0.51047
0.10295,0.79656,0.36972,-0.74657,-0.35637,-0.23718,0.5093
0.10295,0.79651,0.36958,-0.74408,-0.36097,-0.24054,0.50811
0.10295,0.79646,0.36945,-0.74158,-0.36557,-0.2439,0.50689
0.10296,0.79641,0.36932,-0.73903,-0.37014,-0.24725,0.50566
0.10296,0.79635,0.36918,-0.73646,-0.37469,-0.2506,0.50441
0.10296,0.7963,0.36905,-0.73386,-0.37923,-0.25394,0.50313
0.10296,0.79625,0.36891,-0.73124,-0.38375,-0.25728,0.50184
0.10296,0.79619,0.36878,-0.72858,-0.38825,-0.26061,0.50052
0.10296,0.79614,0.36864,-0.7259,-0.39273,-0.26393,0.49918
0.10296,0.79609,0.3685,-0.72318,-0.39719,-0.26725,0.49782
0.10296,0.79604,0.36837,-0.72044,-0.40164,-0.27056,0.49644
0.10297,0.79598,0.36823,-0.71767,-0.40606,-0.27386,0.49504
0.10297,0.79593,0.36809,-0.71488,-0.41047,-0.27716,0.49361
0.10297,0.79588,0.36795,-0.71205,-0.41485,-0.28045,0.49217
0.10297,0.79582,0.36781,-0.7092,-0.41922,-0.28374,0.4907
0.10297,0.79577,0.36767,-0.70632,-0.42356,-0.28702,0.48921
0.10297,0.79572,0.36753,-0.70341,-0.42789,-0.29029,0.4877
0.10297,0.79567,0.36739,-0.70048,-0.43219,-0.29355,0.48617
0.10298,0.79561,0.36725,-0.69752,-0.43648,-0.29681,0.48462
0.10298,0.79556,0.36711,-0.69453,-0.44074,-0.30006,0.48305
0.10298,0.79551,0.36697,-0.69152,-0.44499,-0.3033,0.48146
0.10298,0.79546,0.36683,-0.68847,-0.44921,-0.30653,0.47984
0.10298,0.7954,0.36669,-0.68541,-0.45341,-0.30976,0.47821
0.10298,0.79535,0.36655,-0.68231,-0.45759,-0.31298,0.47655
0.10298,0.7953,0.3664,-0.6792,-0.46175,-0.31619,0.47487
0.10298,0.79524,0.36626,-0.67605,-0.46589,-0.31939,0.47318
0.10299,0.79519,0.36612,-0.67288,-0.47,-0.32258,0.47146
0.10299,0.79514,0.36597,-0.66968,-0.4741,-0.32577,0.46972
0.10299,0.79509,0.36583,-0.66646,-0.47817,-0.32894,0.46796
0.10299,0.79503,0.36568,-0.66321,-0.48222,-0.33211,0.46618
0.10299,0.79498,0.36554,-0.65993,-0.48625,-0.33527,0.46438
0.10299,0.79493,0.36539,-0.65664,-0.49025,-0.33842,0.46255
0.10299,0.79488,0.36525,-0.65331,-0.49423,-0.34156,0.46071
0.103,0.79483,0.3651,-0.64996,-0.49819,-0.34469,0.45885
0.103,0.79477,0.36495,-0.64659,-0.50213,-0.34781,0.45696
0.103,0.79472,0.36481,-0.6432,-0.50604,-0.35092,0.45506
0.103,0.79467,0.36466,-0.63977,-0.50993,-0.35402,0.45313
0.103,0.79462,0.36451,-0.63633,-0.5138,-0.35711,0.45118
0.103,0.79457,0.36437,-0.63286,-0.51764,-0.36019,0.44922
0.103,0.79451,0.36422,-0.62937,-0.52146,-0.36327,0.44723
0.10301,0.79446,0.36407,-0.62585,-0.52525,-0.36633,0.44522
0.10301,0.79441,0.36392,-0.62231,-0.52902,-0.36938,0.44319
0.10301,0.79436,0.36377,-0.61875,-0.53277,-0.37242,0.44115
0.10301,0.79436,0.36377,-0.61875,-0.53277,-0.37242,0.44115
0.10301,0.79427,0.36351,-0.61246,-0.53927,-0.37771,0.43752
0.10301,0.79418,0.36324,-0.6061,-0.54569,-0.38297,0.43382
0.10302,0.79409,0.36298,-0.59967,-0.55203,-0.3882,0.43007
0.10302,0.794,0.36271,-0.59317,-0.5583,-0.39339,0.42625
0.10302,0.79391,0.36245,-0.58661,-0.56449,-0.39855,0.42237
0.10302,0.79382,0.36218,-0.57998,-0.5706,-0.40367,0.41843
0.10303,0.79373,0.36191,-0.57329,-0.57664,-0.40875,0.41443
0.10303,0.79364,0.36164,-0.56653,-0.58259,-0.41379,0.41038
0.10303,0.79355,0.36137,-0.55971,-0.58847,-0.4188,0.40626
0.10303,0.79346,0.3611,-0.55283,-0.59426,-0.42376,0.40208
0.10304,0.79338,0.36083,-0.54588,-0.59997,-0.42869,0.39784
0.10304,0.79329,0.36056,-0.53888,-0.6056,-0.43357,0.39353
0.10304,0.7932,0.36028,-0.53182,-0.61115,-0.43841,0.38919
0.10304,0.79311,0.36001,-0.5247,-0.61661,-0.44321,0.38477
0.10305,0.79303,0.35973,-0.51752,-0.62199,-0.44797,0.3803
0.10305,0.79294,0.35946,-0.51029,-0.62728,-0.45268,0.37577
0.10305,0.79285,0.35918,-0.503,-0.63249,-0.45735,0.37118
0.10305,0.79277,0.3589,-0.49566,-0.63762,-0.46197,0.36654
0.10306,0.79268,0.35862,-0.48827,-0.64265,-0.46655,0.36184
0.10306,0.7926,0.35835,-0.48082,-0.6476,-0.47108,0.35708
0.10306,0.79251,0.35807,-0.47332,-0.65247,-0.47556,0.35227
0.10306,0.79243,0.35779,-0.46578,-0.65724,-0.47999,0.34741
0.10306,0.79235,0.35751,-0.45818,-0.66193,-0.48438,0.34248
0.10307,0.79226,0.35723,-0.45054,-0.66653,-0.48871,0.33751
0.10307,0.79218,0.35695,-0.44285,-0.67104,-0.493,0.33248
0.10307,0.7921,0.35666,-0.43512,-0.67546,-0.49723,0.3274
0.10307,0.79202,0.35638,-0.42734,-0.67979,-0.50141,0.32226
0.10308,0.79193,0.3561,-0.41952,-0.68403,-0.50554,0.31708
0.10308,0.79185,0.35581,-0.41166,-0.68818,-0.50962,0.31184
0.10308,0.79177,0.35553,-0.40376,-0.69223,-0.51364,0.30655
0.10308,0.79169,0.35525,-0.39581,-0.6962,-0.51761,0.30121
0.10309,0.79161,0.35496,-0.38783,-0.70007,-0.52152,0.29582
0.10309,0.79153,0.35468,-0.37981,-0.70385,-0.52537,0.29037
0.10309,0.79145,0.35439,-0.37175,-0.70754,-0.52917,0.28488
0.10309,0.79138,0.35411,-0.36366,-0.71114,-0.53291,0.27934
0.1031,0.7913,0.35382,-0.35553,-0.71464,-0.5366,0.27376
0.1031,0.79122,0.35353,-0.34737,-0.71805,-0.54023,0.26813
0.1031,0.79114,0.35324,-0.33918,-0.72136,-0.5438,0.26245
0.1031,0.79106,0.35296,-0.33095,-0.72458,-0.54731,0.25672
0.10311,0.79099,0.35267,-0.3227,-0.72771,-0.55075,0.25095
0.10311,0.79091,0.35238,-0.31441,-0.73074,-0.55414,0.24513
0.10311,0.79084,0.35209,-0.3061,-0.73368,-0.55747,0.23927
0.10311,0.79076,0.3518,-0.29776,-0.73652,-0.56073,0.23337
0.10312,0.79069,0.35151,-0.2894,-0.73926,-0.56393,0.22742
0.10312,0.79061,0.35123,-0.28101,-0.74191,-0.56707,0.22143
0.10312,0.79054,0.35094,-0.2726,-0.74447,-0.57014,0.2154
0.10312,0.79047,0.35065,-0.26417,-0.74693,-0.57315,0.20932
0.10313,0.7904,0.35036,-0.25571,-0.74929,-0.57609,0.20321
0.10313,0.79032,0.35007,-0.24723,-0.75155,-0.57897,0.19706
0.10313,0.79025,0.34978,-0.23874,-0.75372,-0.58179,0.19086
0.10313,0.79025,0.34978,-0.23874,-0.75372,-0.58179,0.19086
0.10313,0.79018,0.34948,-0.22984,-0.7559,-0.58465,0.18434
0.10313,0.79011,0.34918,-0.22091,-0.75796,-0.58744,0.17778
0.10314,0.79004,0.34887,-0.21197,-0.75992,-0.59015,0.17118
0.10314,0.78996,0.34857,-0.20302,-0.76178,-0.5928,0.16454
0.10314,0.78989,0.34827,-0.19405,-0.76353,-0.59536,0.15786
0.10314,0.78982,0.34797,-0.18507,-0.76517,-0.59785,0.15114
0.10315,0.78975,0.34767,-0.17607,-0.7667,-0.60026,0.14439
0.10315,0.78968,0.34737,-0.16706,-0.76814,-0.6026,0.1376
0.10315,0.78961,0.34707,-0.15805,-0.76946,-0.60486,0.13077
0.10315,0.78955,0.34677,-0.14902,-0.77068,-0.60704,0.12392
0.10316,0.78948,0.34647,-0.13999,-0.77179,-0.60914,0.11702
0.10316,0.78941,0.34617,-0.13096,-0.7728,-0.61116,0.1101
0.10316,0.78935,0.34587,-0.12191,-0.77369,-0.6131,0.10315
0.10316,0.78928,0.34557,-0.11287,-0.77449,-0.61496,0.096161
0.10317,0.78921,0.34527,-0.10382,-0.77518,-0.61674,0.089145
0.10317,0.78915,0.34497,-0.094776,-0.77578,-0.61843,0.082099
0.10317,0.78909,0.34466,-0.085726,-0.77623,-0.62007,0.075031
0.10317,0.78902,0.34436,-0.07668,-0.77661,-0.6216,0.067934
0.10318,0.78896,0.34406,-0.067637,-0.77687,-0.62306,0.060811
0.10318,0.7889,0.34376,-0.058598,-0.77703,-0.62443,0.053663
0.10318,0.78883,0.34346,-0.049565,-0.77708,-0.62572,0.046491
0.10318,0.78877,0.34316,-0.040538,-0.77704,-0.62692,0.039297
0.10318,0.78871,0.34286,-0.031519,-0.77688,-0.62804,0.032081
0.10319,0.78865,0.34257,-0.022509,-0.77662,-0.62908,0.024845
0.10319,0.78859,0.34227,-0.013509,-0.77625,-0.63003,0.017588
0.10319,0.78853,0.34197,-0.0045206,-0.77579,-0.6309,0.010313
0.10319,0.78848,0.34167,0.0044551,-0.77521,-0.63168,0.0030202
0.1032,0.78842,0.34137,-0.013417,0.77454,0.63237,0.0042893
0.1032,0.78836,0.34107,-0.022364,0.77376,0.63298,0.011615
0.1032,0.78831,0.34077,-0.031294,0.77287,0.6335,0.018954
0.1032,0.78825,0.34048,-0.040208,0.77189,0.63394,0.026308
0.1032,0.78819,0.34018,-0.049102,0.7708,0.63429,0.033674
0.10321,0.78814,0.33988,-0.057977,0.76961,0.63455,0.041051
0.10321,0.78809,0.33959,-0.066831,0.76832,0.63473,0.048439
0.10321,0.78803,0.33929,-0.075662,0.76692,0.63481,0.055836
0.10321,0.78798,0.33899,-0.084471,0.76543,0.63481,0.063242
0.10322,0.78793,0.3387,-0.093255,0.76383,0.63472,0.070655
0.10322,0.78787,0.3384,-0.10201,0.76213,0.63455,0.078074
0.10322,0.78782,0.33811,-0.11074,0.76034,0.63428,0.085499
0.10322,0.78777,0.33781,-0.11945,0.75844,0.63393,0.092927
0.10322,0.78772,0.33752,-0.12812,0.75645,0.63348,0.10036
0.10323,0.78767,0.33723,-0.13677,0.75435,0.63295,0.10779
0.10323,0.78762,0.33693,-0.14538,0.75216,0.63233,0.11523
0.10323,0.78757,0.33664,-0.15396,0.74987,0.63162,0.12266
0.10323,0.78753,0.33635,-0.16251,0.74748,0.63082,0.13009
0.10323,0.78748,0.33606,-0.17102,0.745,0.62994,0.13752
0.10324,0.78743,0.33576,-0.1795,0.74241,0.62896,0.14495
0.10324,0.78739,0.33547,-0.18794,0.73974,0.62789,0.15237
0.10324,0.78734,0.33518,-0.19634,0.73697,0.62674,0.15979
0.10324,0.7873,0.33489,-0.20471,0.7341,0.62549,0.1672
0.10324,0.7873,0.33489,-0.20471,0.7341,0.62549,0.1672
0.10324,0.78725,0.33459,-0.21356,0.73095,0.62406,0.17506
0.10325,0.7872,0.33429,-0.22236,0.7277,0.62253,0.18292
0.10325,0.78716,0.33398,-0.23112,0.72435,0.6209,0.19076
0.10325,0.78711,0.33368,-0.23983,0.72088,0.61917,0.19859
0.10325,0.78707,0.33338,-0.24848,0.71732,0.61734,0.20641
0.10326,0.78702,0.33308,-0.25709,0.71365,0.6154,0.21421
0.10326,0.78698,0.33278,-0.26564,0.70988,0.61337,0.22199
0.10326,0.78694,0.33247,-0.27414,0.70601,0.61124,0.22976
0.10326,0.7869,0.33217,-0.28259,0.70203,0.609,0.2375
0.10326,0.78685,0.33188,-0.29098,0.69796,0.60667,0.24523
0.10327,0.78681,0.33158,-0.29931,0.69379,0.60423,0.25293
0.10327,0.78677,0.33128,-0.30759,0.68952,0.6017,0.26061
0.10327,0.78673,0.33098,-0.3158,0.68515,0.59906,0.26826
0.10327,0.78669,0.33069,-0.32396,0.68068,0.59633,0.27589
0.10327,0.78665,0.33039,-0.33205,0.67612,0.5935,0.28349
0.10328,0.78662,0.3301,-0.34008,0.67147,0.59056,0.29106
0.10328,0.78658,0.3298,-0.34805,0.66671,0.58754,0.2986
0.10328,0.78654,0.32951,-0.35595,0.66187,0.58441,0.30611
0.10328,0.7865,0.32921,-0.36378,0.65693,0.58118,0.31358
0.10328,0.78647,0.32892,-0.37155,0.6519,0.57786,0.32102
0.10329,0.78643,0.32863,-0.37925,0.64678,0.57444,0.32843
0.10329,0.7864,0.32834,-0.38688,0.64157,0.57092,0.3358
0.10329,0.78636,0.32805,-0.39444,0.63627,0.56731,0.34313
0.10329,0.78633,0.32776,-0.40193,0.63088,0.5636,0.35042
0.10329,0.7863,0.32747,-0.40935,0.62541,0.55979,0.35767
0.10329,0.78626,0.32718,-0.41669,0.61985,0.55589,0.36488
0.1033,0.78623,0.3269,-0.42396,0.6142,0.5519,0.37205
0.1033,0.7862,0.32661,-0.43116,0.60847,0.54781,0.37917
0.1033,0.78617,0.32632,-0.43827,0.60266,0.54363,0.38625
0.1033,0.78614,0.32604,-0.44531,0.59677,0.53935,0.39328
0.1033,0.78611,0.32575,-0.45228,0.59079,0.53498,0.40026
0.10331,0.78608,0.32547,-0.45916,0.58474,0.53052,0.40719
0.10331,0.78605,0.32519,-0.46597,0.5786,0.52597,0.41407
0.10331,0.78602,0.32491,-0.47269,0.57239,0.52132,0.4209
0.10331,0.78599,0.32463,-0.47933,0.5661,0.51659,0.42767
0.10331,0.78596,0.32435,-0.48589,0.55973,0.51177,0.4344
0.10332,0.78594,0.32407,-0.49237,0.55329,0.50686,0.44106
0.10332,0.78591,0.32379,-0.49876,0.54678,0.50186,0.44767
0.10332,0.78588,0.32351,-0.50507,0.54019,0.49677,0.45422
0.10332,0.78586,0.32323,-0.51129,0.53353,0.49159,0.46071
0.10332,0.78583,0.32296,-0.51743,0.52681,0.48633,0.46715
0.10332,0.78581,0.32268,-0.52348,0.52001,0.48098,0.47352
0.10333,0.78578,0.32241,-0.52944,0.51314,0.47555,0.47983
0.10333,0.78576,0.32213,-0.53531,0.50621,0.47004,0.48607
0.10333,0.78574,0.32186,-0.54109,0.49921,0.46444,0.49225
0.10333,0.78571,0.32159,-0.54678,0.49215,0.45875,0.49836
0.10333,0.78569,0.32132,-0.55238,0.48502,0.45299,0.50441
0.10333,0.78567,0.32105,-0.55789,0.47783,0.44715,0.51039
0.10334,0.78565,0.32078,-0.56331,0.47058,0.44122,0.5163
0.10334,0.78562,0.32051,-0.56863,0.46327,0.43522,0.52213
0.10334,0.78562,0.32051,-0.56863,0.46327,0.43522,0.52213
0.10334,0.7856,0.3202,-0.56826,0.46272,0.43552,0.52277
0.10334,0.78558,0.31989,-0.5679,0.46217,0.43582,0.5234
0.10334,0.78555,0.31958,-0.56753,0.46162,0.43612,0.52403
0.10334,0.78553,0.31927,-0.56717,0.46108,0.43642,0.52466
0.10335,0.78551,0.31896,-0.5668,0.46053,0.43671,0.52529
0.10335,0.78549,0.31866,-0.56644,0.45999,0.43701,0.52591
0.10335,0.78546,0.31835,-0.56608,0.45945,0.43729,0.52653
0.10335,0.78544,0.31805,-0.56572,0.45891,0.43758,0.52715
0.10335,0.78542,0.31774,-0.56536,0.45837,0.43787,0.52777
0.10336,0.7854,0.31744,-0.565,0.45783,0.43815,0.52838
0.10336,0.78538,0.31714,-0.56465,0.45729,0.43843,0.529
0.10336,0.78537,0.31684,-0.56429,0.45676,0.43871,0.52961
0.10336,0.78535,0.31655,-0.56393,0.45622,0.43898,0.53022
0.10336,0.78533,0.31625,-0.56358,0.45569,0.43926,0.53082
0.10336,0.78531,0.31595,-0.56323,0.45516,0.43953,0.53143
0.10337,0.7853,0.31566,-0.56288,0.45463,0.4398,0.53203
0.10337,0.78528,0.31537,-0.56253,0.45411,0.44006,0.53263
0.10337,0.78526,0.31508,-0.56218,0.45358,0.44033,0.53322
0.10337,0.78525,0.31478,-0.56184,0.45305,0.44059,0.53382
0.10337,0.78523,0.31449,-0.56149,0.45253,0.44085,0.53441
0.10338,0.78522,0.31421,-0.56114,0.45201,0.44111,0.535
0.10338,0.78521,0.31392,-0.5608,0.45149,0.44137,0.53559
0.10338,0.78519,0.31363,-0.56046,0.45097,0.44162,0.53618
0.10338,0.78518,0.31335,-0.56012,0.45045,0.44187,0.53676
0.10338,0.78517,0.31306,-0.55978,0.44993,0.44212,0.53734
0.10338,0.78515,0.31278,-0.55944,0.44942,0.44237,0.53792
0.10339,0.78514,0.3125,-0.55911,0.4489,0.44261,0.5385
0.10339,0.78513,0.31222,-0.55877,0.44839,0.44285,0.53908
0.10339,0.78512,0.31194,-0.55844,0.44788,0.44309,0.53965
0.10339,0.78511,0.31166,-0.5581,0.44737,0.44333,0.54022
0.10339,0.7851,0.31139,-0.55777,0.44686,0.44357,0.54079
0.10339,0.78509,0.31111,-0.55744,0.44636,0.4438,0.54136
0.10339,0.78508,0.31084,-0.55711,0.44585,0.44403,0.54192
0.1034,0.78507,0.31056,-0.55678,0.44535,0.44426,0.54248
0.1034,0.78506,0.31029,-0.55646,0.44485,0.44449,0.54304
0.1034,0.78505,0.31002,-0.55613,0.44435,0.44471,0.5436
0.1034,0.78504,0.30975,-0.55581,0.44385,0.44494,0.54416
0.1034,0.78503,0.30948,-0.55549,0.44335,0.44516,0.54471
0.1034,0.78503,0.30921,-0.55516,0.44285,0.44538,0.54527
0.10341,0.78502,0.30895,-0.55484,0.44236,0.44559,0.54582
0.10341,0.78501,0.30868,-0.55453,0.44186,0.44581,0.54636
0.10341,0.78501,0.30835,-0.5541,0.44128,0.44611,0.54702
0.10341,0.78501,0.30801,-0.55366,0.4407,0.44642,0.54768
0.10341,0.78501,0.30767,-0.55322,0.44011,0.44673,0.54835
0.10341,0.78502,0.30733,-0.55277,0.43951,0.44704,0.54902
0.10342,0.78502,0.30698,-0.55232,0.43891,0.44737,0.5497
0.10342,0.78502,0.30663,-0.55185,0.4383,0.44769,0.55039
0.10342,0.78503,0.30628,-0.55138,0.43769,0.44802,0.55108
0.10342,0.78504,0.30592,-0.5509,0.43707,0.44835,0.55178
0.10342,0.78504,0.30556,-0.55042,0.43644,0.44869,0.55248
0.10342,0.78504,0.30556,-0.55042,0.43644,0.44869,0.55248
0.10342,0.78504,0.30551,-0.55033,0.43638,0.44876,0.55256
0.10342,0.78505,0.30545,-0.55024,0.43632,0.44884,0.55264
0.10342,0.78505,0.3054,-0.55015,0.43626,0.44891,0.55271
0.10342,0.78505,0.30535,-0.55006,0.43619,0.44899,0.55279
0.10342,0.78505,0.3053,-0.54997,0.43613,0.44906,0.55287
0.10342,0.78505,0.30525,-0.54988,0.43607,0.44913,0.55295
0.10342,0.78505,0.3052,-0.54979,0.436,0.44921,0.55303
0.10342,0.78505,0.30514,-0.5497,0.43594,0.44928,0.55311
0.10343,0.78505,0.30509,-0.54961,0.43588,0.44936,0.55319
0.10343,0.78506,0.30504,-0.54952,0.43581,0.44943,0.55327
0.10343,0.78506,0.30499,-0.54943,0.43575,0.44951,0.55335
0.10343,0.78506,0.30493,-0.54934,0.43569,0.44958,0.55343
0.10343,0.78506,0.30488,-0.54925,0.43562,0.44966,0.55351
0.10343,0.78506,0.30483,-0.54915,0.43556,0.44973,0.55359
0.10343,0.78506,0.30478,-0.54906,0.43549,0.44981,0.55367
0.10343,0.78507,0.30472,-0.54897,0.43543,0.44988,0.55375
0.10343,0.78507,0.30467,-0.54888,0.43536,0.44996,0.55383
0.10343,0.78507,0.30462,-0.54879,0.4353,0.45003,0.55391
0.10343,0.78507,0.30457,-0.5487,0.43523,0.45011,0.55399
0.10343,0.78507,0.30451,-0.5486,0.43517,0.45018,0.55407
0.10343,0.78507,0.30446,-0.54851,0.4351,0.45026,0.55415
0.10343,0.78508,0.30441,-0.54842,0.43504,0.45034,0.55423
0.10343,0.78508,0.30435,-0.54833,0.43497,0.45041,0.55432
0.10343,0.78508,0.3043,-0.54823,0.43491,0.45049,0.5544
0.10343,0.78508,0.30425,-0.54814,0.43484,0.45056,0.55448
0.10343,0.78508,0.30419,-0.54805,0.43478,0.45064,0.55456
0.10343,0.78508,0.30414,-0.54795,0.43471,0.45072,0.55464
0.10343,0.78509,0.30409,-0.54786,0.43465,0.45079,0.55472
0.10343,0.78509,0.30403,-0.54777,0.43458,0.45087,0.5548
0.10343,0.78509,0.30398,-0.54767,0.43451,0.45095,0.55489
