0.09938,-0.74128,0.30655,0.49723,0.49685,-0.5043,0.50158
0.099381,-0.7413,0.30655,0.49723,0.49686,-0.5043,0.50157
0.099381,-0.74133,0.30655,0.49722,0.49686,-0.50431,0.50157
0.099381,-0.74135,0.30655,0.49722,0.49687,-0.50431,0.50156
0.099382,-0.74138,0.30655,0.49721,0.49687,-0.50432,0.50156
0.099382,-0.7414,0.30655,0.49721,0.49688,-0.50432,0.50155
0.099382,-0.74143,0.30655,0.4972,0.49688,-0.50433,0.50155
0.099382,-0.74145,0.30655,0.4972,0.49689,-0.50433,0.50154
0.099383,-0.74148,0.30655,0.49719,0.49689,-0.50434,0.50154
0.099383,-0.7415,0.30655,0.49719,0.4969,-0.50434,0.50153
0.099383,-0.74153,0.30655,0.49718,0.4969,-0.50435,0.50153
0.099383,-0.74155,0.30655,0.49718,0.49691,-0.50435,0.50152
0.099384,-0.74158,0.30655,0.49717,0.49691,-0.50436,0.50152
0.099384,-0.7416,0.30655,0.49717,0.49692,-0.50436,0.50151
0.099384,-0.74163,0.30655,0.49716,0.49692,-0.50437,0.50151
0.099385,-0.74165,0.30655,0.49716,0.49693,-0.50437,0.5015
0.099385,-0.74168,0.30655,0.49715,0.49693,-0.50438,0.5015
0.099385,-0.7417,0.30655,0.49715,0.49694,-0.50438,0.50149
0.099385,-0.74173,0.30655,0.49714,0.49694,-0.50439,0.50149
0.099386,-0.74175,0.30655,0.49714,0.49695,-0.50439,0.50148
0.099386,-0.74177,0.30655,0.49713,0.49695,-0.5044,0.50148
0.099386,-0.7418,0.30655,0.49712,0.49696,-0.5044,0.50147
0.099386,-0.74182,0.30655,0.49712,0.49696,-0.50441,0.50147
0.099387,-0.74185,0.30655,0.49711,0.49697,-0.50441,0.50146
0.099387,-0.74187,0.30655,0.49711,0.49697,-0.50442,0.50146
0.099387,-0.7419,0.30655,0.4971,0.49698,-0.50442,0.50145
0.099387,-0.74192,0.30655,0.4971,0.49698,-0.50443,0.50145
0.099388,-0.74195,0.30655,0.49709,0.49699,-0.50443,0.50144
0.099388,-0.74197,0.30655,0.49709,0.49699,-0.50444,0.50144
0.099388,-0.742,0.30655,0.49708,0.497,-0.50445,0.50143
0.099389,-0.74202,0.30655,0.49708,0.497,-0.50445,0.50143
0.099389,-0.74205,0.30655,0.49707,0.49701,-0.50446,0.50142
0.099389,-0.74207,0.30655,0.49707,0.49701,-0.50446,0.50142
0.099389,-0.7421,0.30655,0.49706,0.49702,-0.50447,0.50141
0.09939,-0.74212,0.30655,0.49706,0.49702,-0.50447,0.50141
0.09939,-0.74215,0.30655,0.49705,0.49703,-0.50448,0.5014
0.09939,-0.74217,0.30655,0.49705,0.49703,-0.50448,0.5014
0.09939,-0.7422,0.30655,0.49704,0.49704,-0.50449,0.50139
0.099391,-0.74222,0.30655,0.49704,0.49704,-0.50449,0.50139
0.099391,-0.74224,0.30655,0.49703,0.49705,-0.5045,0.50138
0.099391,-0.74227,0.30655,0.49703,0.49705,-0.5045,0.50138
0.099392,-0.74229,0.30655,0.49702,0.49706,-0.50451,0.50137
0.099392,-0.74232,0.30655,0.49702,0.49706,-0.50451,0.50137
0.099392,-0.74234,0.30655,0.49701,0.49707,-0.50452,0.50136
0.099392,-0.74237,0.30655,0.49701,0.49707,-0.50452,0.50136
0.099393,-0.74239,0.30655,0.497,0.49708,-0.50453,0.50135
0.099393,-0.74242,0.30655,0.497,0.49708,-0.50453,0.50135
0.099393,-0.74244,0.30655,0.49699,0.49709,-0.50454,0.50134
0.099393,-0.74247,0.30655,0.49699,0.49709,-0.50454,0.50134
0.099394,-0.74249,0.30655,0.49698,0.4971,-0.50455,0.50133
0.099394,-0.74252,0.30655,0.49698,0.4971,-0.50455,0.50133
0.099394,-0.74252,0.30655,0.49698,0.4971,-0.50455,0.50133
0.099289,-0.74239,0.30651,0.46694,0.52463,-0.5328,0.47207
0.09918,-0.74226,0.30649,0.43536,0.55043,-0.55928,0.44124
0.099069,-0.74212,0.30648,0.40233,0.5744,-0.58391,0.40895
0.098957,-0.74199,0.30648,0.36797,0.59646,-0.60661,0.37531
0.098846,-0.74186,0.30649,0.33239,0.61655,-0.62729,0.34042
0.098737,-0.74173,0.30651,0.29571,0.6346,-0.6459,0.3044
0.098632,-0.7416,0.30655,0.25805,0.65054,-0.66236,0.26738
0.098531,-0.74147,0.3066,0.21953,0.66432,-0.67663,0.22946
0.098438,-0.74134,0.30666,0.18028,0.67591,-0.68866,0.19079
0.098351,-0.74121,0.30673,0.14044,0.68525,-0.6984,0.15148
0.098274,-0.74108,0.30681,0.10013,0.69232,-0.70583,0.11168
0.098205,-0.74094,0.30689,0.059494,0.6971,-0.71092,0.0715
0.098148,-0.74081,0.30699,0.018657,0.69956,-0.71365,0.031086
0.098102,-0.74068,0.30709,0.022241,-0.69971,0.71402,0.0094319
0.098068,-0.74055,0.30719,0.063067,-0.69754,0.71202,0.049918
0.098046,-0.74042,0.3073,0.10368,-0.69306,0.70766,0.090239
0.098036,-0.74028,0.30741,0.14396,-0.68628,0.70095,0.13026
0.098039,-0.74015,0.30752,0.18375,-0.67722,0.69192,0.16985
0.098055,-0.74002,0.30763,0.22294,-0.66592,0.6806,0.20888
0.098084,-0.73989,0.30773,0.26138,-0.65241,0.66702,0.24721
0.098124,-0.73975,0.30783,0.29896,-0.63674,0.65123,0.28473
0.098176,-0.73962,0.30793,0.33555,-0.61896,0.63329,0.3213
0.098238,-0.73949,0.30802,0.37103,-0.59913,0.61324,0.35681
0.098311,-0.73935,0.3081,0.40528,-0.57731,0.59116,0.39113
0.098392,-0.73922,0.30817,0.43819,-0.55358,0.56712,0.42416
0.098481,-0.73909,0.30823,0.46964,-0.52802,0.54121,0.45578
0.098577,-0.73895,0.30829,0.49953,-0.5007,0.51349,0.48589
0.098678,-0.73882,0.30833,0.52777,-0.47173,0.48408,0.51439
0.098783,-0.73869,0.30835,0.55426,-0.44119,0.45306,0.54118
0.09889,-0.73855,0.30837,0.57892,-0.40918,0.42054,0.56619
0.098999,-0.73842,0.30837,0.60165,-0.37583,0.38663,0.58931
0.099107,-0.73829,0.30836,0.62239,-0.34122,0.35143,0.61048
0.099214,-0.73815,0.30834,0.64107,-0.30549,0.31507,0.62963
0.099317,-0.73802,0.3083,0.65762,-0.26874,0.27767,0.64669
0.099416,-0.73789,0.30826,0.672,-0.2311,0.23934,0.66161
0.099509,-0.73776,0.3082,0.68414,-0.1927,0.20022,0.67434
0.099594,-0.73762,0.30813,0.69402,-0.15366,0.16044,0.68483
0.099671,-0.73749,0.30805,0.7016,-0.1141,0.12013,0.69305
0.099739,-0.73736,0.30797,0.70685,-0.074175,0.079416,0.69897
0.099797,-0.73723,0.30787,0.70976,-0.033999,0.038441,0.70257
0.099843,-0.73709,0.30777,0.71031,0.0062899,-0.0026614,0.70385
0.099878,-0.73696,0.30767,0.70852,0.046558,-0.043755,0.7028
0.0999,-0.73683,0.30756,0.70437,0.086671,-0.084704,0.69941
0.09991,-0.7367,0.30745,0.69789,0.1265,-0.12537,0.69371
0.099907,-0.73657,0.30734,0.6891,0.1659,-0.16562,0.6857
0.099892,-0.73644,0.30723,0.67802,0.20476,-0.20533,0.67543
0.099864,-0.73631,0.30712,0.66469,0.24294,-0.24435,0.66291
0.099824,-0.73617,0.30701,0.64916,0.28031,-0.28256,0.6482
0.099772,-0.73604,0.30692,0.63148,0.31676,-0.31984,0.63134
0.099709,-0.73591,0.30682,0.61171,0.35215,-0.35606,0.61239
0.099709,-0.73591,0.30682,0.61171,0.35215,-0.35606,0.61239
0.099709,-0.73589,0.30682,0.61171,0.35215,-0.35606,0.61239
0.099709,-0.73586,0.30682,0.61171,0.35215,-0.35606,0.61239
0.099709,-0.73584,0.30682,0.61171,0.35215,-0.35606,0.61239
0.099708,-0.73581,0.30682,0.61171,0.35215,-0.35606,0.61239
0.099708,-0.73579,0.30682,0.61171,0.35215,-0.35606,0.61239
0.099708,-0.73576,0.30682,0.61171,0.35215,-0.35606,0.61239
0.099707,-0.73574,0.30682,0.61171,0.35215,-0.35606,0.61239
0.099707,-0.73571,0.30682,0.61171,0.35215,-0.35606,0.61239
0.099707,-0.73569,0.30682,0.61171,0.35215,-0.35606,0.61239
0.099707,-0.73567,0.30682,0.61171,0.35215,-0.35606,0.61239
0.099706,-0.73564,0.30682,0.61171,0.35215,-0.35606,0.61239
0.099706,-0.73562,0.30682,0.61171,0.35215,-0.35606,0.61239
0.099706,-0.73559,0.30682,0.61171,0.35215,-0.35606,0.61239
0.099705,-0.73557,0.30682,0.61171,0.35215,-0.35606,0.61239
0.099705,-0.73554,0.30682,0.61171,0.35215,-0.35606,0.61239
0.099705,-0.73552,0.30682,0.61171,0.35215,-0.35606,0.61239
0.099705,-0.73549,0.30682,0.61171,0.35215,-0.35606,0.61239
0.099704,-0.73547,0.30682,0.61171,0.35215,-0.35606,0.61239
0.099704,-0.73544,0.30682,0.61171,0.35215,-0.35606,0.61239
0.099704,-0.73542,0.30682,0.61171,0.35215,-0.35606,0.61239
0.099703,-0.73539,0.30682,0.61171,0.35215,-0.35606,0.61239
0.099703,-0.73537,0.30682,0.61171,0.35215,-0.35606,0.61239
0.099703,-0.73534,0.30682,0.61171,0.35215,-0.35606,0.61239
0.099703,-0.73532,0.30682,0.61171,0.35215,-0.35606,0.61239
0.099702,-0.73529,0.30682,0.61171,0.35215,-0.35606,0.61239
0.099702,-0.73527,0.30682,0.61171,0.35215,-0.35606,0.61239
0.099702,-0.73524,0.30682,0.61171,0.35215,-0.35606,0.61239
0.099701,-0.73522,0.30682,0.61171,0.35215,-0.35606,0.61239
0.099701,-0.7352,0.30682,0.61171,0.35215,-0.35606,0.61239
0.099701,-0.73517,0.30682,0.61171,0.35215,-0.35606,0.61239
0.099701,-0.73515,0.30682,0.61171,0.35215,-0.35606,0.61239
0.0997,-0.73512,0.30682,0.61171,0.35215,-0.35606,0.61239
0.0997,-0.7351,0.30682,0.61171,0.35215,-0.35606,0.61239
0.0997,-0.73507,0.30682,0.61171,0.35215,-0.35606,0.61239
0.099699,-0.73505,0.30682,0.61171,0.35215,-0.35606,0.61239
0.099699,-0.73502,0.30682,0.61171,0.35215,-0.35606,0.61239
0.099699,-0.735,0.30682,0.61171,0.35215,-0.35606,0.61239
0.099699,-0.73497,0.30682,0.61171,0.35215,-0.35606,0.61239
0.099698,-0.73495,0.30682,0.61171,0.35215,-0.35606,0.61239
0.099698,-0.73492,0.30682,0.61171,0.35215,-0.35606,0.61239
0.099698,-0.7349,0.30682,0.61171,0.35215,-0.35606,0.61239
0.099697,-0.73487,0.30682,0.61171,0.35215,-0.35606,0.61239
0.099697,-0.73485,0.30682,0.61171,0.35215,-0.35606,0.61239
0.099697,-0.73482,0.30682,0.61171,0.35215,-0.35606,0.61239
0.099696,-0.7348,0.30682,0.61171,0.35215,-0.35606,0.61239
0.099696,-0.73477,0.30682,0.61171,0.35215,-0.35606,0.61239
0.099696,-0.73475,0.30682,0.61171,0.35215,-0.35606,0.61239
0.099696,-0.73472,0.30682,0.61171,0.35215,-0.35606,0.61239
0.099695,-0.7347,0.30682,0.61171,0.35215,-0.35606,0.61239
0.099695,-0.73468,0.30682,0.61171,0.35215,-0.35606,0.61239
0.099695,-0.73468,0.30682,0.61171,0.35215,-0.35606,0.61239
0.099697,-0.73468,0.30682,0.61218,0.35136,-0.35524,0.61284
0.099698,-0.73468,0.30682,0.61266,0.35057,-0.35443,0.6133
0.0997,-0.73468,0.30682,0.61313,0.34977,-0.35362,0.61375
0.099701,-0.73469,0.30682,0.6136,0.34898,-0.35281,0.6142
0.099703,-0.73469,0.30683,0.61406,0.34818,-0.35199,0.61465
0.099704,-0.73469,0.30683,0.61453,0.34739,-0.35118,0.6151
0.099706,-0.7347,0.30683,0.615,0.34659,-0.35036,0.61555
0.099707,-0.7347,0.30683,0.61546,0.34579,-0.34955,0.61599
0.099709,-0.7347,0.30683,0.61593,0.345,-0.34873,0.61644
0.09971,-0.7347,0.30684,0.61639,0.3442,-0.34792,0.61688
0.099712,-0.73471,0.30684,0.61685,0.3434,-0.3471,0.61733
0.099713,-0.73471,0.30684,0.61731,0.3426,-0.34628,0.61777
0.099715,-0.73471,0.30684,0.61777,0.3418,-0.34546,0.61821
0.099716,-0.73472,0.30685,0.61823,0.341,-0.34464,0.61865
0.099718,-0.73472,0.30685,0.61869,0.3402,-0.34382,0.61909
0.099719,-0.73472,0.30685,0.61915,0.3394,-0.343,0.61953
0.099721,-0.73473,0.30685,0.6196,0.33859,-0.34218,0.61997
0.099722,-0.73473,0.30685,0.62006,0.33779,-0.34136,0.6204
0.099723,-0.73473,0.30686,0.62051,0.33699,-0.34054,0.62084
0.099725,-0.73473,0.30686,0.62096,0.33618,-0.33972,0.62127
0.099726,-0.73474,0.30686,0.62142,0.33538,-0.33889,0.6217
0.099728,-0.73474,0.30686,0.62187,0.33457,-0.33807,0.62213
0.099729,-0.73474,0.30686,0.62232,0.33377,-0.33724,0.62257
0.099731,-0.73475,0.30687,0.62276,0.33296,-0.33642,0.62299
0.099732,-0.73475,0.30687,0.62321,0.33216,-0.33559,0.62342
0.099733,-0.73475,0.30687,0.62366,0.33135,-0.33477,0.62385
0.099735,-0.73476,0.30687,0.6241,0.33054,-0.33394,0.62428
0.099736,-0.73476,0.30687,0.62455,0.32973,-0.33311,0.6247
0.099738,-0.73476,0.30688,0.62499,0.32892,-0.33229,0.62513
0.099739,-0.73476,0.30688,0.62543,0.32811,-0.33146,0.62555
0.09974,-0.73477,0.30688,0.62587,0.3273,-0.33063,0.62597
0.099742,-0.73477,0.30688,0.62631,0.32649,-0.3298,0.62639
0.099743,-0.73477,0.30689,0.62675,0.32568,-0.32897,0.62681
0.099744,-0.73478,0.30689,0.62719,0.32487,-0.32814,0.62723
0.099746,-0.73478,0.30689,0.62762,0.32406,-0.32731,0.62765
0.099747,-0.73478,0.30689,0.62806,0.32324,-0.32648,0.62807
0.099748,-0.73479,0.30689,0.62849,0.32243,-0.32564,0.62848
0.09975,-0.73479,0.3069,0.62893,0.32162,-0.32481,0.6289
0.099751,-0.73479,0.3069,0.62936,0.3208,-0.32398,0.62931
0.099752,-0.73479,0.3069,0.62979,0.31999,-0.32314,0.62972
0.099754,-0.7348,0.3069,0.63022,0.31917,-0.32231,0.63013
0.099755,-0.7348,0.3069,0.63065,0.31835,-0.32147,0.63054
0.099756,-0.7348,0.30691,0.63108,0.31754,-0.32064,0.63095
0.099758,-0.73481,0.30691,0.6315,0.31672,-0.3198,0.63136
0.099759,-0.73481,0.30691,0.63193,0.3159,-0.31896,0.63177
0.09976,-0.73481,0.30691,0.63235,0.31508,-0.31813,0.63217
0.099762,-0.73481,0.30692,0.63278,0.31426,-0.31729,0.63258
0.099763,-0.73482,0.30692,0.6332,0.31344,-0.31645,0.63298
0.099764,-0.73482,0.30692,0.63362,0.31262,-0.31561,0.63339
0.099765,-0.73482,0.30692,0.63404,0.3118,-0.31477,0.63379
0.099765,-0.73482,0.30692,0.63404,0.3118,-0.31477,0.63379
0.099766,-0.73496,0.30692,0.63364,0.31258,-0.31557,0.63341
0.099766,-0.73511,0.30692,0.63325,0.31336,-0.31636,0.63303
0.099767,-0.73525,0.30692,0.63285,0.31413,-0.31716,0.63264
0.099767,-0.73539,0.30692,0.63245,0.31491,-0.31795,0.63226
0.099768,-0.73553,0.30692,0.63204,0.31568,-0.31874,0.63188
0.099768,-0.73567,0.30691,0.63164,0.31646,-0.31953,0.63149
0.099769,-0.73581,0.30691,0.63124,0.31723,-0.32033,0.63111
0.099769,-0.73595,0.30691,0.63083,0.318,-0.32112,0.63072
0.099769,-0.73609,0.30691,0.63043,0.31878,-0.32191,0.63033
0.09977,-0.73624,0.30691,0.63002,0.31955,-0.3227,0.62994
0.09977,-0.73638,0.30691,0.62961,0.32032,-0.32349,0.62955
0.099771,-0.73652,0.30691,0.6292,0.32109,-0.32428,0.62916
0.099771,-0.73666,0.30691,0.6288,0.32186,-0.32506,0.62877
0.099772,-0.7368,0.3069,0.62838,0.32264,-0.32585,0.62838
0.099772,-0.73694,0.3069,0.62797,0.3234,-0.32664,0.62798
0.099772,-0.73708,0.3069,0.62756,0.32417,-0.32743,0.62759
0.099773,-0.73722,0.3069,0.62715,0.32494,-0.32821,0.62719
0.099773,-0.73736,0.3069,0.62673,0.32571,-0.329,0.6268
0.099773,-0.73751,0.3069,0.62632,0.32648,-0.32979,0.6264
0.099774,-0.73765,0.3069,0.6259,0.32725,-0.33057,0.626
0.099774,-0.73779,0.3069,0.62549,0.32801,-0.33136,0.6256
0.099775,-0.73793,0.30689,0.62507,0.32878,-0.33214,0.6252
0.099775,-0.73807,0.30689,0.62465,0.32955,-0.33292,0.6248
0.099775,-0.73821,0.30689,0.62423,0.33031,-0.33371,0.6244
0.099776,-0.73835,0.30689,0.62381,0.33108,-0.33449,0.62399
0.099776,-0.73849,0.30689,0.62338,0.33184,-0.33527,0.62359
0.099776,-0.73863,0.30689,0.62296,0.33261,-0.33605,0.62318
0.099777,-0.73878,0.30689,0.62254,0.33337,-0.33684,0.62278
0.099777,-0.73892,0.30689,0.62211,0.33413,-0.33762,0.62237
0.099777,-0.73906,0.30688,0.62169,0.33489,-0.3384,0.62196
0.099778,-0.7392,0.30688,0.62126,0.33566,-0.33918,0.62155
0.099778,-0.73934,0.30688,0.62083,0.33642,-0.33995,0.62114
0.099778,-0.73948,0.30688,0.6204,0.33718,-0.34073,0.62073
0.099778,-0.73962,0.30688,0.61997,0.33794,-0.34151,0.62032
0.099779,-0.73976,0.30688,0.61954,0.3387,-0.34229,0.61991
0.099779,-0.73991,0.30688,0.61911,0.33946,-0.34307,0.61949
0.099779,-0.74005,0.30688,0.61868,0.34022,-0.34384,0.61908
0.09978,-0.74019,0.30687,0.61825,0.34097,-0.34462,0.61866
0.09978,-0.74033,0.30687,0.61781,0.34173,-0.34539,0.61825
0.09978,-0.74047,0.30687,0.61738,0.34249,-0.34617,0.61783
0.09978,-0.74061,0.30687,0.61694,0.34325,-0.34694,0.61741
0.099781,-0.74075,0.30687,0.6165,0.344,-0.34772,0.61699
0.099781,-0.74089,0.30687,0.61607,0.34476,-0.34849,0.61657
0.099781,-0.74103,0.30687,0.61563,0.34551,-0.34926,0.61615
0.099781,-0.74118,0.30687,0.61519,0.34627,-0.35003,0.61573
0.099782,-0.74132,0.30687,0.61475,0.34702,-0.35081,0.6153
0.099782,-0.74146,0.30686,0.6143,0.34777,-0.35158,0.61488
0.099782,-0.7416,0.30686,0.61386,0.34853,-0.35235,0.61445
0.099782,-0.74174,0.30686,0.61342,0.34928,-0.35312,0.61403
0.099783,-0.74188,0.30686,0.61297,0.35003,-0.35389,0.6136
0.099783,-0.74188,0.30686,0.61297,0.35003,-0.35389,0.6136
0.099845,-0.74201,0.30695,0.63262,0.31457,-0.3176,0.63243
0.099896,-0.74214,0.30705,0.65017,0.27807,-0.28027,0.64916
0.099935,-0.74227,0.30716,0.66557,0.24064,-0.242,0.66374
0.099962,-0.74241,0.30727,0.67876,0.20242,-0.20293,0.67612
0.099977,-0.74254,0.30738,0.6897,0.16352,-0.16319,0.68626
0.099979,-0.74267,0.30749,0.69835,0.12409,-0.12291,0.69412
0.099968,-0.7428,0.3076,0.70469,0.08424,-0.082221,0.69968
0.099945,-0.74293,0.30771,0.70869,0.044113,-0.04126,0.70293
0.09991,-0.74306,0.30781,0.71035,0.0038402,-0.00016185,0.70384
0.099862,-0.74319,0.30791,0.70965,-0.036445,0.040937,0.70242
0.099804,-0.74333,0.308,0.7066,-0.07661,0.0819,0.69867
0.099736,-0.74346,0.30809,0.7012,-0.11652,0.12259,0.69261
0.099658,-0.74359,0.30817,0.69348,-0.15605,0.16288,0.68425
0.099572,-0.74372,0.30823,0.68347,-0.19505,0.20262,0.67363
0.099479,-0.74386,0.30829,0.67119,-0.23341,0.2417,0.66077
0.09938,-0.74399,0.30834,0.65668,-0.271,0.27997,0.64572
0.099277,-0.74412,0.30837,0.63999,-0.30769,0.31731,0.62853
0.09917,-0.74426,0.30839,0.62119,-0.34336,0.35361,0.60925
0.099062,-0.74439,0.3084,0.60033,-0.37789,0.38873,0.58796
0.098953,-0.74452,0.3084,0.57747,-0.41117,0.42256,0.56472
0.098845,-0.74466,0.30838,0.55271,-0.44309,0.45499,0.53961
0.098741,-0.74479,0.30836,0.52611,-0.47353,0.48591,0.5127
0.09864,-0.74492,0.30831,0.49776,-0.50241,0.51523,0.4841
0.098544,-0.74506,0.30826,0.46777,-0.52962,0.54283,0.4539
0.098456,-0.74519,0.3082,0.43623,-0.55508,0.56864,0.42219
0.098375,-0.74532,0.30813,0.40324,-0.5787,0.59256,0.38908
0.098303,-0.74546,0.30805,0.36891,-0.6004,0.61452,0.35468
0.098241,-0.74559,0.30796,0.33336,-0.6201,0.63444,0.3191
0.09819,-0.74572,0.30786,0.29671,-0.63776,0.65226,0.28247
0.098151,-0.74586,0.30776,0.25907,-0.6533,0.66791,0.2449
0.098123,-0.74599,0.30765,0.22057,-0.66667,0.68135,0.20652
0.098108,-0.74612,0.30754,0.18135,-0.67784,0.69254,0.16746
0.098105,-0.74625,0.30744,0.14152,-0.68675,0.70143,0.12784
0.098116,-0.74639,0.30733,0.10122,-0.6934,0.70799,0.087795
0.098138,-0.74652,0.30722,0.06059,-0.69774,0.71221,0.047461
0.098173,-0.74665,0.30711,0.019756,-0.69977,0.71406,0.0069686
0.09822,-0.74678,0.30701,0.021143,0.69948,-0.71355,0.033546
0.098278,-0.74691,0.30692,0.061972,0.69687,-0.71067,0.07395
0.098347,-0.74705,0.30683,0.1026,0.69196,-0.70544,0.11411
0.098425,-0.74718,0.30676,0.14288,0.68475,-0.69787,0.15389
0.098512,-0.74731,0.30669,0.18269,0.67527,-0.68799,0.19316
0.098606,-0.74744,0.30663,0.22189,0.66355,-0.67583,0.23179
0.098707,-0.74757,0.30658,0.26036,0.64963,-0.66142,0.26965
0.098812,-0.7477,0.30654,0.29797,0.63356,-0.64483,0.30662
0.098921,-0.74783,0.30652,0.33459,0.61539,-0.62609,0.34257
0.099033,-0.74796,0.30651,0.3701,0.59518,-0.60529,0.37739
0.099144,-0.74809,0.30651,0.40438,0.57299,-0.58247,0.41095
0.099255,-0.74822,0.30652,0.43732,0.54891,-0.55773,0.44316
0.099364,-0.74836,0.30655,0.46881,0.52301,-0.53113,0.47389
0.099469,-0.74849,0.30659,0.49875,0.49537,-0.50278,0.50306
0.099469,-0.74849,0.30659,0.49875,0.49537,-0.50278,0.50306
0.09947,-0.74851,0.30659,0.49875,0.49538,-0.50278,0.50305
0.09947,-0.74854,0.30659,0.49874,0.49538,-0.50279,0.50305
0.09947,-0.74856,0.30659,0.49874,0.49539,-0.50279,0.50304
0.09947,-0.74859,0.30659,0.49873,0.49539,-0.5028,0.50304
0.099471,-0.74861,0.30659,0.49873,0.4954,-0.5028,0.50303
0.099471,-0.74863,0.30659,0.49872,0.4954,-0.50281,0.50303
0.099471,-0.74866,0.30659,0.49872,0.49541,-0.50281,0.50302
0.099471,-0.74868,0.30659,0.49871,0.49541,-0.50282,0.50302
0.099472,-0.74871,0.30659,0.49871,0.49542,-0.50282,0.50301
0.099472,-0.74873,0.30659,0.4987,0.49542,-0.50283,0.50301
0.099472,-0.74876,0.30659,0.4987,0.49543,-0.50283,0.503
0.099473,-0.74878,0.30659,0.49869,0.49543,-0.50284,0.503
0.099473,-0.74881,0.30659,0.49869,0.49544,-0.50285,0.50299
0.099473,-0.74883,0.30659,0.49868,0.49544,-0.50285,0.50299
0.099473,-0.74886,0.30659,0.49868,0.49545,-0.50286,0.50298
0.099474,-0.74888,0.30659,0.49867,0.49545,-0.50286,0.50298
0.099474,-0.74891,0.30659,0.49867,0.49546,-0.50287,0.50297
0.099474,-0.74893,0.30659,0.49866,0.49546,-0.50287,0.50297
0.099474,-0.74896,0.30659,0.49866,0.49547,-0.50288,0.50296
0.099475,-0.74898,0.30659,0.49865,0.49547,-0.50288,0.50296
0.099475,-0.74901,0.30659,0.49865,0.49548,-0.50289,0.50295
0.099475,-0.74903,0.30659,0.49864,0.49548,-0.50289,0.50295
0.099475,-0.74906,0.30659,0.49863,0.49549,-0.5029,0.50294
0.099476,-0.74908,0.30659,0.49863,0.49549,-0.5029,0.50294
0.099476,-0.7491,0.30659,0.49862,0.4955,-0.50291,0.50293
0.099476,-0.74913,0.30659,0.49862,0.4955,-0.50291,0.50293
0.099477,-0.74915,0.30659,0.49861,0.49551,-0.50292,0.50292
0.099477,-0.74918,0.30659,0.49861,0.49551,-0.50292,0.50292
0.099477,-0.7492,0.30659,0.4986,0.49552,-0.50293,0.50291
0.099477,-0.74923,0.30659,0.4986,0.49552,-0.50293,0.50291
0.099478,-0.74925,0.30659,0.49859,0.49553,-0.50294,0.5029
0.099478,-0.74928,0.30659,0.49859,0.49553,-0.50294,0.5029
0.099478,-0.7493,0.30659,0.49858,0.49554,-0.50295,0.50289
0.099478,-0.74933,0.30659,0.49858,0.49554,-0.50295,0.50289
0.099479,-0.74935,0.30659,0.49857,0.49555,-0.50296,0.50288
0.099479,-0.74938,0.30659,0.49857,0.49555,-0.50296,0.50288
0.099479,-0.7494,0.30659,0.49856,0.49556,-0.50297,0.50287
0.099479,-0.74943,0.30659,0.49856,0.49556,-0.50297,0.50287
0.09948,-0.74945,0.30659,0.49855,0.49557,-0.50298,0.50286
0.09948,-0.74948,0.30659,0.49855,0.49557,-0.50298,0.50286
0.09948,-0.7495,0.30659,0.49854,0.49558,-0.50299,0.50285
0.099481,-0.74953,0.30659,0.49854,0.49558,-0.50299,0.50285
0.099481,-0.74955,0.30659,0.49853,0.49559,-0.503,0.50284
0.099481,-0.74957,0.30659,0.49853,0.49559,-0.503,0.50284
0.099481,-0.7496,0.30659,0.49852,0.4956,-0.50301,0.50283
0.099482,-0.74962,0.30659,0.49852,0.4956,-0.50301,0.50283
0.099482,-0.74965,0.30659,0.49851,0.49561,-0.50302,0.50282
0.099482,-0.74967,0.30659,0.49851,0.49561,-0.50302,0.50282
0.099482,-0.7497,0.30659,0.4985,0.49562,-0.50303,0.50281
0.099483,-0.74972,0.30659,0.4985,0.49562,-0.50303,0.50281
0.099483,-0.74972,0.30659,0.4985,0.49562,-0.50303,0.50281
0.099378,-0.74959,0.30656,0.46855,0.52324,-0.53137,0.47364
0.099269,-0.74946,0.30653,0.43705,0.54912,-0.55794,0.4429
0.099158,-0.74933,0.30652,0.4041,0.57318,-0.58267,0.41069
0.099046,-0.7492,0.30651,0.36982,0.59535,-0.60546,0.37712
0.098935,-0.74907,0.30653,0.3343,0.61554,-0.62625,0.3423
0.098826,-0.74894,0.30655,0.29768,0.63369,-0.64496,0.30634
0.098721,-0.74881,0.30659,0.26008,0.64974,-0.66154,0.26937
0.09862,-0.74868,0.30663,0.22161,0.66364,-0.67592,0.23151
0.098526,-0.74855,0.30669,0.18241,0.67534,-0.68807,0.19288
0.098439,-0.74841,0.30676,0.1426,0.6848,-0.69793,0.15361
0.098361,-0.74828,0.30684,0.10232,0.692,-0.70549,0.11384
0.098292,-0.74815,0.30693,0.061703,0.6969,-0.7107,0.073684
0.098234,-0.74802,0.30702,0.02088,0.69949,-0.71356,0.033286
0.098187,-0.74789,0.30712,0.020012,-0.69976,0.71406,0.007222
0.098152,-0.74776,0.30723,0.060837,-0.69772,0.71219,0.047706
0.09813,-0.74762,0.30733,0.10146,-0.69336,0.70796,0.088033
0.09812,-0.74749,0.30744,0.14175,-0.68671,0.70138,0.12807
0.098122,-0.74736,0.30755,0.18157,-0.67778,0.69248,0.16768
0.098138,-0.74723,0.30766,0.22078,-0.66661,0.68129,0.20673
0.098165,-0.74709,0.30777,0.25927,-0.65322,0.66784,0.2451
0.098205,-0.74696,0.30787,0.29689,-0.63767,0.65217,0.28266
0.098256,-0.74683,0.30796,0.33354,-0.62001,0.63435,0.31928
0.098318,-0.74669,0.30805,0.36907,-0.6003,0.61442,0.35484
0.09839,-0.74656,0.30813,0.40339,-0.57859,0.59246,0.38923
0.09847,-0.74643,0.30821,0.43637,-0.55497,0.56853,0.42233
0.098559,-0.74629,0.30827,0.4679,-0.52951,0.54272,0.45403
0.098655,-0.74616,0.30832,0.49788,-0.5023,0.51511,0.48422
0.098755,-0.74603,0.30836,0.52621,-0.47342,0.4858,0.51281
0.09886,-0.74589,0.30839,0.5528,-0.44297,0.45488,0.5397
0.098968,-0.74576,0.30841,0.57756,-0.41106,0.42244,0.5648
0.099076,-0.74563,0.30841,0.6004,-0.37778,0.38861,0.58803
0.099185,-0.74549,0.3084,0.62125,-0.34325,0.35349,0.60932
0.099291,-0.74536,0.30838,0.64005,-0.30758,0.3172,0.62858
0.099395,-0.74523,0.30834,0.65672,-0.2709,0.27986,0.64576
0.099494,-0.7451,0.3083,0.67122,-0.23332,0.24159,0.6608
0.099587,-0.74496,0.30824,0.68349,-0.19496,0.20253,0.67365
0.099673,-0.74483,0.30817,0.6935,-0.15596,0.16279,0.68427
0.099751,-0.7447,0.3081,0.70122,-0.11644,0.12251,0.69263
0.099819,-0.74457,0.30801,0.7066,-0.076534,0.081822,0.69868
0.099877,-0.74443,0.30792,0.70965,-0.036376,0.040866,0.70243
0.099924,-0.7443,0.30782,0.71035,0.0039032,-0.00022612,0.70384
0.099959,-0.74417,0.30771,0.70869,0.044169,-0.041317,0.70292
0.099982,-0.74404,0.3076,0.70468,0.084289,-0.082271,0.69968
0.099993,-0.74391,0.30749,0.69834,0.12413,-0.12295,0.69411
0.099991,-0.74378,0.30738,0.68969,0.16356,-0.16323,0.68625
0.099976,-0.74364,0.30727,0.67875,0.20244,-0.20296,0.67611
0.099949,-0.74351,0.30716,0.66556,0.24066,-0.24202,0.66373
0.09991,-0.74338,0.30706,0.65017,0.27808,-0.28028,0.64915
0.099859,-0.74325,0.30696,0.63262,0.31458,-0.31761,0.63243
0.099797,-0.74312,0.30687,0.61297,0.35003,-0.35389,0.6136
0.099797,-0.74312,0.30687,0.61297,0.35003,-0.35389,0.6136
0.099797,-0.7431,0.30687,0.61297,0.35003,-0.35389,0.6136
0.099796,-0.74307,0.30687,0.61297,0.35003,-0.35389,0.6136
0.099796,-0.74305,0.30687,0.61297,0.35003,-0.35389,0.6136
0.099796,-0.74302,0.30687,0.61297,0.35003,-0.35389,0.6136
0.099795,-0.743,0.30687,0.61297,0.35003,-0.35389,0.6136
0.099795,-0.74297,0.30687,0.61297,0.35003,-0.35389,0.6136
0.099795,-0.74295,0.30687,0.61297,0.35003,-0.35389,0.6136
0.099795,-0.74292,0.30687,0.61297,0.35003,-0.35389,0.6136
0.099794,-0.7429,0.30687,0.61297,0.35003,-0.35389,0.6136
0.099794,-0.74287,0.30687,0.61297,0.35003,-0.35389,0.6136
0.099794,-0.74285,0.30687,0.61297,0.35003,-0.35389,0.6136
0.099793,-0.74282,0.30687,0.61297,0.35003,-0.35389,0.6136
0.099793,-0.7428,0.30687,0.61297,0.35003,-0.35389,0.6136
0.099793,-0.74277,0.30687,0.61297,0.35003,-0.35389,0.6136
0.099793,-0.74275,0.30687,0.61297,0.35003,-0.35389,0.6136
0.099792,-0.74272,0.30687,0.61297,0.35003,-0.35389,0.6136
0.099792,-0.7427,0.30687,0.61297,0.35003,-0.35389,0.6136
0.099792,-0.74267,0.30687,0.61297,0.35003,-0.35389,0.6136
0.099791,-0.74265,0.30687,0.61297,0.35003,-0.35389,0.6136
0.099791,-0.74262,0.30687,0.61297,0.35003,-0.35389,0.6136
0.099791,-0.7426,0.30686,0.61297,0.35003,-0.35389,0.6136
0.099791,-0.74258,0.30686,0.61297,0.35003,-0.35389,0.6136
0.09979,-0.74255,0.30686,0.61297,0.35003,-0.35389,0.6136
0.09979,-0.74253,0.30686,0.61297,0.35003,-0.35389,0.6136
0.09979,-0.7425,0.30686,0.61297,0.35003,-0.35389,0.6136
0.099789,-0.74248,0.30686,0.61297,0.35003,-0.35389,0.6136
0.099789,-0.74245,0.30686,0.61297,0.35003,-0.35389,0.6136
0.099789,-0.74243,0.30686,0.61297,0.35003,-0.35389,0.6136
0.099789,-0.7424,0.30686,0.61297,0.35003,-0.35389,0.6136
0.099788,-0.74238,0.30686,0.61297,0.35003,-0.35389,0.6136
0.099788,-0.74235,0.30686,0.61297,0.35003,-0.35389,0.6136
0.099788,-0.74233,0.30686,0.61297,0.35003,-0.35389,0.6136
0.099787,-0.7423,0.30686,0.61297,0.35003,-0.35389,0.6136
0.099787,-0.74228,0.30686,0.61297,0.35003,-0.35389,0.6136
0.099787,-0.74225,0.30686,0.61297,0.35003,-0.35389,0.6136
0.099787,-0.74223,0.30686,0.61297,0.35003,-0.35389,0.6136
0.099786,-0.7422,0.30686,0.61297,0.35003,-0.35389,0.6136
0.099786,-0.74218,0.30686,0.61297,0.35003,-0.35389,0.6136
0.099786,-0.74215,0.30686,0.61297,0.35003,-0.35389,0.6136
0.099785,-0.74213,0.30686,0.61297,0.35003,-0.35389,0.6136
0.099785,-0.7421,0.30686,0.61297,0.35003,-0.35389,0.6136
0.099785,-0.74208,0.30686,0.61297,0.35003,-0.35389,0.6136
0.099785,-0.74205,0.30686,0.61297,0.35003,-0.35389,0.6136
0.099784,-0.74203,0.30686,0.61297,0.35003,-0.35389,0.6136
0.099784,-0.74201,0.30686,0.61297,0.35003,-0.35389,0.6136
0.099784,-0.74198,0.30686,0.61297,0.35003,-0.35389,0.6136
0.099783,-0.74196,0.30686,0.61297,0.35003,-0.35389,0.6136
0.099783,-0.74193,0.30686,0.61297,0.35003,-0.35389,0.6136
0.099783,-0.74191,0.30686,0.61297,0.35003,-0.35389,0.6136
0.099783,-0.74188,0.30686,0.61297,0.35003,-0.35389,0.6136
0.099783,-0.74188,0.30686,0.61297,0.35003,-0.35389,0.6136
0.099784,-0.74188,0.30686,0.61344,0.34924,-0.35307,0.61405
0.099786,-0.74189,0.30687,0.61391,0.34844,-0.35226,0.6145
0.099787,-0.74189,0.30687,0.61438,0.34765,-0.35145,0.61495
0.099789,-0.74189,0.30687,0.61485,0.34685,-0.35063,0.6154
0.09979,-0.7419,0.30687,0.61531,0.34605,-0.34982,0.61585
0.099792,-0.7419,0.30687,0.61578,0.34526,-0.349,0.61629
0.099793,-0.7419,0.30688,0.61624,0.34446,-0.34818,0.61674
0.099795,-0.74191,0.30688,0.6167,0.34366,-0.34737,0.61718
0.099796,-0.74191,0.30688,0.61716,0.34286,-0.34655,0.61762
0.099798,-0.74191,0.30688,0.61762,0.34206,-0.34573,0.61807
0.099799,-0.74191,0.30688,0.61808,0.34126,-0.34491,0.61851
0.099801,-0.74192,0.30689,0.61854,0.34046,-0.34409,0.61895
0.099802,-0.74192,0.30689,0.619,0.33966,-0.34327,0.61938
0.099803,-0.74192,0.30689,0.61945,0.33886,-0.34245,0.61982
0.099805,-0.74193,0.30689,0.61991,0.33805,-0.34163,0.62026
0.099806,-0.74193,0.30689,0.62036,0.33725,-0.34081,0.62069
0.099808,-0.74193,0.3069,0.62082,0.33645,-0.33999,0.62113
0.099809,-0.74193,0.3069,0.62127,0.33564,-0.33916,0.62156
0.099811,-0.74194,0.3069,0.62172,0.33484,-0.33834,0.62199
0.099812,-0.74194,0.3069,0.62217,0.33403,-0.33752,0.62242
0.099814,-0.74194,0.3069,0.62262,0.33323,-0.33669,0.62285
0.099815,-0.74195,0.30691,0.62306,0.33242,-0.33587,0.62328
0.099816,-0.74195,0.30691,0.62351,0.33161,-0.33504,0.62371
0.099818,-0.74195,0.30691,0.62396,0.33081,-0.33421,0.62414
0.099819,-0.74196,0.30691,0.6244,0.33,-0.33339,0.62456
0.099821,-0.74196,0.30692,0.62484,0.32919,-0.33256,0.62499
0.099822,-0.74196,0.30692,0.62529,0.32838,-0.33173,0.62541
0.099823,-0.74196,0.30692,0.62573,0.32757,-0.3309,0.62583
0.099825,-0.74197,0.30692,0.62617,0.32676,-0.33007,0.62626
0.099826,-0.74197,0.30692,0.62661,0.32595,-0.32924,0.62668
0.099827,-0.74197,0.30693,0.62704,0.32514,-0.32841,0.62709
0.099829,-0.74198,0.30693,0.62748,0.32432,-0.32758,0.62751
0.09983,-0.74198,0.30693,0.62792,0.32351,-0.32675,0.62793
0.099831,-0.74198,0.30693,0.62835,0.3227,-0.32592,0.62835
0.099833,-0.74199,0.30693,0.62879,0.32188,-0.32508,0.62876
0.099834,-0.74199,0.30694,0.62922,0.32107,-0.32425,0.62917
0.099835,-0.74199,0.30694,0.62965,0.32025,-0.32342,0.62959
0.099837,-0.74199,0.30694,0.63008,0.31944,-0.32258,0.63
0.099838,-0.742,0.30694,0.63051,0.31862,-0.32175,0.63041
0.099839,-0.742,0.30695,0.63094,0.31781,-0.32091,0.63082
0.099841,-0.742,0.30695,0.63136,0.31699,-0.32008,0.63123
0.099842,-0.74201,0.30695,0.63179,0.31617,-0.31924,0.63164
0.099843,-0.74201,0.30695,0.63222,0.31535,-0.3184,0.63204
0.099845,-0.74201,0.30695,0.63264,0.31453,-0.31756,0.63245
0.099846,-0.74202,0.30696,0.63306,0.31371,-0.31673,0.63285
0.099847,-0.74202,0.30696,0.63348,0.31289,-0.31589,0.63325
0.099848,-0.74202,0.30696,0.6339,0.31207,-0.31505,0.63366
0.09985,-0.74202,0.30696,0.63432,0.31125,-0.31421,0.63406
0.099851,-0.74203,0.30697,0.63474,0.31043,-0.31337,0.63446
0.099852,-0.74203,0.30697,0.63516,0.30961,-0.31253,0.63486
0.099852,-0.74203,0.30697,0.63516,0.30961,-0.31253,0.63486
0.099853,-0.74217,0.30697,0.63476,0.31039,-0.31333,0.63447
0.099853,-0.74231,0.30696,0.63436,0.31118,-0.31413,0.63409
0.099854,-0.74245,0.30696,0.63396,0.31196,-0.31493,0.63371
0.099854,-0.74259,0.30696,0.63356,0.31274,-0.31573,0.63333
0.099855,-0.74274,0.30696,0.63316,0.31353,-0.31653,0.63294
0.099855,-0.74288,0.30696,0.63276,0.31431,-0.31733,0.63256
0.099855,-0.74302,0.30696,0.63235,0.31509,-0.31813,0.63217
0.099856,-0.74316,0.30696,0.63195,0.31587,-0.31893,0.63178
0.099856,-0.7433,0.30696,0.63154,0.31665,-0.31973,0.6314
0.099857,-0.74344,0.30695,0.63113,0.31743,-0.32053,0.63101
0.099857,-0.74358,0.30695,0.63072,0.31821,-0.32133,0.63062
0.099858,-0.74372,0.30695,0.63032,0.31899,-0.32212,0.63023
0.099858,-0.74387,0.30695,0.62991,0.31977,-0.32292,0.62983
0.099858,-0.74401,0.30695,0.62949,0.32055,-0.32372,0.62944
0.099859,-0.74415,0.30695,0.62908,0.32132,-0.32451,0.62905
0.099859,-0.74429,0.30695,0.62867,0.3221,-0.32531,0.62865
0.09986,-0.74443,0.30695,0.62826,0.32288,-0.3261,0.62825
0.09986,-0.74457,0.30694,0.62784,0.32365,-0.32689,0.62786
0.09986,-0.74471,0.30694,0.62742,0.32443,-0.32769,0.62746
0.099861,-0.74485,0.30694,0.62701,0.3252,-0.32848,0.62706
0.099861,-0.74499,0.30694,0.62659,0.32598,-0.32927,0.62666
0.099861,-0.74514,0.30694,0.62617,0.32675,-0.33007,0.62626
0.099862,-0.74528,0.30694,0.62575,0.32753,-0.33086,0.62586
0.099862,-0.74542,0.30694,0.62533,0.3283,-0.33165,0.62545
0.099862,-0.74556,0.30694,0.62491,0.32907,-0.33244,0.62505
0.099863,-0.7457,0.30693,0.62449,0.32984,-0.33323,0.62464
0.099863,-0.74584,0.30693,0.62406,0.33061,-0.33402,0.62424
0.099863,-0.74598,0.30693,0.62364,0.33139,-0.33481,0.62383
0.099864,-0.74612,0.30693,0.62321,0.33216,-0.33559,0.62342
0.099864,-0.74626,0.30693,0.62278,0.33293,-0.33638,0.62301
0.099864,-0.74641,0.30693,0.62236,0.33369,-0.33717,0.6226
0.099865,-0.74655,0.30693,0.62193,0.33446,-0.33796,0.62219
0.099865,-0.74669,0.30693,0.6215,0.33523,-0.33874,0.62178
0.099865,-0.74683,0.30692,0.62107,0.336,-0.33953,0.62137
0.099866,-0.74697,0.30692,0.62064,0.33677,-0.34031,0.62096
0.099866,-0.74711,0.30692,0.6202,0.33753,-0.3411,0.62054
0.099866,-0.74725,0.30692,0.61977,0.3383,-0.34188,0.62013
0.099866,-0.74739,0.30692,0.61934,0.33907,-0.34266,0.61971
0.099867,-0.74754,0.30692,0.6189,0.33983,-0.34345,0.61929
0.099867,-0.74768,0.30692,0.61846,0.3406,-0.34423,0.61887
0.099867,-0.74782,0.30692,0.61803,0.34136,-0.34501,0.61845
0.099868,-0.74796,0.30691,0.61759,0.34212,-0.34579,0.61803
0.099868,-0.7481,0.30691,0.61715,0.34289,-0.34657,0.61761
0.099868,-0.74824,0.30691,0.61671,0.34365,-0.34735,0.61719
0.099868,-0.74838,0.30691,0.61627,0.34441,-0.34813,0.61676
0.099869,-0.74852,0.30691,0.61583,0.34517,-0.34891,0.61634
0.099869,-0.74866,0.30691,0.61538,0.34593,-0.34969,0.61591
0.099869,-0.74881,0.30691,0.61494,0.34669,-0.35047,0.61549
0.099869,-0.74895,0.30691,0.61449,0.34745,-0.35125,0.61506
0.099869,-0.74909,0.3069,0.61405,0.34821,-0.35202,0.61463
0.099869,-0.74909,0.3069,0.61405,0.34821,-0.35202,0.61463
0.099931,-0.74922,0.307,0.63359,0.31269,-0.31568,0.63335
0.099981,-0.74935,0.3071,0.65103,0.27614,-0.27829,0.64997
0.10002,-0.74948,0.3072,0.66631,0.23867,-0.23998,0.66444
0.10005,-0.74961,0.30731,0.67938,0.20041,-0.20088,0.6767
0.10006,-0.74974,0.30742,0.6902,0.16148,-0.16111,0.68672
0.10006,-0.74987,0.30753,0.69874,0.12202,-0.1208,0.69447
0.10005,-0.75001,0.30764,0.70496,0.082155,-0.080093,0.69991
0.10003,-0.75014,0.30775,0.70884,0.042017,-0.039121,0.70303
0.099991,-0.75027,0.30785,0.71037,0.0017404,0.0019806,0.70382
0.099943,-0.7504,0.30795,0.70955,-0.038542,0.043076,0.70228
0.099884,-0.75053,0.30805,0.70637,-0.078697,0.084028,0.69841
0.099816,-0.75067,0.30813,0.70086,-0.11859,0.1247,0.69223
0.099737,-0.7508,0.30821,0.69302,-0.15809,0.16496,0.68375
0.099651,-0.75093,0.30828,0.68288,-0.19707,0.20468,0.67301
0.099558,-0.75106,0.30833,0.67048,-0.23539,0.24371,0.66004
0.099458,-0.7512,0.30838,0.65586,-0.27294,0.28194,0.64487
0.099355,-0.75133,0.30841,0.63907,-0.30958,0.31923,0.62757
0.099248,-0.75146,0.30843,0.62015,-0.34519,0.35547,0.60819
0.099139,-0.7516,0.30844,0.59918,-0.37966,0.39052,0.5868
0.099031,-0.75173,0.30844,0.57623,-0.41287,0.42428,0.56346
0.098923,-0.75186,0.30842,0.55136,-0.44471,0.45664,0.53825
0.098819,-0.752,0.30839,0.52467,-0.47508,0.48748,0.51126
0.098718,-0.75213,0.30835,0.49624,-0.50387,0.51671,0.48257
0.098623,-0.75226,0.3083,0.46616,-0.53099,0.54422,0.45228
0.098535,-0.7524,0.30824,0.43454,-0.55636,0.56993,0.4205
0.098454,-0.75253,0.30816,0.40148,-0.57988,0.59375,0.38732
0.098383,-0.75266,0.30808,0.36709,-0.60147,0.61561,0.35285
0.098322,-0.7528,0.30799,0.33148,-0.62108,0.63542,0.31722
0.098271,-0.75293,0.30789,0.29477,-0.63862,0.65313,0.28054
0.098232,-0.75306,0.30779,0.25708,-0.65405,0.66867,0.24292
0.098205,-0.75319,0.30769,0.21855,-0.66731,0.68199,0.2045
0.098191,-0.75333,0.30758,0.17929,-0.67836,0.69306,0.16541
0.098189,-0.75346,0.30747,0.13943,-0.68716,0.70183,0.12576
0.0982,-0.75359,0.30736,0.099112,-0.69368,0.70827,0.0857
0.098223,-0.75372,0.30725,0.058466,-0.6979,0.71236,0.045354
0.098259,-0.75386,0.30715,0.017626,-0.69981,0.71409,0.0048571
0.098306,-0.75399,0.30705,0.023273,0.6994,-0.71346,0.035655
0.098365,-0.75412,0.30695,0.064095,0.69667,-0.71046,0.07605
0.098434,-0.75425,0.30687,0.1047,0.69164,-0.70511,0.11619
0.098513,-0.75438,0.30679,0.14497,0.68431,-0.69741,0.15595
0.0986,-0.75452,0.30672,0.18475,0.67471,-0.68741,0.19519
0.098695,-0.75465,0.30666,0.22392,0.66288,-0.67513,0.23378
0.098796,-0.75478,0.30662,0.26234,0.64885,-0.66061,0.2716
0.098901,-0.75491,0.30658,0.2999,0.63266,-0.6439,0.30852
0.099011,-0.75504,0.30656,0.33646,0.61438,-0.62506,0.34442
0.099122,-0.75517,0.30655,0.37191,0.59407,-0.60415,0.37917
0.099234,-0.7553,0.30655,0.40613,0.57179,-0.58123,0.41267
0.099345,-0.75543,0.30656,0.439,0.54761,-0.55639,0.4448
0.099453,-0.75556,0.30659,0.47041,0.52161,-0.5297,0.47545
0.099558,-0.75569,0.30663,0.50027,0.49389,-0.50126,0.50453
0.099558,-0.75569,0.30663,0.50027,0.49389,-0.50126,0.50453
0.099558,-0.75572,0.30663,0.50026,0.49389,-0.50126,0.50453
0.099559,-0.75574,0.30663,0.50026,0.4939,-0.50127,0.50452
0.099559,-0.75577,0.30663,0.50025,0.4939,-0.50127,0.50452
0.099559,-0.75579,0.30663,0.50025,0.49391,-0.50128,0.50451
0.099559,-0.75582,0.30663,0.50024,0.49391,-0.50128,0.50451
0.09956,-0.75584,0.30663,0.50024,0.49392,-0.50129,0.5045
0.09956,-0.75587,0.30663,0.50023,0.49392,-0.50129,0.5045
0.09956,-0.75589,0.30663,0.50023,0.49393,-0.5013,0.50449
0.09956,-0.75592,0.30663,0.50022,0.49393,-0.5013,0.50449
0.099561,-0.75594,0.30663,0.50022,0.49394,-0.50131,0.50448
0.099561,-0.75596,0.30663,0.50021,0.49394,-0.50131,0.50448
0.099561,-0.75599,0.30663,0.50021,0.49395,-0.50132,0.50447
0.099562,-0.75601,0.30663,0.5002,0.49395,-0.50132,0.50447
0.099562,-0.75604,0.30663,0.5002,0.49396,-0.50133,0.50446
0.099562,-0.75606,0.30663,0.50019,0.49396,-0.50133,0.50446
0.099562,-0.75609,0.30663,0.50019,0.49397,-0.50134,0.50445
0.099563,-0.75611,0.30663,0.50018,0.49397,-0.50134,0.50445
0.099563,-0.75614,0.30663,0.50018,0.49398,-0.50135,0.50444
0.099563,-0.75616,0.30663,0.50017,0.49398,-0.50135,0.50444
0.099563,-0.75619,0.30663,0.50017,0.49399,-0.50136,0.50443
0.099564,-0.75621,0.30663,0.50016,0.49399,-0.50136,0.50443
0.099564,-0.75624,0.30663,0.50016,0.494,-0.50137,0.50442
0.099564,-0.75626,0.30663,0.50015,0.494,-0.50137,0.50442
0.099564,-0.75629,0.30663,0.50015,0.49401,-0.50138,0.50441
0.099565,-0.75631,0.30663,0.50014,0.49401,-0.50138,0.50441
0.099565,-0.75634,0.30663,0.50014,0.49402,-0.50139,0.5044
0.099565,-0.75636,0.30663,0.50013,0.49402,-0.50139,0.5044
0.099566,-0.75639,0.30663,0.50013,0.49403,-0.5014,0.50439
0.099566,-0.75641,0.30663,0.50012,0.49403,-0.5014,0.50439
0.099566,-0.75643,0.30663,0.50012,0.49404,-0.50141,0.50438
0.099566,-0.75646,0.30663,0.50011,0.49404,-0.50141,0.50438
0.099567,-0.75648,0.30663,0.50011,0.49405,-0.50142,0.50437
0.099567,-0.75651,0.30663,0.5001,0.49405,-0.50142,0.50437
0.099567,-0.75653,0.30663,0.5001,0.49406,-0.50143,0.50436
0.099567,-0.75656,0.30663,0.50009,0.49406,-0.50143,0.50436
0.099568,-0.75658,0.30663,0.50009,0.49407,-0.50144,0.50435
0.099568,-0.75661,0.30663,0.50008,0.49407,-0.50144,0.50435
0.099568,-0.75663,0.30663,0.50007,0.49408,-0.50145,0.50434
0.099569,-0.75666,0.30663,0.50007,0.49408,-0.50145,0.50434
0.099569,-0.75668,0.30663,0.50006,0.49409,-0.50146,0.50433
0.099569,-0.75671,0.30663,0.50006,0.49409,-0.50146,0.50433
0.099569,-0.75673,0.30663,0.50005,0.4941,-0.50147,0.50432
0.09957,-0.75676,0.30663,0.50005,0.4941,-0.50147,0.50432
0.09957,-0.75678,0.30663,0.50004,0.49411,-0.50148,0.50431
0.09957,-0.75681,0.30663,0.50004,0.49411,-0.50148,0.50431
0.09957,-0.75683,0.30664,0.50003,0.49412,-0.50149,0.5043
0.099571,-0.75686,0.30664,0.50003,0.49412,-0.50149,0.5043
0.099571,-0.75688,0.30664,0.50002,0.49413,-0.5015,0.5043
0.099571,-0.7569,0.30664,0.50002,0.49413,-0.5015,0.50429
0.099571,-0.75693,0.30664,0.50001,0.49414,-0.50151,0.50429
0.099571,-0.75693,0.30664,0.50001,0.49414,-0.50151,0.50429
0.099467,-0.7568,0.3066,0.47015,0.52184,-0.52993,0.4752
0.099358,-0.75667,0.30657,0.43873,0.54781,-0.5566,0.44453
0.099247,-0.75654,0.30656,0.40585,0.57197,-0.58142,0.4124
0.099135,-0.75641,0.30655,0.37163,0.59424,-0.60432,0.3789
0.099024,-0.75628,0.30656,0.33618,0.61454,-0.62522,0.34414
0.098915,-0.75615,0.30659,0.29962,0.63279,-0.64404,0.30824
0.098809,-0.75601,0.30662,0.26206,0.64896,-0.66073,0.27132
0.098709,-0.75588,0.30667,0.22363,0.66297,-0.67523,0.2335
0.098614,-0.75575,0.30673,0.18447,0.67479,-0.68749,0.19491
0.098527,-0.75562,0.3068,0.14469,0.68437,-0.69748,0.15567
0.098448,-0.75549,0.30688,0.10443,0.69168,-0.70515,0.11592
0.098379,-0.75536,0.30696,0.063826,0.6967,-0.71049,0.075784
0.09832,-0.75523,0.30706,0.02301,0.69941,-0.71347,0.035395
0.098273,-0.75509,0.30716,0.017881,-0.69981,0.71409,0.0051105
0.098237,-0.75496,0.30726,0.058714,-0.69788,0.71234,0.045599
0.098214,-0.75483,0.30737,0.099352,-0.69365,0.70824,0.085937
0.098203,-0.7547,0.30748,0.13966,-0.68711,0.70178,0.12599
0.098205,-0.75456,0.30759,0.17951,-0.6783,0.693,0.16563
0.09822,-0.75443,0.30769,0.21876,-0.66724,0.68193,0.20471
0.098247,-0.7543,0.3078,0.25728,-0.65397,0.66859,0.24312
0.098286,-0.75417,0.3079,0.29496,-0.63854,0.65304,0.28072
0.098336,-0.75403,0.308,0.33165,-0.62099,0.63533,0.3174
0.098398,-0.7539,0.30809,0.36725,-0.60138,0.61551,0.35302
0.098469,-0.75377,0.30817,0.40163,-0.57977,0.59365,0.38747
0.098549,-0.75363,0.30824,0.43468,-0.55625,0.56983,0.42064
0.098638,-0.7535,0.30831,0.46629,-0.53088,0.54411,0.45241
0.098733,-0.75337,0.30836,0.49636,-0.50376,0.5166,0.48269
0.098833,-0.75323,0.3084,0.52478,-0.47496,0.48737,0.51136
0.098938,-0.7531,0.30843,0.55146,-0.4446,0.45653,0.53834
0.099045,-0.75297,0.30845,0.57631,-0.41275,0.42417,0.56354
0.099154,-0.75283,0.30845,0.59926,-0.37955,0.39041,0.58687
0.099262,-0.7527,0.30844,0.62022,-0.34508,0.35535,0.60826
0.099369,-0.75257,0.30842,0.63912,-0.30947,0.31912,0.62763
0.099473,-0.75243,0.30839,0.65591,-0.27283,0.28183,0.64492
0.099572,-0.7523,0.30834,0.67052,-0.23529,0.24361,0.66007
0.099666,-0.75217,0.30828,0.68291,-0.19698,0.20458,0.67304
0.099752,-0.75204,0.30822,0.69304,-0.158,0.16487,0.68378
0.09983,-0.7519,0.30814,0.70087,-0.11851,0.12462,0.69225
0.099899,-0.75177,0.30805,0.70638,-0.078621,0.08395,0.69842
0.099958,-0.75164,0.30796,0.70955,-0.038472,0.043004,0.70229
0.10001,-0.75151,0.30786,0.71037,0.0018034,0.0019163,0.70382
0.10004,-0.75138,0.30776,0.70883,0.042073,-0.039178,0.70303
0.10006,-0.75124,0.30765,0.70495,0.082204,-0.080142,0.6999
0.10008,-0.75111,0.30754,0.69873,0.12206,-0.12084,0.69446
0.10007,-0.75098,0.30743,0.6902,0.16152,-0.16114,0.68671
0.10006,-0.75085,0.30732,0.67937,0.20043,-0.2009,0.67669
0.10003,-0.75072,0.30721,0.6663,0.23869,-0.24,0.66443
0.099996,-0.75059,0.3071,0.65102,0.27615,-0.27831,0.64997
0.099945,-0.75046,0.307,0.63358,0.3127,-0.31569,0.63335
0.099884,-0.75033,0.30691,0.61405,0.34821,-0.35202,0.61463
0.099884,-0.75033,0.30691,0.61405,0.34821,-0.35202,0.61463
0.099884,-0.7503,0.30691,0.61405,0.34821,-0.35202,0.61463
0.099883,-0.75028,0.30691,0.61405,0.34821,-0.35202,0.61463
0.099883,-0.75025,0.30691,0.61405,0.34821,-0.35202,0.61463
0.099883,-0.75023,0.30691,0.61405,0.34821,-0.35202,0.61463
0.099882,-0.7502,0.30691,0.61405,0.34821,-0.35202,0.61463
0.099882,-0.75018,0.30691,0.61405,0.34821,-0.35202,0.61463
0.099882,-0.75015,0.30691,0.61405,0.34821,-0.35202,0.61463
0.099882,-0.75013,0.30691,0.61405,0.34821,-0.35202,0.61463
0.099881,-0.7501,0.30691,0.61405,0.34821,-0.35202,0.61463
0.099881,-0.75008,0.30691,0.61405,0.34821,-0.35202,0.61463
0.099881,-0.75005,0.30691,0.61405,0.34821,-0.35202,0.61463
0.09988,-0.75003,0.30691,0.61405,0.34821,-0.35202,0.61463
0.09988,-0.75,0.30691,0.61405,0.34821,-0.35202,0.61463
0.09988,-0.74998,0.30691,0.61405,0.34821,-0.35202,0.61463
0.09988,-0.74996,0.30691,0.61405,0.34821,-0.35202,0.61463
0.099879,-0.74993,0.30691,0.61405,0.34821,-0.35202,0.61463
0.099879,-0.74991,0.30691,0.61405,0.34821,-0.35202,0.61463
0.099879,-0.74988,0.30691,0.61405,0.34821,-0.35202,0.61463
0.099878,-0.74986,0.30691,0.61405,0.34821,-0.35202,0.61463
0.099878,-0.74983,0.30691,0.61405,0.34821,-0.35202,0.61463
0.099878,-0.74981,0.30691,0.61405,0.34821,-0.35202,0.61463
0.099878,-0.74978,0.30691,0.61405,0.34821,-0.35202,0.61463
0.099877,-0.74976,0.30691,0.61405,0.34821,-0.35202,0.61463
0.099877,-0.74973,0.30691,0.61405,0.34821,-0.35202,0.61463
0.099877,-0.74971,0.30691,0.61405,0.34821,-0.35202,0.61463
0.099876,-0.74968,0.30691,0.61405,0.34821,-0.35202,0.61463
0.099876,-0.74966,0.30691,0.61405,0.34821,-0.35202,0.61463
0.099876,-0.74963,0.30691,0.61405,0.34821,-0.35202,0.61463
0.099876,-0.74961,0.30691,0.61405,0.34821,-0.35202,0.61463
0.099875,-0.74958,0.30691,0.61405,0.34821,-0.35202,0.61463
0.099875,-0.74956,0.30691,0.61405,0.34821,-0.35202,0.61463
0.099875,-0.74953,0.30691,0.61405,0.34821,-0.35202,0.61463
0.099874,-0.74951,0.30691,0.61405,0.34821,-0.35202,0.61463
0.099874,-0.74948,0.30691,0.61405,0.34821,-0.35202,0.61463
0.099874,-0.74946,0.30691,0.61405,0.34821,-0.35202,0.61463
0.099873,-0.74943,0.30691,0.61405,0.34821,-0.35202,0.61463
0.099873,-0.74941,0.30691,0.61405,0.34821,-0.35202,0.61463
0.099873,-0.74939,0.30691,0.61405,0.34821,-0.35202,0.61463
0.099873,-0.74936,0.30691,0.61405,0.34821,-0.35202,0.61463
0.099872,-0.74934,0.30691,0.61405,0.34821,-0.35202,0.61463
0.099872,-0.74931,0.30691,0.61405,0.34821,-0.35202,0.61463
0.099872,-0.74929,0.30691,0.61405,0.34821,-0.35202,0.61463
0.099871,-0.74926,0.30691,0.61405,0.34821,-0.35202,0.61463
0.099871,-0.74924,0.30691,0.61405,0.34821,-0.35202,0.61463
0.099871,-0.74921,0.30691,0.61405,0.34821,-0.35202,0.61463
0.099871,-0.74919,0.30691,0.61405,0.34821,-0.35202,0.61463
0.09987,-0.74916,0.30691,0.61405,0.34821,-0.35202,0.61463
0.09987,-0.74914,0.30691,0.61405,0.34821,-0.35202,0.61463
0.09987,-0.74911,0.3069,0.61405,0.34821,-0.35202,0.61463
0.099869,-0.74909,0.3069,0.61405,0.34821,-0.35202,0.61463
0.099869,-0.74909,0.3069,0.61405,0.34821,-0.35202,0.61463
0.099871,-0.74909,0.30691,0.61451,0.34742,-0.35121,0.61508
0.099873,-0.74909,0.30691,0.61498,0.34662,-0.3504,0.61553
0.099874,-0.7491,0.30691,0.61545,0.34582,-0.34958,0.61598
0.099876,-0.7491,0.30691,0.61591,0.34503,-0.34876,0.61642
0.099877,-0.7491,0.30692,0.61637,0.34423,-0.34795,0.61687
0.099878,-0.74911,0.30692,0.61684,0.34343,-0.34713,0.61731
0.09988,-0.74911,0.30692,0.6173,0.34263,-0.34631,0.61775
0.099881,-0.74911,0.30692,0.61776,0.34183,-0.34549,0.61819
0.099883,-0.74911,0.30692,0.61822,0.34103,-0.34467,0.61863
0.099884,-0.74912,0.30693,0.61867,0.34023,-0.34385,0.61907
0.099886,-0.74912,0.30693,0.61913,0.33943,-0.34303,0.61951
0.099887,-0.74912,0.30693,0.61959,0.33862,-0.34221,0.61995
0.099889,-0.74913,0.30693,0.62004,0.33782,-0.34139,0.62038
0.09989,-0.74913,0.30693,0.62049,0.33702,-0.34057,0.62082
0.099892,-0.74913,0.30694,0.62095,0.33621,-0.33975,0.62125
0.099893,-0.74914,0.30694,0.6214,0.33541,-0.33892,0.62169
0.099894,-0.74914,0.30694,0.62185,0.33461,-0.3381,0.62212
0.099896,-0.74914,0.30694,0.6223,0.3338,-0.33728,0.62255
0.099897,-0.74914,0.30694,0.62275,0.33299,-0.33645,0.62298
0.099899,-0.74915,0.30695,0.62319,0.33219,-0.33563,0.62341
0.0999,-0.74915,0.30695,0.62364,0.33138,-0.3348,0.62383
0.099902,-0.74915,0.30695,0.62409,0.33057,-0.33397,0.62426
0.099903,-0.74916,0.30695,0.62453,0.32976,-0.33315,0.62469
0.099904,-0.74916,0.30695,0.62497,0.32895,-0.33232,0.62511
0.099906,-0.74916,0.30696,0.62541,0.32814,-0.33149,0.62553
0.099907,-0.74917,0.30696,0.62586,0.32733,-0.33066,0.62596
0.099908,-0.74917,0.30696,0.62629,0.32652,-0.32983,0.62638
0.09991,-0.74917,0.30696,0.62673,0.32571,-0.329,0.6268
0.099911,-0.74917,0.30697,0.62717,0.3249,-0.32817,0.62722
0.099913,-0.74918,0.30697,0.62761,0.32409,-0.32734,0.62763
0.099914,-0.74918,0.30697,0.62804,0.32327,-0.32651,0.62805
0.099915,-0.74918,0.30697,0.62848,0.32246,-0.32568,0.62847
0.099917,-0.74919,0.30697,0.62891,0.32165,-0.32484,0.62888
0.099918,-0.74919,0.30698,0.62934,0.32083,-0.32401,0.62929
0.099919,-0.74919,0.30698,0.62977,0.32002,-0.32317,0.62971
0.099921,-0.74919,0.30698,0.6302,0.3192,-0.32234,0.63012
0.099922,-0.7492,0.30698,0.63063,0.31839,-0.32151,0.63053
0.099923,-0.7492,0.30699,0.63106,0.31757,-0.32067,0.63094
0.099925,-0.7492,0.30699,0.63149,0.31675,-0.31983,0.63135
0.099926,-0.74921,0.30699,0.63191,0.31593,-0.319,0.63175
0.099927,-0.74921,0.30699,0.63234,0.31511,-0.31816,0.63216
0.099928,-0.74921,0.30699,0.63276,0.3143,-0.31732,0.63256
0.09993,-0.74922,0.307,0.63318,0.31348,-0.31648,0.63297
0.099931,-0.74922,0.307,0.63361,0.31266,-0.31564,0.63337
0.099932,-0.74922,0.307,0.63403,0.31184,-0.3148,0.63377
0.099933,-0.74922,0.307,0.63445,0.31101,-0.31396,0.63417
0.099935,-0.74923,0.307,0.63486,0.31019,-0.31312,0.63457
0.099936,-0.74923,0.30701,0.63528,0.30937,-0.31228,0.63497
0.099937,-0.74923,0.30701,0.6357,0.30855,-0.31144,0.63537
0.099939,-0.74924,0.30701,0.63611,0.30772,-0.3106,0.63576
0.099939,-0.74924,0.30701,0.63611,0.30772,-0.3106,0.63576
0.099939,-0.74938,0.30701,0.63572,0.30851,-0.3114,0.63539
0.099939,-0.74952,0.30701,0.63532,0.30929,-0.31221,0.63501
0.09994,-0.74966,0.30701,0.63492,0.31008,-0.31301,0.63463
0.09994,-0.7498,0.30701,0.63452,0.31086,-0.31381,0.63425
0.099941,-0.74994,0.307,0.63412,0.31165,-0.31461,0.63386
0.099941,-0.75008,0.307,0.63372,0.31243,-0.31541,0.63348
0.099942,-0.75022,0.307,0.63332,0.31321,-0.31621,0.6331
0.099942,-0.75037,0.307,0.63292,0.314,-0.31701,0.63271
0.099943,-0.75051,0.307,0.63251,0.31478,-0.31781,0.63233
0.099943,-0.75065,0.307,0.63211,0.31556,-0.31861,0.63194
0.099944,-0.75079,0.307,0.6317,0.31634,-0.31941,0.63155
0.099944,-0.75093,0.307,0.6313,0.31712,-0.32021,0.63116
0.099944,-0.75107,0.30699,0.63089,0.3179,-0.32101,0.63077
0.099945,-0.75121,0.30699,0.63048,0.31868,-0.3218,0.63038
0.099945,-0.75135,0.30699,0.63007,0.31946,-0.3226,0.62999
0.099946,-0.75149,0.30699,0.62966,0.32024,-0.3234,0.6296
0.099946,-0.75164,0.30699,0.62925,0.32101,-0.32419,0.6292
0.099946,-0.75178,0.30699,0.62883,0.32179,-0.32499,0.62881
0.099947,-0.75192,0.30699,0.62842,0.32257,-0.32578,0.62841
0.099947,-0.75206,0.30699,0.62801,0.32334,-0.32658,0.62802
0.099948,-0.7522,0.30698,0.62759,0.32412,-0.32737,0.62762
0.099948,-0.75234,0.30698,0.62717,0.32489,-0.32816,0.62722
0.099948,-0.75248,0.30698,0.62676,0.32567,-0.32896,0.62682
0.099949,-0.75262,0.30698,0.62634,0.32644,-0.32975,0.62642
0.099949,-0.75277,0.30698,0.62592,0.32722,-0.33054,0.62602
0.099949,-0.75291,0.30698,0.6255,0.32799,-0.33133,0.62561
0.09995,-0.75305,0.30698,0.62508,0.32876,-0.33212,0.62521
0.09995,-0.75319,0.30698,0.62465,0.32953,-0.33291,0.62481
0.09995,-0.75333,0.30697,0.62423,0.33031,-0.3337,0.6244
0.099951,-0.75347,0.30697,0.62381,0.33108,-0.33449,0.62399
0.099951,-0.75361,0.30697,0.62338,0.33185,-0.33528,0.62359
0.099951,-0.75375,0.30697,0.62296,0.33262,-0.33607,0.62318
0.099952,-0.75389,0.30697,0.62253,0.33339,-0.33685,0.62277
0.099952,-0.75404,0.30697,0.6221,0.33416,-0.33764,0.62236
0.099952,-0.75418,0.30697,0.62167,0.33492,-0.33843,0.62195
0.099953,-0.75432,0.30697,0.62124,0.33569,-0.33921,0.62153
0.099953,-0.75446,0.30696,0.62081,0.33646,-0.34,0.62112
0.099953,-0.7546,0.30696,0.62038,0.33723,-0.34078,0.62071
0.099954,-0.75474,0.30696,0.61994,0.33799,-0.34157,0.62029
0.099954,-0.75488,0.30696,0.61951,0.33876,-0.34235,0.61988
0.099954,-0.75502,0.30696,0.61907,0.33952,-0.34313,0.61946
0.099954,-0.75516,0.30696,0.61864,0.34029,-0.34392,0.61904
0.099955,-0.75531,0.30696,0.6182,0.34105,-0.3447,0.61862
0.099955,-0.75545,0.30696,0.61776,0.34182,-0.34548,0.6182
0.099955,-0.75559,0.30695,0.61732,0.34258,-0.34626,0.61778
0.099955,-0.75573,0.30695,0.61688,0.34334,-0.34704,0.61736
0.099956,-0.75587,0.30695,0.61644,0.34411,-0.34782,0.61693
0.099956,-0.75601,0.30695,0.616,0.34487,-0.3486,0.61651
0.099956,-0.75615,0.30695,0.61556,0.34563,-0.34938,0.61609
0.099956,-0.75629,0.30695,0.61512,0.34639,-0.35016,0.61566
0.099956,-0.75629,0.30695,0.61512,0.34639,-0.35016,0.61566
0.10002,-0.75642,0.30704,0.63455,0.31081,-0.31376,0.63427
0.10007,-0.75656,0.30714,0.65188,0.27421,-0.27632,0.65078
0.10011,-0.75669,0.30725,0.66704,0.23669,-0.23796,0.66513
0.10013,-0.75682,0.30736,0.68,0.19839,-0.19882,0.67728
0.10014,-0.75695,0.30747,0.69071,0.15944,-0.15902,0.68718
0.10015,-0.75708,0.30758,0.69912,0.11995,-0.11869,0.69481
0.10013,-0.75721,0.30769,0.70522,0.080069,-0.077964,0.70013
0.10011,-0.75734,0.30779,0.70898,0.039921,-0.036982,0.70313
0.10007,-0.75748,0.3079,0.71039,-0.00035936,0.0041231,0.7038
0.10002,-0.75761,0.308,0.70944,-0.040639,0.045214,0.70214
0.099965,-0.75774,0.30809,0.70614,-0.080783,0.086155,0.69815
0.099895,-0.75787,0.30818,0.70051,-0.12066,0.12681,0.69185
0.099817,-0.758,0.30825,0.69255,-0.16014,0.16705,0.68325
0.09973,-0.75814,0.30832,0.68229,-0.19908,0.20673,0.67239
0.099636,-0.75827,0.30838,0.66978,-0.23737,0.24572,0.6593
0.099536,-0.7584,0.30842,0.65504,-0.27487,0.28391,0.64402
0.099432,-0.75854,0.30845,0.63813,-0.31146,0.32115,0.62661
0.099326,-0.75867,0.30847,0.61911,-0.34701,0.35732,0.60713
0.099217,-0.7588,0.30848,0.59804,-0.38142,0.39231,0.58563
0.099108,-0.75894,0.30848,0.57498,-0.41456,0.42601,0.56219
0.099001,-0.75907,0.30846,0.55002,-0.44633,0.45829,0.53689
0.098897,-0.7592,0.30843,0.52323,-0.47662,0.48905,0.5098
0.098796,-0.75934,0.30839,0.49471,-0.50533,0.51819,0.48103
0.098702,-0.75947,0.30834,0.46455,-0.53236,0.54561,0.45066
0.098614,-0.7596,0.30827,0.43285,-0.55763,0.57122,0.4188
0.098534,-0.75974,0.3082,0.39972,-0.58105,0.59494,0.38555
0.098463,-0.75987,0.30812,0.36526,-0.60254,0.61669,0.35103
0.098402,-0.76,0.30802,0.32959,-0.62204,0.63639,0.31534
0.098352,-0.76014,0.30793,0.29283,-0.63948,0.65399,0.2786
0.098314,-0.76027,0.30783,0.2551,-0.65479,0.66942,0.24094
0.098288,-0.7604,0.30772,0.21652,-0.66794,0.68263,0.20248
0.098274,-0.76053,0.30761,0.17722,-0.67887,0.69357,0.16335
0.098273,-0.76067,0.3075,0.13734,-0.68755,0.70222,0.12368
0.098284,-0.7608,0.30739,0.097002,-0.69396,0.70854,0.083604
0.098308,-0.76093,0.30729,0.056342,-0.69806,0.71251,0.043246
0.098345,-0.76106,0.30718,0.015495,-0.69985,0.71412,0.0027456
0.098393,-0.7612,0.30708,0.025403,0.69932,-0.71336,0.037764
0.098452,-0.76133,0.30699,0.066217,0.69647,-0.71024,0.078149
0.098522,-0.76146,0.3069,0.10681,0.69131,-0.70476,0.11827
0.098601,-0.76159,0.30683,0.14705,0.68386,-0.69695,0.15801
0.098688,-0.76172,0.30676,0.1868,0.67415,-0.68683,0.19722
0.098783,-0.76185,0.3067,0.22594,0.6622,-0.67443,0.23577
0.098885,-0.76198,0.30665,0.26432,0.64805,-0.6598,0.27355
0.09899,-0.76211,0.30662,0.30183,0.63176,-0.64297,0.31042
0.0991,-0.76225,0.3066,0.33834,0.61338,-0.62402,0.34626
0.099211,-0.76238,0.30659,0.37373,0.59296,-0.603,0.38095
0.099323,-0.76251,0.30659,0.40787,0.57057,-0.57998,0.41438
0.099434,-0.76264,0.3066,0.44067,0.5463,-0.55504,0.44643
0.099542,-0.76277,0.30663,0.47201,0.52021,-0.52826,0.47701
0.099647,-0.7629,0.30667,0.50178,0.4924,-0.49973,0.506
0.099647,-0.7629,0.30667,0.50178,0.4924,-0.49973,0.506
0.099647,-0.76292,0.30667,0.50177,0.4924,-0.49973,0.506
0.099647,-0.76295,0.30667,0.50177,0.49241,-0.49974,0.50599
0.099648,-0.76297,0.30667,0.50176,0.49241,-0.49974,0.50599
0.099648,-0.763,0.30667,0.50176,0.49242,-0.49975,0.50598
0.099648,-0.76302,0.30667,0.50175,0.49242,-0.49975,0.50598
0.099648,-0.76305,0.30667,0.50175,0.49243,-0.49976,0.50597
0.099649,-0.76307,0.30667,0.50174,0.49243,-0.49976,0.50597
0.099649,-0.7631,0.30667,0.50174,0.49244,-0.49977,0.50596
0.099649,-0.76312,0.30667,0.50173,0.49244,-0.49977,0.50596
0.099649,-0.76315,0.30667,0.50173,0.49245,-0.49978,0.50595
0.09965,-0.76317,0.30667,0.50172,0.49245,-0.49978,0.50595
0.09965,-0.7632,0.30667,0.50172,0.49246,-0.49979,0.50594
0.09965,-0.76322,0.30667,0.50171,0.49246,-0.49979,0.50594
0.099651,-0.76325,0.30667,0.50171,0.49247,-0.4998,0.50593
0.099651,-0.76327,0.30667,0.5017,0.49247,-0.4998,0.50593
0.099651,-0.76329,0.30667,0.5017,0.49248,-0.49981,0.50592
0.099651,-0.76332,0.30667,0.50169,0.49248,-0.49981,0.50592
0.099652,-0.76334,0.30667,0.50169,0.49249,-0.49982,0.50591
0.099652,-0.76337,0.30667,0.50168,0.49249,-0.49982,0.50591
0.099652,-0.76339,0.30667,0.50168,0.4925,-0.49983,0.5059
0.099652,-0.76342,0.30667,0.50167,0.4925,-0.49983,0.5059
0.099653,-0.76344,0.30667,0.50167,0.49251,-0.49984,0.50589
0.099653,-0.76347,0.30667,0.50166,0.49251,-0.49984,0.50589
0.099653,-0.76349,0.30667,0.50166,0.49252,-0.49985,0.50588
0.099654,-0.76352,0.30667,0.50165,0.49252,-0.49985,0.50588
0.099654,-0.76354,0.30667,0.50165,0.49253,-0.49986,0.50587
0.099654,-0.76357,0.30667,0.50164,0.49253,-0.49986,0.50587
0.099654,-0.76359,0.30667,0.50164,0.49254,-0.49987,0.50586
0.099655,-0.76362,0.30667,0.50163,0.49254,-0.49987,0.50586
0.099655,-0.76364,0.30667,0.50163,0.49255,-0.49988,0.50585
0.099655,-0.76367,0.30667,0.50162,0.49255,-0.49989,0.50585
0.099655,-0.76369,0.30667,0.50162,0.49256,-0.49989,0.50584
0.099656,-0.76372,0.30667,0.50161,0.49256,-0.4999,0.50584
0.099656,-0.76374,0.30668,0.50161,0.49257,-0.4999,0.50583
0.099656,-0.76376,0.30668,0.5016,0.49257,-0.49991,0.50583
0.099656,-0.76379,0.30668,0.5016,0.49258,-0.49991,0.50582
0.099657,-0.76381,0.30668,0.50159,0.49258,-0.49992,0.50582
0.099657,-0.76384,0.30668,0.50159,0.49259,-0.49992,0.50581
0.099657,-0.76386,0.30668,0.50158,0.49259,-0.49993,0.50581
0.099658,-0.76389,0.30668,0.50158,0.4926,-0.49993,0.5058
0.099658,-0.76391,0.30668,0.50157,0.4926,-0.49994,0.5058
0.099658,-0.76394,0.30668,0.50157,0.49261,-0.49994,0.5058
0.099658,-0.76396,0.30668,0.50156,0.49261,-0.49995,0.50579
0.099659,-0.76399,0.30668,0.50156,0.49262,-0.49995,0.50579
0.099659,-0.76401,0.30668,0.50155,0.49262,-0.49996,0.50578
0.099659,-0.76404,0.30668,0.50155,0.49263,-0.49996,0.50578
0.099659,-0.76406,0.30668,0.50154,0.49263,-0.49997,0.50577
0.09966,-0.76409,0.30668,0.50154,0.49264,-0.49997,0.50577
0.09966,-0.76411,0.30668,0.50153,0.49264,-0.49998,0.50576
0.09966,-0.76414,0.30668,0.50153,0.49265,-0.49998,0.50576
0.09966,-0.76414,0.30668,0.50153,0.49265,-0.49998,0.50576
0.099556,-0.76401,0.30664,0.47175,0.52044,-0.52849,0.47675
0.099447,-0.76387,0.30661,0.4404,0.54651,-0.55526,0.44617
0.099336,-0.76374,0.30659,0.4076,0.57076,-0.58018,0.41411
0.099225,-0.76361,0.30659,0.37345,0.59313,-0.60318,0.38067
0.099113,-0.76348,0.3066,0.33806,0.61353,-0.62418,0.34598
0.099004,-0.76335,0.30663,0.30155,0.63189,-0.64311,0.31014
0.098898,-0.76322,0.30666,0.26404,0.64817,-0.65991,0.27327
0.098797,-0.76309,0.30671,0.22566,0.66229,-0.67453,0.2355
0.098702,-0.76296,0.30676,0.18652,0.67423,-0.68691,0.19694
0.098615,-0.76283,0.30683,0.14677,0.68392,-0.69701,0.15773
0.098535,-0.7627,0.30691,0.10654,0.69135,-0.70481,0.118
0.098466,-0.76256,0.307,0.065948,0.6965,-0.71027,0.077883
0.098407,-0.76243,0.30709,0.02514,0.69933,-0.71337,0.037504
0.098359,-0.7623,0.30719,0.015751,-0.69984,0.71412,0.002999
0.098322,-0.76217,0.30729,0.05659,-0.69804,0.71249,0.043492
0.098298,-0.76204,0.3074,0.097241,-0.69392,0.70851,0.083841
0.098287,-0.7619,0.30751,0.13757,-0.68751,0.70218,0.12391
0.098288,-0.76177,0.30762,0.17744,-0.67882,0.69352,0.16357
0.098302,-0.76164,0.30773,0.21673,-0.66787,0.68256,0.20269
0.098329,-0.76151,0.30783,0.2553,-0.65472,0.66934,0.24114
0.098367,-0.76137,0.30794,0.29302,-0.63939,0.65391,0.27879
0.098417,-0.76124,0.30803,0.32977,-0.62195,0.6363,0.31551
0.098478,-0.76111,0.30812,0.36543,-0.60245,0.61659,0.35119
0.098549,-0.76097,0.3082,0.39987,-0.58095,0.59484,0.38571
0.098629,-0.76084,0.30828,0.43299,-0.55752,0.57111,0.41894
0.098716,-0.76071,0.30834,0.46468,-0.53225,0.5455,0.45079
0.098811,-0.76057,0.3084,0.49483,-0.50521,0.51807,0.48115
0.098911,-0.76044,0.30844,0.52334,-0.4765,0.48893,0.50991
0.099016,-0.76031,0.30847,0.55011,-0.44622,0.45817,0.53698
0.099123,-0.76017,0.30848,0.57506,-0.41445,0.42589,0.56227
