0.099433,-0.72355,0.30031,0.56199,0.42471,-0.43034,0.56444
0.099198,-0.72355,0.30017,0.49443,0.49956,-0.50707,0.49885
0.098934,-0.72355,0.30011,0.4168,0.56425,-0.57348,0.42311
0.098662,-0.72356,0.30012,0.33069,0.61744,-0.62821,0.33875
0.098403,-0.72356,0.3002,0.23785,0.65807,-0.67016,0.2475
0.098179,-0.72356,0.30036,0.14016,0.68531,-0.69846,0.15121
0.098009,-0.72356,0.30057,0.039622,0.69859,-0.71254,0.051838
0.097905,-0.72356,0.30082,0.061725,-0.69765,0.71212,0.048587
0.097876,-0.72356,0.3011,0.16181,-0.68251,0.6972,0.14802
0.097925,-0.72356,0.30136,0.25861,-0.65347,0.66809,0.24444
0.098047,-0.72355,0.30161,0.35014,-0.61113,0.62538,0.33589
0.0981,-0.7281,0.30163,0.35014,-0.61113,0.62538,0.33589
0.097978,-0.7281,0.30139,0.25861,-0.65347,0.66809,0.24444
0.097929,-0.7281,0.30112,0.16181,-0.68251,0.6972,0.14802
0.097957,-0.72811,0.30085,0.061725,-0.69765,0.71212,0.048587
0.098061,-0.72811,0.3006,0.039622,0.69859,-0.71254,0.051838
0.098232,-0.7281,0.30038,0.14016,0.68531,-0.69846,0.15121
0.098456,-0.7281,0.30023,0.23785,0.65807,-0.67016,0.2475
0.098714,-0.7281,0.30014,0.33069,0.61744,-0.62821,0.33875
0.098987,-0.7281,0.30013,0.4168,0.56425,-0.57348,0.42311
0.099251,-0.72809,0.3002,0.49443,0.49956,-0.50707,0.49885
0.099486,-0.72809,0.30034,0.56199,0.42471,-0.43034,0.56444
0.099538,-0.73264,0.30036,0.56199,0.42471,-0.43034,0.56444
0.099304,-0.73264,0.30022,0.49443,0.49956,-0.50707,0.49885
0.099039,-0.73264,0.30016,0.4168,0.56425,-0.57348,0.42311
0.098767,-0.73265,0.30017,0.33069,0.61744,-0.62821,0.33875
0.098508,-0.73265,0.30025,0.23785,0.65807,-0.67016,0.2475
0.098285,-0.73265,0.30041,0.14016,0.68531,-0.69846,0.15121
0.098114,-0.73265,0.30062,0.039622,0.69859,-0.71254,0.051838
0.09801,-0.73265,0.30087,0.061725,-0.69765,0.71212,0.048587
0.097981,-0.73265,0.30114,0.16181,-0.68251,0.6972,0.14802
0.09803,-0.73265,0.30141,0.25861,-0.65347,0.66809,0.24444
0.098153,-0.73264,0.30166,0.35014,-0.61113,0.62538,0.33589
0.098205,-0.73719,0.30168,0.35014,-0.61113,0.62538,0.33589
0.098083,-0.73719,0.30144,0.25861,-0.65347,0.66809,0.24444
0.098034,-0.73719,0.30117,0.16181,-0.68251,0.6972,0.14802
0.098063,-0.7372,0.3009,0.061725,-0.69765,0.71212,0.048587
0.098166,-0.7372,0.30065,0.039622,0.69859,-0.71254,0.051838
0.098337,-0.7372,0.30043,0.14016,0.68531,-0.69846,0.15121
0.098561,-0.73719,0.30028,0.23785,0.65807,-0.67016,0.2475
0.098819,-0.73719,0.30019,0.33069,0.61744,-0.62821,0.33875
0.099092,-0.73719,0.30018,0.4168,0.56425,-0.57348,0.42311
0.099356,-0.73718,0.30025,0.49443,0.49956,-0.50707,0.49885
0.099591,-0.73718,0.30039,0.56199,0.42471,-0.43034,0.56444
0.099644,-0.74173,0.30041,0.56199,0.42471,-0.43034,0.56444
0.099409,-0.74173,0.30027,0.49443,0.49956,-0.50707,0.49885
0.099145,-0.74173,0.30021,0.4168,0.56425,-0.57348,0.42311
0.098872,-0.74174,0.30022,0.33069,0.61744,-0.62821,0.33875
0.098614,-0.74174,0.3003,0.23785,0.65807,-0.67016,0.2475
0.09839,-0.74174,0.30046,0.14016,0.68531,-0.69846,0.15121
0.098219,-0.74174,0.30067,0.039622,0.69859,-0.71254,0.051838
0.098115,-0.74174,0.30092,0.061725,-0.69765,0.71212,0.048587
0.098087,-0.74174,0.30119,0.16181,-0.68251,0.6972,0.14802
0.098136,-0.74174,0.30146,0.25861,-0.65347,0.66809,0.24444
0.098258,-0.74173,0.30171,0.35014,-0.61113,0.62538,0.33589
0.098311,-0.74628,0.30173,0.35014,-0.61113,0.62538,0.33589
0.098188,-0.74628,0.30149,0.25861,-0.65347,0.66809,0.24444
0.098139,-0.74628,0.30122,0.16181,-0.68251,0.6972,0.14802
0.098168,-0.74629,0.30095,0.061725,-0.69765,0.71212,0.048587
0.098272,-0.74629,0.3007,0.039622,0.69859,-0.71254,0.051838
0.098443,-0.74629,0.30048,0.14016,0.68531,-0.69846,0.15121
0.098666,-0.74628,0.30033,0.23785,0.65807,-0.67016,0.2475
0.098925,-0.74628,0.30024,0.33069,0.61744,-0.62821,0.33875
0.099197,-0.74628,0.30023,0.4168,0.56425,-0.57348,0.42311
0.099462,-0.74627,0.3003,0.49443,0.49956,-0.50707,0.49885
0.099696,-0.74627,0.30044,0.56199,0.42471,-0.43034,0.56444
0.099749,-0.75082,0.30046,0.56199,0.42471,-0.43034,0.56444
0.099514,-0.75082,0.30032,0.49443,0.49956,-0.50707,0.49885
0.09925,-0.75082,0.30025,0.4168,0.56425,-0.57348,0.42311
0.098977,-0.75083,0.30026,0.33069,0.61744,-0.62821,0.33875
0.098719,-0.75083,0.30035,0.23785,0.65807,-0.67016,0.2475
0.098495,-0.75083,0.30051,0.14016,0.68531,-0.69846,0.15121
0.098324,-0.75083,0.30072,0.039622,0.69859,-0.71254,0.051838
0.098221,-0.75083,0.30097,0.061725,-0.69765,0.71212,0.048587
0.098192,-0.75083,0.30124,0.16181,-0.68251,0.6972,0.14802
0.098241,-0.75083,0.30151,0.25861,-0.65347,0.66809,0.24444
0.098363,-0.75083,0.30176,0.35014,-0.61113,0.62538,0.33589
0.098416,-0.75537,0.30178,0.35014,-0.61113,0.62538,0.33589
0.098294,-0.75537,0.30154,0.25861,-0.65347,0.66809,0.24444
0.098245,-0.75537,0.30127,0.16181,-0.68251,0.6972,0.14802
0.098273,-0.75538,0.301,0.061725,-0.69765,0.71212,0.048587
0.098377,-0.75538,0.30074,0.039622,0.69859,-0.71254,0.051838
0.098548,-0.75538,0.30053,0.14016,0.68531,-0.69846,0.15121
0.098772,-0.75537,0.30038,0.23785,0.65807,-0.67016,0.2475
0.09903,-0.75537,0.30029,0.33069,0.61744,-0.62821,0.33875
0.099303,-0.75537,0.30028,0.4168,0.56425,-0.57348,0.42311
0.099567,-0.75536,0.30035,0.49443,0.49956,-0.50707,0.49885
0.099802,-0.75536,0.30048,0.56199,0.42471,-0.43034,0.56444
0.099854,-0.75991,0.30051,0.56199,0.42471,-0.43034,0.56444
0.09962,-0.75991,0.30037,0.49443,0.49956,-0.50707,0.49885
0.099355,-0.75991,0.3003,0.4168,0.56425,-0.57348,0.42311
0.099083,-0.75992,0.30031,0.33069,0.61744,-0.62821,0.33875
0.098824,-0.75992,0.3004,0.23785,0.65807,-0.67016,0.2475
0.098601,-0.75992,0.30056,0.14016,0.68531,-0.69846,0.15121
0.09843,-0.75992,0.30077,0.039622,0.69859,-0.71254,0.051838
0.098326,-0.75992,0.30102,0.061725,-0.69765,0.71212,0.048587
0.098297,-0.75992,0.30129,0.16181,-0.68251,0.6972,0.14802
0.098346,-0.75992,0.30156,0.25861,-0.65347,0.66809,0.24444
0.098469,-0.75992,0.3018,0.35014,-0.61113,0.62538,0.33589
0.098521,-0.76446,0.30183,0.35014,-0.61113,0.62538,0.33589
0.098399,-0.76446,0.30159,0.25861,-0.65347,0.66809,0.24444
0.09835,-0.76447,0.30132,0.16181,-0.68251,0.6972,0.14802
0.098379,-0.76447,0.30105,0.061725,-0.69765,0.71212,0.048587
0.098482,-0.76447,0.30079,0.039622,0.69859,-0.71254,0.051838
0.098653,-0.76447,0.30058,0.14016,0.68531,-0.69846,0.15121
0.098877,-0.76446,0.30043,0.23785,0.65807,-0.67016,0.2475
0.099135,-0.76446,0.30034,0.33069,0.61744,-0.62821,0.33875
0.099408,-0.76446,0.30033,0.4168,0.56425,-0.57348,0.42311
0.099672,-0.76445,0.3004,0.49443,0.49956,-0.50707,0.49885
0.099907,-0.76445,0.30053,0.56199,0.42471,-0.43034,0.56444
0.09996,-0.769,0.30056,0.56199,0.42471,-0.43034,0.56444
0.099725,-0.769,0.30042,0.49443,0.49956,-0.50707,0.49885
0.099461,-0.769,0.30035,0.4168,0.56425,-0.57348,0.42311
0.099188,-0.76901,0.30036,0.33069,0.61744,-0.62821,0.33875
0.09893,-0.76901,0.30045,0.23785,0.65807,-0.67016,0.2475
0.098706,-0.76901,0.30061,0.14016,0.68531,-0.69846,0.15121
0.098535,-0.76901,0.30082,0.039622,0.69859,-0.71254,0.051838
0.098431,-0.76901,0.30107,0.061725,-0.69765,0.71212,0.048587
0.098403,-0.76901,0.30134,0.16181,-0.68251,0.6972,0.14802
0.098452,-0.76901,0.30161,0.25861,-0.65347,0.66809,0.24444
0.098574,-0.76901,0.30185,0.35014,-0.61113,0.62538,0.33589
0.099441,-0.72355,0.2989,0.56199,0.42471,-0.43034,0.56444
0.099206,-0.72356,0.29876,0.49443,0.49956,-0.50707,0.49885
0.098942,-0.72356,0.29869,0.4168,0.56425,-0.57348,0.42311
0.098669,-0.72356,0.2987,0.33069,0.61744,-0.62821,0.33875
0.09841,-0.72357,0.29879,0.23785,0.65807,-0.67016,0.2475
0.098187,-0.72357,0.29895,0.14016,0.68531,-0.69846,0.15121
0.098016,-0.72357,0.29916,0.039622,0.69859,-0.71254,0.051838
0.097912,-0.72357,0.29941,0.061725,-0.69765,0.71212,0.048587
0.097884,-0.72357,0.29968,0.16181,-0.68251,0.6972,0.14802
0.097932,-0.72356,0.29995,0.25861,-0.65347,0.66809,0.24444
0.098055,-0.72356,0.30019,0.35014,-0.61113,0.62538,0.33589
0.098108,-0.72811,0.30022,0.35014,-0.61113,0.62538,0.33589
0.097985,-0.72811,0.29997,0.25861,-0.65347,0.66809,0.24444
0.097936,-0.72811,0.29971,0.16181,-0.68251,0.6972,0.14802
0.097965,-0.72811,0.29943,0.061725,-0.69765,0.71212,0.048587
0.098069,-0.72811,0.29918,0.039622,0.69859,-0.71254,0.051838
0.098239,-0.72811,0.29897,0.14016,0.68531,-0.69846,0.15121
0.098463,-0.72811,0.29881,0.23785,0.65807,-0.67016,0.2475
0.098722,-0.72811,0.29873,0.33069,0.61744,-0.62821,0.33875
0.098994,-0.72811,0.29872,0.4168,0.56425,-0.57348,0.42311
0.099259,-0.7281,0.29878,0.49443,0.49956,-0.50707,0.49885
0.099493,-0.7281,0.29892,0.56199,0.42471,-0.43034,0.56444
0.099546,-0.73264,0.29895,0.56199,0.42471,-0.43034,0.56444
0.099311,-0.73265,0.29881,0.49443,0.49956,-0.50707,0.49885
0.099047,-0.73265,0.29874,0.4168,0.56425,-0.57348,0.42311
0.098774,-0.73265,0.29875,0.33069,0.61744,-0.62821,0.33875
0.098516,-0.73266,0.29884,0.23785,0.65807,-0.67016,0.2475
0.098292,-0.73266,0.29899,0.14016,0.68531,-0.69846,0.15121
0.098121,-0.73266,0.29921,0.039622,0.69859,-0.71254,0.051838
0.098017,-0.73266,0.29946,0.061725,-0.69765,0.71212,0.048587
0.097989,-0.73266,0.29973,0.16181,-0.68251,0.6972,0.14802
0.098038,-0.73266,0.3,0.25861,-0.65347,0.66809,0.24444
0.09816,-0.73265,0.30024,0.35014,-0.61113,0.62538,0.33589
0.098213,-0.7372,0.30027,0.35014,-0.61113,0.62538,0.33589
0.09809,-0.7372,0.30002,0.25861,-0.65347,0.66809,0.24444
0.098042,-0.7372,0.29976,0.16181,-0.68251,0.6972,0.14802
0.09807,-0.7372,0.29948,0.061725,-0.69765,0.71212,0.048587
0.098174,-0.7372,0.29923,0.039622,0.69859,-0.71254,0.051838
0.098345,-0.7372,0.29902,0.14016,0.68531,-0.69846,0.15121
0.098568,-0.7372,0.29886,0.23785,0.65807,-0.67016,0.2475
0.098827,-0.7372,0.29878,0.33069,0.61744,-0.62821,0.33875
0.0991,-0.7372,0.29877,0.4168,0.56425,-0.57348,0.42311
0.099364,-0.73719,0.29883,0.49443,0.49956,-0.50707,0.49885
0.099599,-0.73719,0.29897,0.56199,0.42471,-0.43034,0.56444
0.099651,-0.74173,0.299,0.56199,0.42471,-0.43034,0.56444
0.099417,-0.74174,0.29886,0.49443,0.49956,-0.50707,0.49885
0.099152,-0.74174,0.29879,0.4168,0.56425,-0.57348,0.42311
0.09888,-0.74174,0.2988,0.33069,0.61744,-0.62821,0.33875
0.098621,-0.74175,0.29889,0.23785,0.65807,-0.67016,0.2475
0.098397,-0.74175,0.29904,0.14016,0.68531,-0.69846,0.15121
0.098227,-0.74175,0.29926,0.039622,0.69859,-0.71254,0.051838
0.098123,-0.74175,0.29951,0.061725,-0.69765,0.71212,0.048587
0.098094,-0.74175,0.29978,0.16181,-0.68251,0.6972,0.14802
0.098143,-0.74175,0.30005,0.25861,-0.65347,0.66809,0.24444
0.098266,-0.74174,0.30029,0.35014,-0.61113,0.62538,0.33589
0.098318,-0.74629,0.30032,0.35014,-0.61113,0.62538,0.33589
0.098196,-0.74629,0.30007,0.25861,-0.65347,0.66809,0.24444
0.098147,-0.74629,0.2998,0.16181,-0.68251,0.6972,0.14802
0.098175,-0.74629,0.29953,0.061725,-0.69765,0.71212,0.048587
0.098279,-0.74629,0.29928,0.039622,0.69859,-0.71254,0.051838
0.09845,-0.74629,0.29907,0.14016,0.68531,-0.69846,0.15121
0.098674,-0.74629,0.29891,0.23785,0.65807,-0.67016,0.2475
0.098932,-0.74629,0.29883,0.33069,0.61744,-0.62821,0.33875
0.099205,-0.74629,0.29882,0.4168,0.56425,-0.57348,0.42311
0.099469,-0.74628,0.29888,0.49443,0.49956,-0.50707,0.49885
0.099704,-0.74628,0.29902,0.56199,0.42471,-0.43034,0.56444
0.099757,-0.75082,0.29905,0.56199,0.42471,-0.43034,0.56444
0.099522,-0.75083,0.29891,0.49443,0.49956,-0.50707,0.49885
0.099258,-0.75083,0.29884,0.4168,0.56425,-0.57348,0.42311
0.098985,-0.75083,0.29885,0.33069,0.61744,-0.62821,0.33875
0.098726,-0.75084,0.29894,0.23785,0.65807,-0.67016,0.2475
0.098503,-0.75084,0.29909,0.14016,0.68531,-0.69846,0.15121
0.098332,-0.75084,0.29931,0.039622,0.69859,-0.71254,0.051838
0.098228,-0.75084,0.29956,0.061725,-0.69765,0.71212,0.048587
0.098199,-0.75084,0.29983,0.16181,-0.68251,0.6972,0.14802
0.098248,-0.75084,0.3001,0.25861,-0.65347,0.66809,0.24444
0.098371,-0.75083,0.30034,0.35014,-0.61113,0.62538,0.33589
0.098424,-0.75538,0.30037,0.35014,-0.61113,0.62538,0.33589
0.098301,-0.75538,0.30012,0.25861,-0.65347,0.66809,0.24444
0.098252,-0.75538,0.29985,0.16181,-0.68251,0.6972,0.14802
0.098281,-0.75538,0.29958,0.061725,-0.69765,0.71212,0.048587
0.098385,-0.75538,0.29933,0.039622,0.69859,-0.71254,0.051838
0.098555,-0.75538,0.29912,0.14016,0.68531,-0.69846,0.15121
0.098779,-0.75538,0.29896,0.23785,0.65807,-0.67016,0.2475
0.099038,-0.75538,0.29888,0.33069,0.61744,-0.62821,0.33875
0.09931,-0.75538,0.29886,0.4168,0.56425,-0.57348,0.42311
0.099575,-0.75537,0.29893,0.49443,0.49956,-0.50707,0.49885
0.099809,-0.75537,0.29907,0.56199,0.42471,-0.43034,0.56444
0.099862,-0.75991,0.2991,0.56199,0.42471,-0.43034,0.56444
0.099627,-0.75992,0.29896,0.49443,0.49956,-0.50707,0.49885
0.099363,-0.75992,0.29889,0.4168,0.56425,-0.57348,0.42311
0.09909,-0.75992,0.2989,0.33069,0.61744,-0.62821,0.33875
0.098832,-0.75993,0.29899,0.23785,0.65807,-0.67016,0.2475
0.098608,-0.75993,0.29914,0.14016,0.68531,-0.69846,0.15121
0.098437,-0.75993,0.29936,0.039622,0.69859,-0.71254,0.051838
0.098333,-0.75993,0.29961,0.061725,-0.69765,0.71212,0.048587
0.098305,-0.75993,0.29988,0.16181,-0.68251,0.6972,0.14802
0.098354,-0.75993,0.30015,0.25861,-0.65347,0.66809,0.24444
0.098476,-0.75992,0.30039,0.35014,-0.61113,0.62538,0.33589
0.098529,-0.76447,0.30042,0.35014,-0.61113,0.62538,0.33589
0.098406,-0.76447,0.30017,0.25861,-0.65347,0.66809,0.24444
0.098357,-0.76447,0.2999,0.16181,-0.68251,0.6972,0.14802
0.098386,-0.76447,0.29963,0.061725,-0.69765,0.71212,0.048587
0.09849,-0.76447,0.29938,0.039622,0.69859,-0.71254,0.051838
0.098661,-0.76447,0.29917,0.14016,0.68531,-0.69846,0.15121
0.098884,-0.76447,0.29901,0.23785,0.65807,-0.67016,0.2475
0.099143,-0.76447,0.29892,0.33069,0.61744,-0.62821,0.33875
0.099416,-0.76447,0.29891,0.4168,0.56425,-0.57348,0.42311
0.09968,-0.76446,0.29898,0.49443,0.49956,-0.50707,0.49885
0.099915,-0.76446,0.29912,0.56199,0.42471,-0.43034,0.56444
0.099967,-0.769,0.29914,0.56199,0.42471,-0.43034,0.56444
0.099733,-0.76901,0.29901,0.49443,0.49956,-0.50707,0.49885
0.099468,-0.76901,0.29894,0.4168,0.56425,-0.57348,0.42311
0.099196,-0.76901,0.29895,0.33069,0.61744,-0.62821,0.33875
0.098937,-0.76902,0.29904,0.23785,0.65807,-0.67016,0.2475
0.098713,-0.76902,0.29919,0.14016,0.68531,-0.69846,0.15121
0.098543,-0.76902,0.2994,0.039622,0.69859,-0.71254,0.051838
0.098439,-0.76902,0.29966,0.061725,-0.69765,0.71212,0.048587
0.09841,-0.76902,0.29993,0.16181,-0.68251,0.6972,0.14802
0.098459,-0.76902,0.3002,0.25861,-0.65347,0.66809,0.24444
0.098582,-0.76901,0.30044,0.35014,-0.61113,0.62538,0.33589
0.099448,-0.72356,0.29748,0.56199,0.42471,-0.43034,0.56444
0.099213,-0.72356,0.29734,0.49443,0.49956,-0.50707,0.49885
0.098949,-0.72357,0.29728,0.4168,0.56425,-0.57348,0.42311
0.098677,-0.72357,0.29729,0.33069,0.61744,-0.62821,0.33875
0.098418,-0.72357,0.29737,0.23785,0.65807,-0.67016,0.2475
0.098194,-0.72358,0.29753,0.14016,0.68531,-0.69846,0.15121
0.098024,-0.72358,0.29774,0.039622,0.69859,-0.71254,0.051838
0.09792,-0.72358,0.298,0.061725,-0.69765,0.71212,0.048587
0.097891,-0.72357,0.29827,0.16181,-0.68251,0.6972,0.14802
0.09794,-0.72357,0.29854,0.25861,-0.65347,0.66809,0.24444
0.098063,-0.72357,0.29878,0.35014,-0.61113,0.62538,0.33589
0.098115,-0.72811,0.2988,0.35014,-0.61113,0.62538,0.33589
0.097993,-0.72812,0.29856,0.25861,-0.65347,0.66809,0.24444
0.097944,-0.72812,0.29829,0.16181,-0.68251,0.6972,0.14802
0.097972,-0.72812,0.29802,0.061725,-0.69765,0.71212,0.048587
0.098076,-0.72812,0.29777,0.039622,0.69859,-0.71254,0.051838
0.098247,-0.72812,0.29756,0.14016,0.68531,-0.69846,0.15121
0.098471,-0.72812,0.2974,0.23785,0.65807,-0.67016,0.2475
0.098729,-0.72812,0.29731,0.33069,0.61744,-0.62821,0.33875
0.099002,-0.72811,0.2973,0.4168,0.56425,-0.57348,0.42311
0.099266,-0.72811,0.29737,0.49443,0.49956,-0.50707,0.49885
0.099501,-0.72811,0.29751,0.56199,0.42471,-0.43034,0.56444
0.099554,-0.73265,0.29753,0.56199,0.42471,-0.43034,0.56444
0.099319,-0.73265,0.29739,0.49443,0.49956,-0.50707,0.49885
0.099054,-0.73266,0.29733,0.4168,0.56425,-0.57348,0.42311
0.098782,-0.73266,0.29734,0.33069,0.61744,-0.62821,0.33875
0.098523,-0.73266,0.29742,0.23785,0.65807,-0.67016,0.2475
0.0983,-0.73267,0.29758,0.14016,0.68531,-0.69846,0.15121
0.098129,-0.73267,0.29779,0.039622,0.69859,-0.71254,0.051838
0.098025,-0.73267,0.29805,0.061725,-0.69765,0.71212,0.048587
0.097996,-0.73266,0.29832,0.16181,-0.68251,0.6972,0.14802
0.098045,-0.73266,0.29858,0.25861,-0.65347,0.66809,0.24444
0.098168,-0.73266,0.29883,0.35014,-0.61113,0.62538,0.33589
0.09822,-0.73721,0.29885,0.35014,-0.61113,0.62538,0.33589
0.098098,-0.73721,0.29861,0.25861,-0.65347,0.66809,0.24444
0.098049,-0.73721,0.29834,0.16181,-0.68251,0.6972,0.14802
0.098078,-0.73721,0.29807,0.061725,-0.69765,0.71212,0.048587
0.098182,-0.73721,0.29782,0.039622,0.69859,-0.71254,0.051838
0.098352,-0.73721,0.2976,0.14016,0.68531,-0.69846,0.15121
0.098576,-0.73721,0.29745,0.23785,0.65807,-0.67016,0.2475
0.098835,-0.73721,0.29736,0.33069,0.61744,-0.62821,0.33875
0.099107,-0.7372,0.29735,0.4168,0.56425,-0.57348,0.42311
0.099371,-0.7372,0.29742,0.49443,0.49956,-0.50707,0.49885
0.099606,-0.7372,0.29756,0.56199,0.42471,-0.43034,0.56444
0.099659,-0.74174,0.29758,0.56199,0.42471,-0.43034,0.56444
0.099424,-0.74174,0.29744,0.49443,0.49956,-0.50707,0.49885
0.09916,-0.74175,0.29738,0.4168,0.56425,-0.57348,0.42311
0.098887,-0.74175,0.29739,0.33069,0.61744,-0.62821,0.33875
0.098629,-0.74175,0.29747,0.23785,0.65807,-0.67016,0.2475
0.098405,-0.74176,0.29763,0.14016,0.68531,-0.69846,0.15121
0.098234,-0.74176,0.29784,0.039622,0.69859,-0.71254,0.051838
0.09813,-0.74176,0.29809,0.061725,-0.69765,0.71212,0.048587
0.098102,-0.74175,0.29837,0.16181,-0.68251,0.6972,0.14802
0.098151,-0.74175,0.29863,0.25861,-0.65347,0.66809,0.24444
0.098273,-0.74175,0.29888,0.35014,-0.61113,0.62538,0.33589
0.098326,-0.7463,0.2989,0.35014,-0.61113,0.62538,0.33589
0.098203,-0.7463,0.29866,0.25861,-0.65347,0.66809,0.24444
0.098154,-0.7463,0.29839,0.16181,-0.68251,0.6972,0.14802
0.098183,-0.7463,0.29812,0.061725,-0.69765,0.71212,0.048587
0.098287,-0.7463,0.29787,0.039622,0.69859,-0.71254,0.051838
0.098458,-0.7463,0.29765,0.14016,0.68531,-0.69846,0.15121
0.098681,-0.7463,0.2975,0.23785,0.65807,-0.67016,0.2475
0.09894,-0.7463,0.29741,0.33069,0.61744,-0.62821,0.33875
0.099212,-0.74629,0.2974,0.4168,0.56425,-0.57348,0.42311
0.099477,-0.74629,0.29747,0.49443,0.49956,-0.50707,0.49885
0.099712,-0.74629,0.29761,0.56199,0.42471,-0.43034,0.56444
0.099764,-0.75083,0.29763,0.56199,0.42471,-0.43034,0.56444
0.099529,-0.75083,0.29749,0.49443,0.49956,-0.50707,0.49885
0.099265,-0.75084,0.29743,0.4168,0.56425,-0.57348,0.42311
0.098993,-0.75084,0.29744,0.33069,0.61744,-0.62821,0.33875
0.098734,-0.75084,0.29752,0.23785,0.65807,-0.67016,0.2475
0.09851,-0.75085,0.29768,0.14016,0.68531,-0.69846,0.15121
0.09834,-0.75085,0.29789,0.039622,0.69859,-0.71254,0.051838
0.098236,-0.75085,0.29814,0.061725,-0.69765,0.71212,0.048587
0.098207,-0.75084,0.29841,0.16181,-0.68251,0.6972,0.14802
0.098256,-0.75084,0.29868,0.25861,-0.65347,0.66809,0.24444
0.098378,-0.75084,0.29893,0.35014,-0.61113,0.62538,0.33589
0.098431,-0.75539,0.29895,0.35014,-0.61113,0.62538,0.33589
0.098309,-0.75539,0.29871,0.25861,-0.65347,0.66809,0.24444
0.09826,-0.75539,0.29844,0.16181,-0.68251,0.6972,0.14802
0.098288,-0.75539,0.29817,0.061725,-0.69765,0.71212,0.048587
0.098392,-0.75539,0.29792,0.039622,0.69859,-0.71254,0.051838
0.098563,-0.75539,0.2977,0.14016,0.68531,-0.69846,0.15121
0.098787,-0.75539,0.29755,0.23785,0.65807,-0.67016,0.2475
0.099045,-0.75539,0.29746,0.33069,0.61744,-0.62821,0.33875
0.099318,-0.75538,0.29745,0.4168,0.56425,-0.57348,0.42311
0.099582,-0.75538,0.29752,0.49443,0.49956,-0.50707,0.49885
0.099817,-0.75538,0.29766,0.56199,0.42471,-0.43034,0.56444
0.09987,-0.75992,0.29768,0.56199,0.42471,-0.43034,0.56444
0.099635,-0.75992,0.29754,0.49443,0.49956,-0.50707,0.49885
0.09937,-0.75993,0.29748,0.4168,0.56425,-0.57348,0.42311
0.099098,-0.75993,0.29749,0.33069,0.61744,-0.62821,0.33875
0.098839,-0.75993,0.29757,0.23785,0.65807,-0.67016,0.2475
0.098616,-0.75994,0.29773,0.14016,0.68531,-0.69846,0.15121
0.098445,-0.75994,0.29794,0.039622,0.69859,-0.71254,0.051838
0.098341,-0.75994,0.29819,0.061725,-0.69765,0.71212,0.048587
0.098312,-0.75994,0.29846,0.16181,-0.68251,0.6972,0.14802
0.098361,-0.75993,0.29873,0.25861,-0.65347,0.66809,0.24444
0.098484,-0.75993,0.29898,0.35014,-0.61113,0.62538,0.33589
0.098536,-0.76448,0.299,0.35014,-0.61113,0.62538,0.33589
0.098414,-0.76448,0.29876,0.25861,-0.65347,0.66809,0.24444
0.098365,-0.76448,0.29849,0.16181,-0.68251,0.6972,0.14802
0.098394,-0.76448,0.29822,0.061725,-0.69765,0.71212,0.048587
0.098498,-0.76448,0.29797,0.039622,0.69859,-0.71254,0.051838
0.098668,-0.76448,0.29775,0.14016,0.68531,-0.69846,0.15121
0.098892,-0.76448,0.2976,0.23785,0.65807,-0.67016,0.2475
0.099151,-0.76448,0.29751,0.33069,0.61744,-0.62821,0.33875
0.099423,-0.76447,0.2975,0.4168,0.56425,-0.57348,0.42311
0.099687,-0.76447,0.29757,0.49443,0.49956,-0.50707,0.49885
0.099922,-0.76447,0.29771,0.56199,0.42471,-0.43034,0.56444
0.099975,-0.76901,0.29773,0.56199,0.42471,-0.43034,0.56444
0.09974,-0.76901,0.29759,0.49443,0.49956,-0.50707,0.49885
0.099476,-0.76902,0.29752,0.4168,0.56425,-0.57348,0.42311
0.099203,-0.76902,0.29754,0.33069,0.61744,-0.62821,0.33875
0.098945,-0.76902,0.29762,0.23785,0.65807,-0.67016,0.2475
0.098721,-0.76903,0.29778,0.14016,0.68531,-0.69846,0.15121
0.09855,-0.76903,0.29799,0.039622,0.69859,-0.71254,0.051838
0.098446,-0.76903,0.29824,0.061725,-0.69765,0.71212,0.048587
0.098418,-0.76903,0.29851,0.16181,-0.68251,0.6972,0.14802
0.098467,-0.76902,0.29878,0.25861,-0.65347,0.66809,0.24444
0.098589,-0.76902,0.29903,0.35014,-0.61113,0.62538,0.33589
0.099456,-0.72357,0.29607,0.56199,0.42471,-0.43034,0.56444
0.099221,-0.72357,0.29593,0.49443,0.49956,-0.50707,0.49885
0.098957,-0.72358,0.29586,0.4168,0.56425,-0.57348,0.42311
0.098684,-0.72358,0.29587,0.33069,0.61744,-0.62821,0.33875
0.098426,-0.72358,0.29596,0.23785,0.65807,-0.67016,0.2475
0.098202,-0.72358,0.29612,0.14016,0.68531,-0.69846,0.15121
0.098031,-0.72358,0.29633,0.039622,0.69859,-0.71254,0.051838
0.097927,-0.72358,0.29658,0.061725,-0.69765,0.71212,0.048587
0.097899,-0.72358,0.29685,0.16181,-0.68251,0.6972,0.14802
0.097948,-0.72358,0.29712,0.25861,-0.65347,0.66809,0.24444
0.09807,-0.72358,0.29736,0.35014,-0.61113,0.62538,0.33589
0.098123,-0.72812,0.29739,0.35014,-0.61113,0.62538,0.33589
0.098,-0.72813,0.29715,0.25861,-0.65347,0.66809,0.24444
0.097951,-0.72813,0.29688,0.16181,-0.68251,0.6972,0.14802
0.09798,-0.72813,0.29661,0.061725,-0.69765,0.71212,0.048587
0.098084,-0.72813,0.29635,0.039622,0.69859,-0.71254,0.051838
0.098255,-0.72813,0.29614,0.14016,0.68531,-0.69846,0.15121
0.098478,-0.72813,0.29599,0.23785,0.65807,-0.67016,0.2475
0.098737,-0.72812,0.2959,0.33069,0.61744,-0.62821,0.33875
0.099009,-0.72812,0.29589,0.4168,0.56425,-0.57348,0.42311
0.099274,-0.72812,0.29596,0.49443,0.49956,-0.50707,0.49885
0.099508,-0.72811,0.29609,0.56199,0.42471,-0.43034,0.56444
0.099561,-0.73266,0.29612,0.56199,0.42471,-0.43034,0.56444
0.099326,-0.73266,0.29598,0.49443,0.49956,-0.50707,0.49885
0.099062,-0.73267,0.29591,0.4168,0.56425,-0.57348,0.42311
0.098789,-0.73267,0.29592,0.33069,0.61744,-0.62821,0.33875
0.098531,-0.73267,0.29601,0.23785,0.65807,-0.67016,0.2475
0.098307,-0.73267,0.29617,0.14016,0.68531,-0.69846,0.15121
0.098136,-0.73267,0.29638,0.039622,0.69859,-0.71254,0.051838
0.098033,-0.73267,0.29663,0.061725,-0.69765,0.71212,0.048587
0.098004,-0.73267,0.2969,0.16181,-0.68251,0.6972,0.14802
0.098053,-0.73267,0.29717,0.25861,-0.65347,0.66809,0.24444
0.098175,-0.73267,0.29741,0.35014,-0.61113,0.62538,0.33589
0.098228,-0.73721,0.29744,0.35014,-0.61113,0.62538,0.33589
0.098106,-0.73722,0.2972,0.25861,-0.65347,0.66809,0.24444
0.098057,-0.73722,0.29693,0.16181,-0.68251,0.6972,0.14802
0.098085,-0.73722,0.29666,0.061725,-0.69765,0.71212,0.048587
0.098189,-0.73722,0.2964,0.039622,0.69859,-0.71254,0.051838
0.09836,-0.73722,0.29619,0.14016,0.68531,-0.69846,0.15121
0.098584,-0.73722,0.29603,0.23785,0.65807,-0.67016,0.2475
0.098842,-0.73721,0.29595,0.33069,0.61744,-0.62821,0.33875
0.099115,-0.73721,0.29594,0.4168,0.56425,-0.57348,0.42311
0.099379,-0.73721,0.296,0.49443,0.49956,-0.50707,0.49885
0.099614,-0.7372,0.29614,0.56199,0.42471,-0.43034,0.56444
0.099666,-0.74175,0.29617,0.56199,0.42471,-0.43034,0.56444
0.099432,-0.74175,0.29603,0.49443,0.49956,-0.50707,0.49885
0.099167,-0.74176,0.29596,0.4168,0.56425,-0.57348,0.42311
0.098895,-0.74176,0.29597,0.33069,0.61744,-0.62821,0.33875
0.098636,-0.74176,0.29606,0.23785,0.65807,-0.67016,0.2475
0.098412,-0.74176,0.29622,0.14016,0.68531,-0.69846,0.15121
0.098242,-0.74176,0.29643,0.039622,0.69859,-0.71254,0.051838
0.098138,-0.74176,0.29668,0.061725,-0.69765,0.71212,0.048587
0.098109,-0.74176,0.29695,0.16181,-0.68251,0.6972,0.14802
0.098158,-0.74176,0.29722,0.25861,-0.65347,0.66809,0.24444
0.098281,-0.74176,0.29746,0.35014,-0.61113,0.62538,0.33589
0.098333,-0.7463,0.29749,0.35014,-0.61113,0.62538,0.33589
0.098211,-0.74631,0.29724,0.25861,-0.65347,0.66809,0.24444
0.098162,-0.74631,0.29698,0.16181,-0.68251,0.6972,0.14802
0.098191,-0.74631,0.2967,0.061725,-0.69765,0.71212,0.048587
0.098294,-0.74631,0.29645,0.039622,0.69859,-0.71254,0.051838
0.098465,-0.74631,0.29624,0.14016,0.68531,-0.69846,0.15121
0.098689,-0.74631,0.29608,0.23785,0.65807,-0.67016,0.2475
0.098947,-0.7463,0.296,0.33069,0.61744,-0.62821,0.33875
0.09922,-0.7463,0.29599,0.4168,0.56425,-0.57348,0.42311
0.099484,-0.7463,0.29605,0.49443,0.49956,-0.50707,0.49885
0.099719,-0.74629,0.29619,0.56199,0.42471,-0.43034,0.56444
0.099772,-0.75084,0.29622,0.56199,0.42471,-0.43034,0.56444
0.099537,-0.75084,0.29608,0.49443,0.49956,-0.50707,0.49885
0.099273,-0.75085,0.29601,0.4168,0.56425,-0.57348,0.42311
0.099,-0.75085,0.29602,0.33069,0.61744,-0.62821,0.33875
0.098742,-0.75085,0.29611,0.23785,0.65807,-0.67016,0.2475
0.098518,-0.75085,0.29626,0.14016,0.68531,-0.69846,0.15121
0.098347,-0.75085,0.29648,0.039622,0.69859,-0.71254,0.051838
0.098243,-0.75085,0.29673,0.061725,-0.69765,0.71212,0.048587
0.098215,-0.75085,0.297,0.16181,-0.68251,0.6972,0.14802
0.098263,-0.75085,0.29727,0.25861,-0.65347,0.66809,0.24444
0.098386,-0.75085,0.29751,0.35014,-0.61113,0.62538,0.33589
0.098439,-0.75539,0.29754,0.35014,-0.61113,0.62538,0.33589
0.098316,-0.7554,0.29729,0.25861,-0.65347,0.66809,0.24444
0.098267,-0.7554,0.29703,0.16181,-0.68251,0.6972,0.14802
0.098296,-0.7554,0.29675,0.061725,-0.69765,0.71212,0.048587
0.0984,-0.7554,0.2965,0.039622,0.69859,-0.71254,0.051838
0.09857,-0.7554,0.29629,0.14016,0.68531,-0.69846,0.15121
0.098794,-0.7554,0.29613,0.23785,0.65807,-0.67016,0.2475
0.099053,-0.75539,0.29605,0.33069,0.61744,-0.62821,0.33875
0.099325,-0.75539,0.29604,0.4168,0.56425,-0.57348,0.42311
0.09959,-0.75539,0.2961,0.49443,0.49956,-0.50707,0.49885
0.099824,-0.75538,0.29624,0.56199,0.42471,-0.43034,0.56444
0.099877,-0.75993,0.29627,0.56199,0.42471,-0.43034,0.56444
0.099642,-0.75993,0.29613,0.49443,0.49956,-0.50707,0.49885
0.099378,-0.75994,0.29606,0.4168,0.56425,-0.57348,0.42311
0.099105,-0.75994,0.29607,0.33069,0.61744,-0.62821,0.33875
0.098847,-0.75994,0.29616,0.23785,0.65807,-0.67016,0.2475
0.098623,-0.75994,0.29631,0.14016,0.68531,-0.69846,0.15121
0.098452,-0.75994,0.29653,0.039622,0.69859,-0.71254,0.051838
0.098349,-0.75994,0.29678,0.061725,-0.69765,0.71212,0.048587
0.09832,-0.75994,0.29705,0.16181,-0.68251,0.6972,0.14802
0.098369,-0.75994,0.29732,0.25861,-0.65347,0.66809,0.24444
0.098491,-0.75994,0.29756,0.35014,-0.61113,0.62538,0.33589
0.098544,-0.76448,0.29759,0.35014,-0.61113,0.62538,0.33589
0.098421,-0.76449,0.29734,0.25861,-0.65347,0.66809,0.24444
0.098373,-0.76449,0.29707,0.16181,-0.68251,0.6972,0.14802
0.098401,-0.76449,0.2968,0.061725,-0.69765,0.71212,0.048587
0.098505,-0.76449,0.29655,0.039622,0.69859,-0.71254,0.051838
0.098676,-0.76449,0.29634,0.14016,0.68531,-0.69846,0.15121
0.098899,-0.76449,0.29618,0.23785,0.65807,-0.67016,0.2475
0.099158,-0.76448,0.2961,0.33069,0.61744,-0.62821,0.33875
0.099431,-0.76448,0.29609,0.4168,0.56425,-0.57348,0.42311
0.099695,-0.76448,0.29615,0.49443,0.49956,-0.50707,0.49885
0.09993,-0.76447,0.29629,0.56199,0.42471,-0.43034,0.56444
0.099982,-0.76902,0.29632,0.56199,0.42471,-0.43034,0.56444
0.099748,-0.76902,0.29618,0.49443,0.49956,-0.50707,0.49885
0.099483,-0.76903,0.29611,0.4168,0.56425,-0.57348,0.42311
0.099211,-0.76903,0.29612,0.33069,0.61744,-0.62821,0.33875
0.098952,-0.76903,0.29621,0.23785,0.65807,-0.67016,0.2475
0.098728,-0.76903,0.29636,0.14016,0.68531,-0.69846,0.15121
0.098558,-0.76903,0.29658,0.039622,0.69859,-0.71254,0.051838
0.098454,-0.76903,0.29683,0.061725,-0.69765,0.71212,0.048587
0.098425,-0.76903,0.2971,0.16181,-0.68251,0.6972,0.14802
0.098474,-0.76903,0.29737,0.25861,-0.65347,0.66809,0.24444
0.098597,-0.76903,0.29761,0.35014,-0.61113,0.62538,0.33589
0.099463,-0.72358,0.29466,0.56199,0.42471,-0.43034,0.56444
0.099229,-0.72358,0.29452,0.49443,0.49956,-0.50707,0.49885
0.098964,-0.72358,0.29445,0.4168,0.56425,-0.57348,0.42311
0.098692,-0.72359,0.29446,0.33069,0.61744,-0.62821,0.33875
0.098433,-0.72359,0.29455,0.23785,0.65807,-0.67016,0.2475
0.098209,-0.72359,0.2947,0.14016,0.68531,-0.69846,0.15121
0.098039,-0.72359,0.29492,0.039622,0.69859,-0.71254,0.051838
0.097935,-0.72359,0.29517,0.061725,-0.69765,0.71212,0.048587
0.097906,-0.72359,0.29544,0.16181,-0.68251,0.6972,0.14802
0.097955,-0.72359,0.29571,0.25861,-0.65347,0.66809,0.24444
0.098078,-0.72358,0.29595,0.35014,-0.61113,0.62538,0.33589
0.09813,-0.72813,0.29598,0.35014,-0.61113,0.62538,0.33589
0.098008,-0.72813,0.29573,0.25861,-0.65347,0.66809,0.24444
0.097959,-0.72813,0.29546,0.16181,-0.68251,0.6972,0.14802
0.097987,-0.72814,0.29519,0.061725,-0.69765,0.71212,0.048587
0.098091,-0.72814,0.29494,0.039622,0.69859,-0.71254,0.051838
0.098262,-0.72814,0.29473,0.14016,0.68531,-0.69846,0.15121
0.098486,-0.72813,0.29457,0.23785,0.65807,-0.67016,0.2475
0.098744,-0.72813,0.29448,0.33069,0.61744,-0.62821,0.33875
0.099017,-0.72813,0.29447,0.4168,0.56425,-0.57348,0.42311
0.099281,-0.72812,0.29454,0.49443,0.49956,-0.50707,0.49885
0.099516,-0.72812,0.29468,0.56199,0.42471,-0.43034,0.56444
0.099569,-0.73267,0.2947,0.56199,0.42471,-0.43034,0.56444
0.099334,-0.73267,0.29457,0.49443,0.49956,-0.50707,0.49885
0.09907,-0.73267,0.2945,0.4168,0.56425,-0.57348,0.42311
0.098797,-0.73268,0.29451,0.33069,0.61744,-0.62821,0.33875
0.098538,-0.73268,0.2946,0.23785,0.65807,-0.67016,0.2475
0.098315,-0.73268,0.29475,0.14016,0.68531,-0.69846,0.15121
0.098144,-0.73268,0.29496,0.039622,0.69859,-0.71254,0.051838
0.09804,-0.73268,0.29522,0.061725,-0.69765,0.71212,0.048587
0.098011,-0.73268,0.29549,0.16181,-0.68251,0.6972,0.14802
0.09806,-0.73268,0.29576,0.25861,-0.65347,0.66809,0.24444
0.098183,-0.73268,0.296,0.35014,-0.61113,0.62538,0.33589
0.098236,-0.73722,0.29602,0.35014,-0.61113,0.62538,0.33589
0.098113,-0.73722,0.29578,0.25861,-0.65347,0.66809,0.24444
0.098064,-0.73722,0.29551,0.16181,-0.68251,0.6972,0.14802
0.098093,-0.73723,0.29524,0.061725,-0.69765,0.71212,0.048587
0.098197,-0.73723,0.29499,0.039622,0.69859,-0.71254,0.051838
0.098367,-0.73723,0.29478,0.14016,0.68531,-0.69846,0.15121
0.098591,-0.73722,0.29462,0.23785,0.65807,-0.67016,0.2475
0.09885,-0.73722,0.29453,0.33069,0.61744,-0.62821,0.33875
0.099122,-0.73722,0.29452,0.4168,0.56425,-0.57348,0.42311
0.099387,-0.73721,0.29459,0.49443,0.49956,-0.50707,0.49885
0.099621,-0.73721,0.29473,0.56199,0.42471,-0.43034,0.56444
0.099674,-0.74176,0.29475,0.56199,0.42471,-0.43034,0.56444
0.099439,-0.74176,0.29462,0.49443,0.49956,-0.50707,0.49885
0.099175,-0.74176,0.29455,0.4168,0.56425,-0.57348,0.42311
0.098902,-0.74177,0.29456,0.33069,0.61744,-0.62821,0.33875
0.098644,-0.74177,0.29465,0.23785,0.65807,-0.67016,0.2475
0.09842,-0.74177,0.2948,0.14016,0.68531,-0.69846,0.15121
0.098249,-0.74177,0.29501,0.039622,0.69859,-0.71254,0.051838
0.098145,-0.74177,0.29527,0.061725,-0.69765,0.71212,0.048587
0.098117,-0.74177,0.29554,0.16181,-0.68251,0.6972,0.14802
0.098166,-0.74177,0.29581,0.25861,-0.65347,0.66809,0.24444
0.098288,-0.74177,0.29605,0.35014,-0.61113,0.62538,0.33589
0.098341,-0.74631,0.29607,0.35014,-0.61113,0.62538,0.33589
0.098218,-0.74631,0.29583,0.25861,-0.65347,0.66809,0.24444
0.098169,-0.74632,0.29556,0.16181,-0.68251,0.6972,0.14802
0.098198,-0.74632,0.29529,0.061725,-0.69765,0.71212,0.048587
0.098302,-0.74632,0.29504,0.039622,0.69859,-0.71254,0.051838
0.098473,-0.74632,0.29483,0.14016,0.68531,-0.69846,0.15121
0.098696,-0.74631,0.29467,0.23785,0.65807,-0.67016,0.2475
0.098955,-0.74631,0.29458,0.33069,0.61744,-0.62821,0.33875
0.099227,-0.74631,0.29457,0.4168,0.56425,-0.57348,0.42311
0.099492,-0.7463,0.29464,0.49443,0.49956,-0.50707,0.49885
0.099727,-0.7463,0.29478,0.56199,0.42471,-0.43034,0.56444
0.099779,-0.75085,0.2948,0.56199,0.42471,-0.43034,0.56444
0.099545,-0.75085,0.29466,0.49443,0.49956,-0.50707,0.49885
0.09928,-0.75085,0.2946,0.4168,0.56425,-0.57348,0.42311
0.099008,-0.75086,0.29461,0.33069,0.61744,-0.62821,0.33875
0.098749,-0.75086,0.29469,0.23785,0.65807,-0.67016,0.2475
0.098525,-0.75086,0.29485,0.14016,0.68531,-0.69846,0.15121
0.098355,-0.75086,0.29506,0.039622,0.69859,-0.71254,0.051838
0.098251,-0.75086,0.29532,0.061725,-0.69765,0.71212,0.048587
0.098222,-0.75086,0.29559,0.16181,-0.68251,0.6972,0.14802
0.098271,-0.75086,0.29585,0.25861,-0.65347,0.66809,0.24444
0.098394,-0.75086,0.2961,0.35014,-0.61113,0.62538,0.33589
0.098446,-0.7554,0.29612,0.35014,-0.61113,0.62538,0.33589
0.098324,-0.7554,0.29588,0.25861,-0.65347,0.66809,0.24444
0.098275,-0.75541,0.29561,0.16181,-0.68251,0.6972,0.14802
0.098303,-0.75541,0.29534,0.061725,-0.69765,0.71212,0.048587
0.098407,-0.75541,0.29509,0.039622,0.69859,-0.71254,0.051838
0.098578,-0.75541,0.29488,0.14016,0.68531,-0.69846,0.15121
0.098802,-0.7554,0.29472,0.23785,0.65807,-0.67016,0.2475
0.09906,-0.7554,0.29463,0.33069,0.61744,-0.62821,0.33875
0.099333,-0.7554,0.29462,0.4168,0.56425,-0.57348,0.42311
0.099597,-0.75539,0.29469,0.49443,0.49956,-0.50707,0.49885
0.099832,-0.75539,0.29483,0.56199,0.42471,-0.43034,0.56444
0.099885,-0.75994,0.29485,0.56199,0.42471,-0.43034,0.56444
0.09965,-0.75994,0.29471,0.49443,0.49956,-0.50707,0.49885
0.099385,-0.75994,0.29465,0.4168,0.56425,-0.57348,0.42311
0.099113,-0.75995,0.29466,0.33069,0.61744,-0.62821,0.33875
0.098854,-0.75995,0.29474,0.23785,0.65807,-0.67016,0.2475
0.098631,-0.75995,0.2949,0.14016,0.68531,-0.69846,0.15121
0.09846,-0.75995,0.29511,0.039622,0.69859,-0.71254,0.051838
0.098356,-0.75995,0.29536,0.061725,-0.69765,0.71212,0.048587
0.098327,-0.75995,0.29564,0.16181,-0.68251,0.6972,0.14802
0.098376,-0.75995,0.2959,0.25861,-0.65347,0.66809,0.24444
0.098499,-0.75995,0.29615,0.35014,-0.61113,0.62538,0.33589
0.098552,-0.76449,0.29617,0.35014,-0.61113,0.62538,0.33589
0.098429,-0.76449,0.29593,0.25861,-0.65347,0.66809,0.24444
0.09838,-0.7645,0.29566,0.16181,-0.68251,0.6972,0.14802
0.098409,-0.7645,0.29539,0.061725,-0.69765,0.71212,0.048587
0.098513,-0.7645,0.29514,0.039622,0.69859,-0.71254,0.051838
0.098683,-0.7645,0.29492,0.14016,0.68531,-0.69846,0.15121
0.098907,-0.76449,0.29477,0.23785,0.65807,-0.67016,0.2475
0.099166,-0.76449,0.29468,0.33069,0.61744,-0.62821,0.33875
0.099438,-0.76449,0.29467,0.4168,0.56425,-0.57348,0.42311
0.099702,-0.76449,0.29474,0.49443,0.49956,-0.50707,0.49885
0.099937,-0.76448,0.29488,0.56199,0.42471,-0.43034,0.56444
0.09999,-0.76903,0.2949,0.56199,0.42471,-0.43034,0.56444
0.099755,-0.76903,0.29476,0.49443,0.49956,-0.50707,0.49885
0.099491,-0.76903,0.2947,0.4168,0.56425,-0.57348,0.42311
0.099218,-0.76904,0.29471,0.33069,0.61744,-0.62821,0.33875
0.09896,-0.76904,0.29479,0.23785,0.65807,-0.67016,0.2475
0.098736,-0.76904,0.29495,0.14016,0.68531,-0.69846,0.15121
0.098565,-0.76904,0.29516,0.039622,0.69859,-0.71254,0.051838
0.098461,-0.76904,0.29541,0.061725,-0.69765,0.71212,0.048587
0.098433,-0.76904,0.29569,0.16181,-0.68251,0.6972,0.14802
0.098482,-0.76904,0.29595,0.25861,-0.65347,0.66809,0.24444
0.098604,-0.76904,0.2962,0.35014,-0.61113,0.62538,0.33589
0.099471,-0.72358,0.29324,0.56199,0.42471,-0.43034,0.56444
0.099236,-0.72359,0.2931,0.49443,0.49956,-0.50707,0.49885
0.098972,-0.72359,0.29304,0.4168,0.56425,-0.57348,0.42311
0.098699,-0.72359,0.29305,0.33069,0.61744,-0.62821,0.33875
0.098441,-0.7236,0.29313,0.23785,0.65807,-0.67016,0.2475
0.098217,-0.7236,0.29329,0.14016,0.68531,-0.69846,0.15121
0.098046,-0.7236,0.2935,0.039622,0.69859,-0.71254,0.051838
0.097942,-0.7236,0.29375,0.061725,-0.69765,0.71212,0.048587
0.097914,-0.7236,0.29402,0.16181,-0.68251,0.6972,0.14802
0.097963,-0.7236,0.29429,0.25861,-0.65347,0.66809,0.24444
0.098085,-0.72359,0.29454,0.35014,-0.61113,0.62538,0.33589
0.098138,-0.72814,0.29456,0.35014,-0.61113,0.62538,0.33589
0.098015,-0.72814,0.29432,0.25861,-0.65347,0.66809,0.24444
0.097966,-0.72814,0.29405,0.16181,-0.68251,0.6972,0.14802
0.097995,-0.72814,0.29378,0.061725,-0.69765,0.71212,0.048587
0.098099,-0.72814,0.29353,0.039622,0.69859,-0.71254,0.051838
0.09827,-0.72814,0.29331,0.14016,0.68531,-0.69846,0.15121
0.098493,-0.72814,0.29316,0.23785,0.65807,-0.67016,0.2475
0.098752,-0.72814,0.29307,0.33069,0.61744,-0.62821,0.33875
0.099024,-0.72814,0.29306,0.4168,0.56425,-0.57348,0.42311
0.099289,-0.72813,0.29313,0.49443,0.49956,-0.50707,0.49885
0.099524,-0.72813,0.29327,0.56199,0.42471,-0.43034,0.56444
0.099576,-0.73267,0.29329,0.56199,0.42471,-0.43034,0.56444
0.099341,-0.73268,0.29315,0.49443,0.49956,-0.50707,0.49885
0.099077,-0.73268,0.29308,0.4168,0.56425,-0.57348,0.42311
0.098805,-0.73268,0.2931,0.33069,0.61744,-0.62821,0.33875
0.098546,-0.73269,0.29318,0.23785,0.65807,-0.67016,0.2475
0.098322,-0.73269,0.29334,0.14016,0.68531,-0.69846,0.15121
0.098152,-0.73269,0.29355,0.039622,0.69859,-0.71254,0.051838
0.098048,-0.73269,0.2938,0.061725,-0.69765,0.71212,0.048587
0.098019,-0.73269,0.29407,0.16181,-0.68251,0.6972,0.14802
0.098068,-0.73269,0.29434,0.25861,-0.65347,0.66809,0.24444
0.09819,-0.73268,0.29459,0.35014,-0.61113,0.62538,0.33589
0.098243,-0.73723,0.29461,0.35014,-0.61113,0.62538,0.33589
0.098121,-0.73723,0.29437,0.25861,-0.65347,0.66809,0.24444
0.098072,-0.73723,0.2941,0.16181,-0.68251,0.6972,0.14802
0.0981,-0.73723,0.29383,0.061725,-0.69765,0.71212,0.048587
0.098204,-0.73723,0.29358,0.039622,0.69859,-0.71254,0.051838
0.098375,-0.73723,0.29336,0.14016,0.68531,-0.69846,0.15121
0.098599,-0.73723,0.29321,0.23785,0.65807,-0.67016,0.2475
0.098857,-0.73723,0.29312,0.33069,0.61744,-0.62821,0.33875
0.09913,-0.73723,0.29311,0.4168,0.56425,-0.57348,0.42311
0.099394,-0.73722,0.29318,0.49443,0.49956,-0.50707,0.49885
0.099629,-0.73722,0.29332,0.56199,0.42471,-0.43034,0.56444
0.099682,-0.74176,0.29334,0.56199,0.42471,-0.43034,0.56444
0.099447,-0.74177,0.2932,0.49443,0.49956,-0.50707,0.49885
0.099182,-0.74177,0.29313,0.4168,0.56425,-0.57348,0.42311
0.09891,-0.74177,0.29314,0.33069,0.61744,-0.62821,0.33875
0.098651,-0.74178,0.29323,0.23785,0.65807,-0.67016,0.2475
0.098428,-0.74178,0.29339,0.14016,0.68531,-0.69846,0.15121
0.098257,-0.74178,0.2936,0.039622,0.69859,-0.71254,0.051838
0.098153,-0.74178,0.29385,0.061725,-0.69765,0.71212,0.048587
0.098124,-0.74178,0.29412,0.16181,-0.68251,0.6972,0.14802
0.098173,-0.74178,0.29439,0.25861,-0.65347,0.66809,0.24444
0.098296,-0.74177,0.29464,0.35014,-0.61113,0.62538,0.33589
0.098348,-0.74632,0.29466,0.35014,-0.61113,0.62538,0.33589
0.098226,-0.74632,0.29442,0.25861,-0.65347,0.66809,0.24444
0.098177,-0.74632,0.29415,0.16181,-0.68251,0.6972,0.14802
0.098206,-0.74632,0.29388,0.061725,-0.69765,0.71212,0.048587
0.09831,-0.74632,0.29362,0.039622,0.69859,-0.71254,0.051838
0.09848,-0.74632,0.29341,0.14016,0.68531,-0.69846,0.15121
0.098704,-0.74632,0.29326,0.23785,0.65807,-0.67016,0.2475
0.098963,-0.74632,0.29317,0.33069,0.61744,-0.62821,0.33875
0.099235,-0.74632,0.29316,0.4168,0.56425,-0.57348,0.42311
0.099499,-0.74631,0.29323,0.49443,0.49956,-0.50707,0.49885
0.099734,-0.74631,0.29336,0.56199,0.42471,-0.43034,0.56444
0.099787,-0.75085,0.29339,0.56199,0.42471,-0.43034,0.56444
0.099552,-0.75086,0.29325,0.49443,0.49956,-0.50707,0.49885
0.099288,-0.75086,0.29318,0.4168,0.56425,-0.57348,0.42311
0.099015,-0.75086,0.29319,0.33069,0.61744,-0.62821,0.33875
0.098757,-0.75087,0.29328,0.23785,0.65807,-0.67016,0.2475
0.098533,-0.75087,0.29344,0.14016,0.68531,-0.69846,0.15121
0.098362,-0.75087,0.29365,0.039622,0.69859,-0.71254,0.051838
0.098258,-0.75087,0.2939,0.061725,-0.69765,0.71212,0.048587
0.09823,-0.75087,0.29417,0.16181,-0.68251,0.6972,0.14802
0.098279,-0.75087,0.29444,0.25861,-0.65347,0.66809,0.24444
0.098401,-0.75086,0.29468,0.35014,-0.61113,0.62538,0.33589
0.098454,-0.75541,0.29471,0.35014,-0.61113,0.62538,0.33589
0.098331,-0.75541,0.29447,0.25861,-0.65347,0.66809,0.24444
0.098282,-0.75541,0.2942,0.16181,-0.68251,0.6972,0.14802
0.098311,-0.75541,0.29393,0.061725,-0.69765,0.71212,0.048587
0.098415,-0.75541,0.29367,0.039622,0.69859,-0.71254,0.051838
0.098586,-0.75541,0.29346,0.14016,0.68531,-0.69846,0.15121
0.098809,-0.75541,0.29331,0.23785,0.65807,-0.67016,0.2475
0.099068,-0.75541,0.29322,0.33069,0.61744,-0.62821,0.33875
0.09934,-0.75541,0.29321,0.4168,0.56425,-0.57348,0.42311
0.099605,-0.7554,0.29328,0.49443,0.49956,-0.50707,0.49885
0.099839,-0.7554,0.29341,0.56199,0.42471,-0.43034,0.56444
0.099892,-0.75994,0.29344,0.56199,0.42471,-0.43034,0.56444
0.099657,-0.75995,0.2933,0.49443,0.49956,-0.50707,0.49885
0.099393,-0.75995,0.29323,0.4168,0.56425,-0.57348,0.42311
0.09912,-0.75995,0.29324,0.33069,0.61744,-0.62821,0.33875
0.098862,-0.75996,0.29333,0.23785,0.65807,-0.67016,0.2475
0.098638,-0.75996,0.29349,0.14016,0.68531,-0.69846,0.15121
0.098467,-0.75996,0.2937,0.039622,0.69859,-0.71254,0.051838
0.098364,-0.75996,0.29395,0.061725,-0.69765,0.71212,0.048587
0.098335,-0.75996,0.29422,0.16181,-0.68251,0.6972,0.14802
0.098384,-0.75996,0.29449,0.25861,-0.65347,0.66809,0.24444
0.098506,-0.75995,0.29473,0.35014,-0.61113,0.62538,0.33589
0.098559,-0.7645,0.29476,0.35014,-0.61113,0.62538,0.33589
0.098437,-0.7645,0.29451,0.25861,-0.65347,0.66809,0.24444
0.098388,-0.7645,0.29425,0.16181,-0.68251,0.6972,0.14802
0.098416,-0.7645,0.29398,0.061725,-0.69765,0.71212,0.048587
0.09852,-0.7645,0.29372,0.039622,0.69859,-0.71254,0.051838
0.098691,-0.7645,0.29351,0.14016,0.68531,-0.69846,0.15121
0.098915,-0.7645,0.29335,0.23785,0.65807,-0.67016,0.2475
0.099173,-0.7645,0.29327,0.33069,0.61744,-0.62821,0.33875
0.099446,-0.7645,0.29326,0.4168,0.56425,-0.57348,0.42311
0.09971,-0.76449,0.29332,0.49443,0.49956,-0.50707,0.49885
0.099945,-0.76449,0.29346,0.56199,0.42471,-0.43034,0.56444
0.099997,-0.76903,0.29349,0.56199,0.42471,-0.43034,0.56444
0.099763,-0.76904,0.29335,0.49443,0.49956,-0.50707,0.49885
0.099498,-0.76904,0.29328,0.4168,0.56425,-0.57348,0.42311
0.099226,-0.76904,0.29329,0.33069,0.61744,-0.62821,0.33875
0.098967,-0.76905,0.29338,0.23785,0.65807,-0.67016,0.2475
0.098744,-0.76905,0.29354,0.14016,0.68531,-0.69846,0.15121
0.098573,-0.76905,0.29375,0.039622,0.69859,-0.71254,0.051838
0.098469,-0.76905,0.294,0.061725,-0.69765,0.71212,0.048587
0.09844,-0.76905,0.29427,0.16181,-0.68251,0.6972,0.14802
0.098489,-0.76905,0.29454,0.25861,-0.65347,0.66809,0.24444
0.098612,-0.76904,0.29478,0.35014,-0.61113,0.62538,0.33589
0.099478,-0.72359,0.29183,0.56199,0.42471,-0.43034,0.56444
0.099244,-0.72359,0.29169,0.49443,0.49956,-0.50707,0.49885
0.098979,-0.7236,0.29162,0.4168,0.56425,-0.57348,0.42311
0.098707,-0.7236,0.29163,0.33069,0.61744,-0.62821,0.33875
0.098448,-0.7236,0.29172,0.23785,0.65807,-0.67016,0.2475
0.098224,-0.72361,0.29187,0.14016,0.68531,-0.69846,0.15121
0.098054,-0.72361,0.29209,0.039622,0.69859,-0.71254,0.051838
0.09795,-0.72361,0.29234,0.061725,-0.69765,0.71212,0.048587
0.097921,-0.7236,0.29261,0.16181,-0.68251,0.6972,0.14802
0.09797,-0.7236,0.29288,0.25861,-0.65347,0.66809,0.24444
0.098093,-0.7236,0.29312,0.35014,-0.61113,0.62538,0.33589
0.098145,-0.72815,0.29315,0.35014,-0.61113,0.62538,0.33589
0.098023,-0.72815,0.2929,0.25861,-0.65347,0.66809,0.24444
0.097974,-0.72815,0.29263,0.16181,-0.68251,0.6972,0.14802
0.098003,-0.72815,0.29236,0.061725,-0.69765,0.71212,0.048587
0.098106,-0.72815,0.29211,0.039622,0.69859,-0.71254,0.051838
0.098277,-0.72815,0.2919,0.14016,0.68531,-0.69846,0.15121
0.098501,-0.72815,0.29174,0.23785,0.65807,-0.67016,0.2475
0.098759,-0.72815,0.29166,0.33069,0.61744,-0.62821,0.33875
0.099032,-0.72814,0.29165,0.4168,0.56425,-0.57348,0.42311
0.099296,-0.72814,0.29171,0.49443,0.49956,-0.50707,0.49885
0.099531,-0.72814,0.29185,0.56199,0.42471,-0.43034,0.56444
0.099584,-0.73268,0.29188,0.56199,0.42471,-0.43034,0.56444
0.099349,-0.73268,0.29174,0.49443,0.49956,-0.50707,0.49885
0.099085,-0.73269,0.29167,0.4168,0.56425,-0.57348,0.42311
0.098812,-0.73269,0.29168,0.33069,0.61744,-0.62821,0.33875
0.098553,-0.73269,0.29177,0.23785,0.65807,-0.67016,0.2475
0.09833,-0.7327,0.29192,0.14016,0.68531,-0.69846,0.15121
0.098159,-0.7327,0.29214,0.039622,0.69859,-0.71254,0.051838
0.098055,-0.7327,0.29239,0.061725,-0.69765,0.71212,0.048587
0.098027,-0.7327,0.29266,0.16181,-0.68251,0.6972,0.14802
0.098075,-0.73269,0.29293,0.25861,-0.65347,0.66809,0.24444
0.098198,-0.73269,0.29317,0.35014,-0.61113,0.62538,0.33589
0.098251,-0.73724,0.2932,0.35014,-0.61113,0.62538,0.33589
0.098128,-0.73724,0.29295,0.25861,-0.65347,0.66809,0.24444
0.098079,-0.73724,0.29268,0.16181,-0.68251,0.6972,0.14802
0.098108,-0.73724,0.29241,0.061725,-0.69765,0.71212,0.048587
0.098212,-0.73724,0.29216,0.039622,0.69859,-0.71254,0.051838
0.098382,-0.73724,0.29195,0.14016,0.68531,-0.69846,0.15121
0.098606,-0.73724,0.29179,0.23785,0.65807,-0.67016,0.2475
0.098865,-0.73724,0.29171,0.33069,0.61744,-0.62821,0.33875
0.099137,-0.73723,0.2917,0.4168,0.56425,-0.57348,0.42311
0.099402,-0.73723,0.29176,0.49443,0.49956,-0.50707,0.49885
0.099636,-0.73723,0.2919,0.56199,0.42471,-0.43034,0.56444
0.099689,-0.74177,0.29193,0.56199,0.42471,-0.43034,0.56444
0.099454,-0.74177,0.29179,0.49443,0.49956,-0.50707,0.49885
0.09919,-0.74178,0.29172,0.4168,0.56425,-0.57348,0.42311
0.098917,-0.74178,0.29173,0.33069,0.61744,-0.62821,0.33875
0.098659,-0.74178,0.29182,0.23785,0.65807,-0.67016,0.2475
0.098435,-0.74179,0.29197,0.14016,0.68531,-0.69846,0.15121
0.098264,-0.74179,0.29219,0.039622,0.69859,-0.71254,0.051838
0.098161,-0.74179,0.29244,0.061725,-0.69765,0.71212,0.048587
0.098132,-0.74179,0.29271,0.16181,-0.68251,0.6972,0.14802
0.098181,-0.74178,0.29298,0.25861,-0.65347,0.66809,0.24444
0.098303,-0.74178,0.29322,0.35014,-0.61113,0.62538,0.33589
0.098356,-0.74633,0.29325,0.35014,-0.61113,0.62538,0.33589
0.098233,-0.74633,0.293,0.25861,-0.65347,0.66809,0.24444
0.098185,-0.74633,0.29273,0.16181,-0.68251,0.6972,0.14802
0.098213,-0.74633,0.29246,0.061725,-0.69765,0.71212,0.048587
0.098317,-0.74633,0.29221,0.039622,0.69859,-0.71254,0.051838
0.098488,-0.74633,0.292,0.14016,0.68531,-0.69846,0.15121
0.098711,-0.74633,0.29184,0.23785,0.65807,-0.67016,0.2475
0.09897,-0.74633,0.29175,0.33069,0.61744,-0.62821,0.33875
0.099243,-0.74632,0.29174,0.4168,0.56425,-0.57348,0.42311
0.099507,-0.74632,0.29181,0.49443,0.49956,-0.50707,0.49885
0.099742,-0.74632,0.29195,0.56199,0.42471,-0.43034,0.56444
0.099794,-0.75086,0.29198,0.56199,0.42471,-0.43034,0.56444
0.09956,-0.75087,0.29184,0.49443,0.49956,-0.50707,0.49885
0.099295,-0.75087,0.29177,0.4168,0.56425,-0.57348,0.42311
0.099023,-0.75087,0.29178,0.33069,0.61744,-0.62821,0.33875
0.098764,-0.75087,0.29187,0.23785,0.65807,-0.67016,0.2475
0.09854,-0.75088,0.29202,0.14016,0.68531,-0.69846,0.15121
0.09837,-0.75088,0.29223,0.039622,0.69859,-0.71254,0.051838
0.098266,-0.75088,0.29249,0.061725,-0.69765,0.71212,0.048587
0.098237,-0.75088,0.29276,0.16181,-0.68251,0.6972,0.14802
0.098286,-0.75087,0.29303,0.25861,-0.65347,0.66809,0.24444
0.098409,-0.75087,0.29327,0.35014,-0.61113,0.62538,0.33589
0.098461,-0.75542,0.29329,0.35014,-0.61113,0.62538,0.33589
0.098339,-0.75542,0.29305,0.25861,-0.65347,0.66809,0.24444
0.09829,-0.75542,0.29278,0.16181,-0.68251,0.6972,0.14802
0.098318,-0.75542,0.29251,0.061725,-0.69765,0.71212,0.048587
0.098422,-0.75542,0.29226,0.039622,0.69859,-0.71254,0.051838
0.098593,-0.75542,0.29205,0.14016,0.68531,-0.69846,0.15121
0.098817,-0.75542,0.29189,0.23785,0.65807,-0.67016,0.2475
0.099075,-0.75542,0.2918,0.33069,0.61744,-0.62821,0.33875
0.099348,-0.75541,0.29179,0.4168,0.56425,-0.57348,0.42311
0.099612,-0.75541,0.29186,0.49443,0.49956,-0.50707,0.49885
0.099847,-0.75541,0.292,0.56199,0.42471,-0.43034,0.56444
0.0999,-0.75995,0.29202,0.56199,0.42471,-0.43034,0.56444
0.099665,-0.75996,0.29189,0.49443,0.49956,-0.50707,0.49885
0.099401,-0.75996,0.29182,0.4168,0.56425,-0.57348,0.42311
0.099128,-0.75996,0.29183,0.33069,0.61744,-0.62821,0.33875
0.098869,-0.75996,0.29192,0.23785,0.65807,-0.67016,0.2475
0.098646,-0.75997,0.29207,0.14016,0.68531,-0.69846,0.15121
0.098475,-0.75997,0.29228,0.039622,0.69859,-0.71254,0.051838
0.098371,-0.75997,0.29254,0.061725,-0.69765,0.71212,0.048587
0.098343,-0.75997,0.29281,0.16181,-0.68251,0.6972,0.14802
0.098391,-0.75996,0.29308,0.25861,-0.65347,0.66809,0.24444
0.098514,-0.75996,0.29332,0.35014,-0.61113,0.62538,0.33589
0.098567,-0.76451,0.29334,0.35014,-0.61113,0.62538,0.33589
0.098444,-0.76451,0.2931,0.25861,-0.65347,0.66809,0.24444
0.098395,-0.76451,0.29283,0.16181,-0.68251,0.6972,0.14802
0.098424,-0.76451,0.29256,0.061725,-0.69765,0.71212,0.048587
0.098528,-0.76451,0.29231,0.039622,0.69859,-0.71254,0.051838
0.098698,-0.76451,0.2921,0.14016,0.68531,-0.69846,0.15121
0.098922,-0.76451,0.29194,0.23785,0.65807,-0.67016,0.2475
0.099181,-0.76451,0.29185,0.33069,0.61744,-0.62821,0.33875
0.099453,-0.7645,0.29184,0.4168,0.56425,-0.57348,0.42311
0.099718,-0.7645,0.29191,0.49443,0.49956,-0.50707,0.49885
0.099952,-0.7645,0.29205,0.56199,0.42471,-0.43034,0.56444
0.10001,-0.76904,0.29207,0.56199,0.42471,-0.43034,0.56444
0.09977,-0.76905,0.29194,0.49443,0.49956,-0.50707,0.49885
0.099506,-0.76905,0.29187,0.4168,0.56425,-0.57348,0.42311
0.099233,-0.76905,0.29188,0.33069,0.61744,-0.62821,0.33875
0.098975,-0.76905,0.29197,0.23785,0.65807,-0.67016,0.2475
0.098751,-0.76906,0.29212,0.14016,0.68531,-0.69846,0.15121
0.09858,-0.76906,0.29233,0.039622,0.69859,-0.71254,0.051838
0.098476,-0.76906,0.29259,0.061725,-0.69765,0.71212,0.048587
0.098448,-0.76906,0.29286,0.16181,-0.68251,0.6972,0.14802
0.098497,-0.76905,0.29313,0.25861,-0.65347,0.66809,0.24444
0.098619,-0.76905,0.29337,0.35014,-0.61113,0.62538,0.33589
0.099486,-0.7236,0.29041,0.56199,0.42471,-0.43034,0.56444
0.099251,-0.7236,0.29027,0.49443,0.49956,-0.50707,0.49885
0.098987,-0.72361,0.29021,0.4168,0.56425,-0.57348,0.42311
0.098714,-0.72361,0.29022,0.33069,0.61744,-0.62821,0.33875
0.098456,-0.72361,0.2903,0.23785,0.65807,-0.67016,0.2475
0.098232,-0.72361,0.29046,0.14016,0.68531,-0.69846,0.15121
0.098061,-0.72361,0.29067,0.039622,0.69859,-0.71254,0.051838
0.097957,-0.72361,0.29092,0.061725,-0.69765,0.71212,0.048587
0.097929,-0.72361,0.2912,0.16181,-0.68251,0.6972,0.14802
0.097978,-0.72361,0.29146,0.25861,-0.65347,0.66809,0.24444
0.0981,-0.72361,0.29171,0.35014,-0.61113,0.62538,0.33589
0.098153,-0.72815,0.29173,0.35014,-0.61113,0.62538,0.33589
0.09803,-0.72816,0.29149,0.25861,-0.65347,0.66809,0.24444
0.097981,-0.72816,0.29122,0.16181,-0.68251,0.6972,0.14802
0.09801,-0.72816,0.29095,0.061725,-0.69765,0.71212,0.048587
0.098114,-0.72816,0.2907,0.039622,0.69859,-0.71254,0.051838
0.098285,-0.72816,0.29048,0.14016,0.68531,-0.69846,0.15121
0.098508,-0.72816,0.29033,0.23785,0.65807,-0.67016,0.2475
0.098767,-0.72815,0.29024,0.33069,0.61744,-0.62821,0.33875
0.099039,-0.72815,0.29023,0.4168,0.56425,-0.57348,0.42311
0.099304,-0.72815,0.2903,0.49443,0.49956,-0.50707,0.49885
0.099539,-0.72814,0.29044,0.56199,0.42471,-0.43034,0.56444
0.099591,-0.73269,0.29046,0.56199,0.42471,-0.43034,0.56444
0.099356,-0.73269,0.29032,0.49443,0.49956,-0.50707,0.49885
0.099092,-0.7327,0.29026,0.4168,0.56425,-0.57348,0.42311
0.09882,-0.7327,0.29027,0.33069,0.61744,-0.62821,0.33875
0.098561,-0.7327,0.29035,0.23785,0.65807,-0.67016,0.2475
0.098337,-0.7327,0.29051,0.14016,0.68531,-0.69846,0.15121
0.098167,-0.7327,0.29072,0.039622,0.69859,-0.71254,0.051838
0.098063,-0.7327,0.29097,0.061725,-0.69765,0.71212,0.048587
0.098034,-0.7327,0.29125,0.16181,-0.68251,0.6972,0.14802
0.098083,-0.7327,0.29151,0.25861,-0.65347,0.66809,0.24444
0.098206,-0.7327,0.29176,0.35014,-0.61113,0.62538,0.33589
0.098258,-0.73724,0.29178,0.35014,-0.61113,0.62538,0.33589
0.098136,-0.73725,0.29154,0.25861,-0.65347,0.66809,0.24444
0.098087,-0.73725,0.29127,0.16181,-0.68251,0.6972,0.14802
0.098115,-0.73725,0.291,0.061725,-0.69765,0.71212,0.048587
0.098219,-0.73725,0.29075,0.039622,0.69859,-0.71254,0.051838
0.09839,-0.73725,0.29053,0.14016,0.68531,-0.69846,0.15121
0.098614,-0.73725,0.29038,0.23785,0.65807,-0.67016,0.2475
0.098872,-0.73724,0.29029,0.33069,0.61744,-0.62821,0.33875
0.099145,-0.73724,0.29028,0.4168,0.56425,-0.57348,0.42311
0.099409,-0.73724,0.29035,0.49443,0.49956,-0.50707,0.49885
0.099644,-0.73723,0.29049,0.56199,0.42471,-0.43034,0.56444
0.099697,-0.74178,0.29051,0.56199,0.42471,-0.43034,0.56444
0.099462,-0.74178,0.29037,0.49443,0.49956,-0.50707,0.49885
0.099197,-0.74179,0.29031,0.4168,0.56425,-0.57348,0.42311
0.098925,-0.74179,0.29032,0.33069,0.61744,-0.62821,0.33875
0.098666,-0.74179,0.2904,0.23785,0.65807,-0.67016,0.2475
0.098443,-0.74179,0.29056,0.14016,0.68531,-0.69846,0.15121
0.098272,-0.74179,0.29077,0.039622,0.69859,-0.71254,0.051838
0.098168,-0.74179,0.29102,0.061725,-0.69765,0.71212,0.048587
0.098139,-0.74179,0.29129,0.16181,-0.68251,0.6972,0.14802
0.098188,-0.74179,0.29156,0.25861,-0.65347,0.66809,0.24444
0.098311,-0.74179,0.29181,0.35014,-0.61113,0.62538,0.33589
0.098364,-0.74633,0.29183,0.35014,-0.61113,0.62538,0.33589
0.098241,-0.74634,0.29159,0.25861,-0.65347,0.66809,0.24444
0.098192,-0.74634,0.29132,0.16181,-0.68251,0.6972,0.14802
0.098221,-0.74634,0.29105,0.061725,-0.69765,0.71212,0.048587
0.098325,-0.74634,0.2908,0.039622,0.69859,-0.71254,0.051838
0.098495,-0.74634,0.29058,0.14016,0.68531,-0.69846,0.15121
0.098719,-0.74634,0.29043,0.23785,0.65807,-0.67016,0.2475
0.098978,-0.74633,0.29034,0.33069,0.61744,-0.62821,0.33875
0.09925,-0.74633,0.29033,0.4168,0.56425,-0.57348,0.42311
0.099514,-0.74633,0.2904,0.49443,0.49956,-0.50707,0.49885
0.099749,-0.74632,0.29054,0.56199,0.42471,-0.43034,0.56444
0.099802,-0.75087,0.29056,0.56199,0.42471,-0.43034,0.56444
0.099567,-0.75087,0.29042,0.49443,0.49956,-0.50707,0.49885
0.099303,-0.75088,0.29036,0.4168,0.56425,-0.57348,0.42311
0.09903,-0.75088,0.29037,0.33069,0.61744,-0.62821,0.33875
0.098772,-0.75088,0.29045,0.23785,0.65807,-0.67016,0.2475
0.098548,-0.75088,0.29061,0.14016,0.68531,-0.69846,0.15121
0.098377,-0.75088,0.29082,0.039622,0.69859,-0.71254,0.051838
0.098273,-0.75088,0.29107,0.061725,-0.69765,0.71212,0.048587
0.098245,-0.75088,0.29134,0.16181,-0.68251,0.6972,0.14802
0.098294,-0.75088,0.29161,0.25861,-0.65347,0.66809,0.24444
0.098416,-0.75088,0.29186,0.35014,-0.61113,0.62538,0.33589
0.098469,-0.75542,0.29188,0.35014,-0.61113,0.62538,0.33589
0.098346,-0.75543,0.29164,0.25861,-0.65347,0.66809,0.24444
0.098297,-0.75543,0.29137,0.16181,-0.68251,0.6972,0.14802
0.098326,-0.75543,0.2911,0.061725,-0.69765,0.71212,0.048587
0.09843,-0.75543,0.29085,0.039622,0.69859,-0.71254,0.051838
0.098601,-0.75543,0.29063,0.14016,0.68531,-0.69846,0.15121
0.098824,-0.75543,0.29048,0.23785,0.65807,-0.67016,0.2475
0.099083,-0.75542,0.29039,0.33069,0.61744,-0.62821,0.33875
0.099355,-0.75542,0.29038,0.4168,0.56425,-0.57348,0.42311
0.09962,-0.75542,0.29045,0.49443,0.49956,-0.50707,0.49885
0.099855,-0.75541,0.29059,0.56199,0.42471,-0.43034,0.56444
0.099907,-0.75996,0.29061,0.56199,0.42471,-0.43034,0.56444
0.099672,-0.75996,0.29047,0.49443,0.49956,-0.50707,0.49885
0.099408,-0.75997,0.2904,0.4168,0.56425,-0.57348,0.42311
0.099136,-0.75997,0.29041,0.33069,0.61744,-0.62821,0.33875
0.098877,-0.75997,0.2905,0.23785,0.65807,-0.67016,0.2475
0.098653,-0.75997,0.29066,0.14016,0.68531,-0.69846,0.15121
0.098483,-0.75997,0.29087,0.039622,0.69859,-0.71254,0.051838
0.098379,-0.75997,0.29112,0.061725,-0.69765,0.71212,0.048587
0.09835,-0.75997,0.29139,0.16181,-0.68251,0.6972,0.14802
0.098399,-0.75997,0.29166,0.25861,-0.65347,0.66809,0.24444
0.098521,-0.75997,0.29191,0.35014,-0.61113,0.62538,0.33589
0.098574,-0.76451,0.29193,0.35014,-0.61113,0.62538,0.33589
0.098452,-0.76452,0.29169,0.25861,-0.65347,0.66809,0.24444
0.098403,-0.76452,0.29142,0.16181,-0.68251,0.6972,0.14802
0.098431,-0.76452,0.29115,0.061725,-0.69765,0.71212,0.048587
0.098535,-0.76452,0.29089,0.039622,0.69859,-0.71254,0.051838
0.098706,-0.76452,0.29068,0.14016,0.68531,-0.69846,0.15121
0.09893,-0.76452,0.29053,0.23785,0.65807,-0.67016,0.2475
0.099188,-0.76451,0.29044,0.33069,0.61744,-0.62821,0.33875
0.099461,-0.76451,0.29043,0.4168,0.56425,-0.57348,0.42311
0.099725,-0.76451,0.2905,0.49443,0.49956,-0.50707,0.49885
0.09996,-0.7645,0.29063,0.56199,0.42471,-0.43034,0.56444
0.10001,-0.76905,0.29066,0.56199,0.42471,-0.43034,0.56444
0.099778,-0.76905,0.29052,0.49443,0.49956,-0.50707,0.49885
0.099513,-0.76906,0.29045,0.4168,0.56425,-0.57348,0.42311
0.099241,-0.76906,0.29046,0.33069,0.61744,-0.62821,0.33875
0.098982,-0.76906,0.29055,0.23785,0.65807,-0.67016,0.2475
0.098759,-0.76906,0.29071,0.14016,0.68531,-0.69846,0.15121
0.098588,-0.76906,0.29092,0.039622,0.69859,-0.71254,0.051838
0.098484,-0.76906,0.29117,0.061725,-0.69765,0.71212,0.048587
0.098455,-0.76906,0.29144,0.16181,-0.68251,0.6972,0.14802
0.098504,-0.76906,0.29171,0.25861,-0.65347,0.66809,0.24444
0.098627,-0.76906,0.29195,0.35014,-0.61113,0.62538,0.33589
0.099493,-0.72361,0.289,0.56199,0.42471,-0.43034,0.56444
0.099259,-0.72361,0.28886,0.49443,0.49956,-0.50707,0.49885
0.098994,-0.72361,0.28879,0.4168,0.56425,-0.57348,0.42311
0.098722,-0.72362,0.2888,0.33069,0.61744,-0.62821,0.33875
0.098463,-0.72362,0.28889,0.23785,0.65807,-0.67016,0.2475
0.09824,-0.72362,0.28905,0.14016,0.68531,-0.69846,0.15121
0.098069,-0.72362,0.28926,0.039622,0.69859,-0.71254,0.051838
0.097965,-0.72362,0.28951,0.061725,-0.69765,0.71212,0.048587
0.097936,-0.72362,0.28978,0.16181,-0.68251,0.6972,0.14802
0.097985,-0.72362,0.29005,0.25861,-0.65347,0.66809,0.24444
0.098108,-0.72362,0.29029,0.35014,-0.61113,0.62538,0.33589
0.09816,-0.72816,0.29032,0.35014,-0.61113,0.62538,0.33589
0.098038,-0.72816,0.29007,0.25861,-0.65347,0.66809,0.24444
0.097989,-0.72817,0.28981,0.16181,-0.68251,0.6972,0.14802
0.098018,-0.72817,0.28954,0.061725,-0.69765,0.71212,0.048587
0.098121,-0.72817,0.28928,0.039622,0.69859,-0.71254,0.051838
0.098292,-0.72817,0.28907,0.14016,0.68531,-0.69846,0.15121
0.098516,-0.72816,0.28891,0.23785,0.65807,-0.67016,0.2475
0.098774,-0.72816,0.28883,0.33069,0.61744,-0.62821,0.33875
0.099047,-0.72816,0.28882,0.4168,0.56425,-0.57348,0.42311
0.099311,-0.72815,0.28888,0.49443,0.49956,-0.50707,0.49885
0.099546,-0.72815,0.28902,0.56199,0.42471,-0.43034,0.56444
0.099599,-0.7327,0.28905,0.56199,0.42471,-0.43034,0.56444
0.099364,-0.7327,0.28891,0.49443,0.49956,-0.50707,0.49885
0.0991,-0.7327,0.28884,0.4168,0.56425,-0.57348,0.42311
0.098827,-0.73271,0.28885,0.33069,0.61744,-0.62821,0.33875
0.098569,-0.73271,0.28894,0.23785,0.65807,-0.67016,0.2475
0.098345,-0.73271,0.2891,0.14016,0.68531,-0.69846,0.15121
0.098174,-0.73271,0.28931,0.039622,0.69859,-0.71254,0.051838
0.09807,-0.73271,0.28956,0.061725,-0.69765,0.71212,0.048587
0.098042,-0.73271,0.28983,0.16181,-0.68251,0.6972,0.14802
0.098091,-0.73271,0.2901,0.25861,-0.65347,0.66809,0.24444
0.098213,-0.73271,0.29034,0.35014,-0.61113,0.62538,0.33589
0.098266,-0.73725,0.29037,0.35014,-0.61113,0.62538,0.33589
0.098143,-0.73725,0.29012,0.25861,-0.65347,0.66809,0.24444
0.098094,-0.73726,0.28986,0.16181,-0.68251,0.6972,0.14802
0.098123,-0.73726,0.28958,0.061725,-0.69765,0.71212,0.048587
0.098227,-0.73726,0.28933,0.039622,0.69859,-0.71254,0.051838
0.098398,-0.73726,0.28912,0.14016,0.68531,-0.69846,0.15121
0.098621,-0.73725,0.28896,0.23785,0.65807,-0.67016,0.2475
0.09888,-0.73725,0.28888,0.33069,0.61744,-0.62821,0.33875
0.099152,-0.73725,0.28887,0.4168,0.56425,-0.57348,0.42311
0.099417,-0.73725,0.28893,0.49443,0.49956,-0.50707,0.49885
0.099651,-0.73724,0.28907,0.56199,0.42471,-0.43034,0.56444
0.099704,-0.74179,0.2891,0.56199,0.42471,-0.43034,0.56444
0.099469,-0.74179,0.28896,0.49443,0.49956,-0.50707,0.49885
0.099205,-0.74179,0.28889,0.4168,0.56425,-0.57348,0.42311
0.098932,-0.7418,0.2889,0.33069,0.61744,-0.62821,0.33875
0.098674,-0.7418,0.28899,0.23785,0.65807,-0.67016,0.2475
0.09845,-0.7418,0.28914,0.14016,0.68531,-0.69846,0.15121
0.098279,-0.7418,0.28936,0.039622,0.69859,-0.71254,0.051838
0.098176,-0.7418,0.28961,0.061725,-0.69765,0.71212,0.048587
0.098147,-0.7418,0.28988,0.16181,-0.68251,0.6972,0.14802
0.098196,-0.7418,0.29015,0.25861,-0.65347,0.66809,0.24444
0.098318,-0.7418,0.29039,0.35014,-0.61113,0.62538,0.33589
0.098371,-0.74634,0.29042,0.35014,-0.61113,0.62538,0.33589
0.098249,-0.74634,0.29017,0.25861,-0.65347,0.66809,0.24444
0.0982,-0.74635,0.28991,0.16181,-0.68251,0.6972,0.14802
0.098228,-0.74635,0.28963,0.061725,-0.69765,0.71212,0.048587
0.098332,-0.74635,0.28938,0.039622,0.69859,-0.71254,0.051838
0.098503,-0.74635,0.28917,0.14016,0.68531,-0.69846,0.15121
0.098727,-0.74634,0.28901,0.23785,0.65807,-0.67016,0.2475
0.098985,-0.74634,0.28893,0.33069,0.61744,-0.62821,0.33875
0.099258,-0.74634,0.28892,0.4168,0.56425,-0.57348,0.42311
0.099522,-0.74634,0.28898,0.49443,0.49956,-0.50707,0.49885
0.099757,-0.74633,0.28912,0.56199,0.42471,-0.43034,0.56444
0.099809,-0.75088,0.28915,0.56199,0.42471,-0.43034,0.56444
0.099575,-0.75088,0.28901,0.49443,0.49956,-0.50707,0.49885
0.09931,-0.75088,0.28894,0.4168,0.56425,-0.57348,0.42311
0.099038,-0.75089,0.28895,0.33069,0.61744,-0.62821,0.33875
0.098779,-0.75089,0.28904,0.23785,0.65807,-0.67016,0.2475
0.098556,-0.75089,0.28919,0.14016,0.68531,-0.69846,0.15121
0.098385,-0.75089,0.28941,0.039622,0.69859,-0.71254,0.051838
0.098281,-0.75089,0.28966,0.061725,-0.69765,0.71212,0.048587
0.098252,-0.75089,0.28993,0.16181,-0.68251,0.6972,0.14802
0.098301,-0.75089,0.2902,0.25861,-0.65347,0.66809,0.24444
0.098424,-0.75089,0.29044,0.35014,-0.61113,0.62538,0.33589
0.098476,-0.75543,0.29047,0.35014,-0.61113,0.62538,0.33589
0.098354,-0.75543,0.29022,0.25861,-0.65347,0.66809,0.24444
0.098305,-0.75544,0.28995,0.16181,-0.68251,0.6972,0.14802
0.098334,-0.75544,0.28968,0.061725,-0.69765,0.71212,0.048587
0.098437,-0.75544,0.28943,0.039622,0.69859,-0.71254,0.051838
0.098608,-0.75544,0.28922,0.14016,0.68531,-0.69846,0.15121
0.098832,-0.75543,0.28906,0.23785,0.65807,-0.67016,0.2475
0.09909,-0.75543,0.28898,0.33069,0.61744,-0.62821,0.33875
0.099363,-0.75543,0.28897,0.4168,0.56425,-0.57348,0.42311
0.099627,-0.75543,0.28903,0.49443,0.49956,-0.50707,0.49885
0.099862,-0.75542,0.28917,0.56199,0.42471,-0.43034,0.56444
0.099915,-0.75997,0.2892,0.56199,0.42471,-0.43034,0.56444
0.09968,-0.75997,0.28906,0.49443,0.49956,-0.50707,0.49885
0.099416,-0.75997,0.28899,0.4168,0.56425,-0.57348,0.42311
0.099143,-0.75998,0.289,0.33069,0.61744,-0.62821,0.33875
0.098885,-0.75998,0.28909,0.23785,0.65807,-0.67016,0.2475
0.098661,-0.75998,0.28924,0.14016,0.68531,-0.69846,0.15121
0.09849,-0.75998,0.28946,0.039622,0.69859,-0.71254,0.051838
0.098386,-0.75998,0.28971,0.061725,-0.69765,0.71212,0.048587
0.098358,-0.75998,0.28998,0.16181,-0.68251,0.6972,0.14802
0.098407,-0.75998,0.29025,0.25861,-0.65347,0.66809,0.24444
0.098529,-0.75998,0.29049,0.35014,-0.61113,0.62538,0.33589
0.098582,-0.76452,0.29052,0.35014,-0.61113,0.62538,0.33589
0.098459,-0.76452,0.29027,0.25861,-0.65347,0.66809,0.24444
0.09841,-0.76453,0.29,0.16181,-0.68251,0.6972,0.14802
0.098439,-0.76453,0.28973,0.061725,-0.69765,0.71212,0.048587
0.098543,-0.76453,0.28948,0.039622,0.69859,-0.71254,0.051838
0.098713,-0.76453,0.28927,0.14016,0.68531,-0.69846,0.15121
0.098937,-0.76452,0.28911,0.23785,0.65807,-0.67016,0.2475
0.099196,-0.76452,0.28903,0.33069,0.61744,-0.62821,0.33875
0.099468,-0.76452,0.28902,0.4168,0.56425,-0.57348,0.42311
0.099733,-0.76452,0.28908,0.49443,0.49956,-0.50707,0.49885
0.099967,-0.76451,0.28922,0.56199,0.42471,-0.43034,0.56444
0.10002,-0.76906,0.28925,0.56199,0.42471,-0.43034,0.56444
0.099785,-0.76906,0.28911,0.49443,0.49956,-0.50707,0.49885
0.099521,-0.76906,0.28904,0.4168,0.56425,-0.57348,0.42311
0.099248,-0.76907,0.28905,0.33069,0.61744,-0.62821,0.33875
0.09899,-0.76907,0.28914,0.23785,0.65807,-0.67016,0.2475
0.098766,-0.76907,0.28929,0.14016,0.68531,-0.69846,0.15121
0.098595,-0.76907,0.28951,0.039622,0.69859,-0.71254,0.051838
0.098492,-0.76907,0.28976,0.061725,-0.69765,0.71212,0.048587
0.098463,-0.76907,0.29003,0.16181,-0.68251,0.6972,0.14802
0.098512,-0.76907,0.2903,0.25861,-0.65347,0.66809,0.24444
0.098634,-0.76907,0.29054,0.35014,-0.61113,0.62538,0.33589
