0.1009,-0.70327,0.30703,0.35066,0.61182,-0.61102,0.35967
0.10089,-0.70327,0.30703,0.26002,0.6555,-0.65599,0.26905
0.10089,-0.70327,0.30703,0.16409,0.68583,-0.68761,0.17296
0.10089,-0.70327,0.30703,0.064812,0.7022,-0.70522,0.073341
0.10089,-0.70327,0.30703,0.035781,-0.70428,0.70848,0.02777
0.10089,-0.70327,0.30703,0.13565,-0.69202,0.69732,0.12831
0.10088,-0.70327,0.30703,0.23275,-0.66567,0.67196,0.22625
0.10088,-0.70327,0.30703,0.32511,-0.62577,0.63292,0.31957
0.10088,-0.70327,0.30703,0.41086,-0.57313,0.581,0.4064
0.10088,-0.70327,0.30703,0.48824,-0.50882,0.51725,0.48494
0.10088,-0.70327,0.30704,0.55569,-0.43416,0.44297,0.55362
0.10093,-0.70781,0.30706,0.55569,-0.43416,0.44297,0.55362
0.10093,-0.70781,0.30706,0.48824,-0.50882,0.51725,0.48494
0.10094,-0.70781,0.30706,0.41086,-0.57313,0.581,0.4064
0.10094,-0.70781,0.30706,0.32511,-0.62577,0.63292,0.31957
0.10094,-0.70781,0.30705,0.23275,-0.66567,0.67196,0.22625
0.10094,-0.70781,0.30705,0.13565,-0.69202,0.69732,0.12831
0.10094,-0.70781,0.30705,0.035781,-0.70428,0.70848,0.02777
0.10094,-0.70781,0.30705,0.064812,0.7022,-0.70522,0.073341
0.10095,-0.70781,0.30705,0.16409,0.68583,-0.68761,0.17296
0.10095,-0.70781,0.30705,0.26002,0.6555,-0.65599,0.26905
0.10095,-0.70781,0.30706,0.35066,0.61182,-0.61102,0.35967
0.101,-0.71236,0.30708,0.35066,0.61182,-0.61102,0.35967
0.101,-0.71236,0.30708,0.26002,0.6555,-0.65599,0.26905
0.101,-0.71236,0.30708,0.16409,0.68583,-0.68761,0.17296
0.101,-0.71236,0.30708,0.064812,0.7022,-0.70522,0.073341
0.10099,-0.71236,0.30708,0.035781,-0.70428,0.70848,0.02777
0.10099,-0.71236,0.30708,0.13565,-0.69202,0.69732,0.12831
0.10099,-0.71236,0.30708,0.23275,-0.66567,0.67196,0.22625
0.10099,-0.71236,0.30708,0.32511,-0.62577,0.63292,0.31957
0.10099,-0.71236,0.30708,0.41086,-0.57313,0.581,0.4064
0.10099,-0.71236,0.30708,0.48824,-0.50882,0.51725,0.48494
0.10099,-0.71236,0.30709,0.55569,-0.43416,0.44297,0.55362
0.10104,-0.7169,0.30711,0.55569,-0.43416,0.44297,0.55362
0.10104,-0.7169,0.30711,0.48824,-0.50882,0.51725,0.48494
0.10104,-0.7169,0.30711,0.41086,-0.57313,0.581,0.4064
0.10104,-0.7169,0.30711,0.32511,-0.62577,0.63292,0.31957
0.10104,-0.7169,0.3071,0.23275,-0.66567,0.67196,0.22625
0.10104,-0.7169,0.3071,0.13565,-0.69202,0.69732,0.12831
0.10105,-0.7169,0.3071,0.035781,-0.70428,0.70848,0.02777
0.10105,-0.7169,0.3071,0.064812,0.7022,-0.70522,0.073341
0.10105,-0.7169,0.3071,0.16409,0.68583,-0.68761,0.17296
0.10105,-0.7169,0.3071,0.26002,0.6555,-0.65599,0.26905
0.10105,-0.7169,0.30711,0.35066,0.61182,-0.61102,0.35967
0.10111,-0.72145,0.30713,0.35066,0.61182,-0.61102,0.35967
0.10111,-0.72145,0.30713,0.26002,0.6555,-0.65599,0.26905
0.1011,-0.72145,0.30713,0.16409,0.68583,-0.68761,0.17296
0.1011,-0.72145,0.30713,0.064812,0.7022,-0.70522,0.073341
0.1011,-0.72145,0.30713,0.035781,-0.70428,0.70848,0.02777
0.1011,-0.72145,0.30713,0.13565,-0.69202,0.69732,0.12831
0.1011,-0.72145,0.30713,0.23275,-0.66567,0.67196,0.22625
0.10109,-0.72145,0.30713,0.32511,-0.62577,0.63292,0.31957
0.10109,-0.72145,0.30713,0.41086,-0.57313,0.581,0.4064
0.10109,-0.72145,0.30713,0.48824,-0.50882,0.51725,0.48494
0.10109,-0.72145,0.30714,0.55569,-0.43416,0.44297,0.55362
0.10115,-0.72599,0.30716,0.55569,-0.43416,0.44297,0.55362
0.10115,-0.72599,0.30716,0.48824,-0.50882,0.51725,0.48494
0.10115,-0.72599,0.30716,0.41086,-0.57313,0.581,0.4064
0.10115,-0.72599,0.30715,0.32511,-0.62577,0.63292,0.31957
0.10115,-0.72599,0.30715,0.23275,-0.66567,0.67196,0.22625
0.10115,-0.72599,0.30715,0.13565,-0.69202,0.69732,0.12831
0.10115,-0.72599,0.30715,0.035781,-0.70428,0.70848,0.02777
0.10115,-0.72599,0.30715,0.064812,0.7022,-0.70522,0.073341
0.10116,-0.72599,0.30715,0.16409,0.68583,-0.68761,0.17296
0.10116,-0.72599,0.30715,0.26002,0.6555,-0.65599,0.26905
0.10116,-0.72599,0.30716,0.35066,0.61182,-0.61102,0.35967
0.10121,-0.73054,0.30718,0.35066,0.61182,-0.61102,0.35967
0.10121,-0.73054,0.30718,0.26002,0.6555,-0.65599,0.26905
0.10121,-0.73054,0.30718,0.16409,0.68583,-0.68761,0.17296
0.10121,-0.73054,0.30718,0.064812,0.7022,-0.70522,0.073341
0.1012,-0.73054,0.30718,0.035781,-0.70428,0.70848,0.02777
0.1012,-0.73054,0.30718,0.13565,-0.69202,0.69732,0.12831
0.1012,-0.73054,0.30718,0.23275,-0.66567,0.67196,0.22625
0.1012,-0.73054,0.30718,0.32511,-0.62577,0.63292,0.31957
0.1012,-0.73054,0.30718,0.41086,-0.57313,0.581,0.4064
0.1012,-0.73054,0.30718,0.48824,-0.50882,0.51725,0.48494
0.1012,-0.73054,0.30719,0.55569,-0.43416,0.44297,0.55362
0.10125,-0.73508,0.30721,0.55569,-0.43416,0.44297,0.55362
0.10125,-0.73508,0.30721,0.48824,-0.50882,0.51725,0.48494
0.10125,-0.73508,0.30721,0.41086,-0.57313,0.581,0.4064
0.10125,-0.73508,0.3072,0.32511,-0.62577,0.63292,0.31957
0.10125,-0.73508,0.3072,0.23275,-0.66567,0.67196,0.22625
0.10126,-0.73508,0.3072,0.13565,-0.69202,0.69732,0.12831
0.10126,-0.73508,0.3072,0.035781,-0.70428,0.70848,0.02777
0.10126,-0.73508,0.3072,0.064812,0.7022,-0.70522,0.073341
0.10126,-0.73508,0.3072,0.16409,0.68583,-0.68761,0.17296
0.10126,-0.73508,0.3072,0.26002,0.6555,-0.65599,0.26905
0.10126,-0.73508,0.3072,0.35066,0.61182,-0.61102,0.35967
0.10132,-0.73963,0.30723,0.35066,0.61182,-0.61102,0.35967
0.10132,-0.73963,0.30723,0.26002,0.6555,-0.65599,0.26905
0.10131,-0.73963,0.30723,0.16409,0.68583,-0.68761,0.17296
0.10131,-0.73963,0.30723,0.064812,0.7022,-0.70522,0.073341
0.10131,-0.73963,0.30723,0.035781,-0.70428,0.70848,0.02777
0.10131,-0.73963,0.30723,0.13565,-0.69202,0.69732,0.12831
0.10131,-0.73963,0.30723,0.23275,-0.66567,0.67196,0.22625
0.1013,-0.73963,0.30723,0.32511,-0.62577,0.63292,0.31957
0.1013,-0.73963,0.30723,0.41086,-0.57313,0.581,0.4064
0.1013,-0.73963,0.30723,0.48824,-0.50882,0.51725,0.48494
0.1013,-0.73963,0.30723,0.55569,-0.43416,0.44297,0.55362
0.10136,-0.74417,0.30726,0.55569,-0.43416,0.44297,0.55362
0.10136,-0.74417,0.30726,0.48824,-0.50882,0.51725,0.48494
0.10136,-0.74417,0.30725,0.41086,-0.57313,0.581,0.4064
0.10136,-0.74417,0.30725,0.32511,-0.62577,0.63292,0.31957
0.10136,-0.74417,0.30725,0.23275,-0.66567,0.67196,0.22625
0.10136,-0.74417,0.30725,0.13565,-0.69202,0.69732,0.12831
0.10136,-0.74417,0.30725,0.035781,-0.70428,0.70848,0.02777
0.10136,-0.74417,0.30725,0.064812,0.7022,-0.70522,0.073341
0.10137,-0.74417,0.30725,0.16409,0.68583,-0.68761,0.17296
0.10137,-0.74417,0.30725,0.26002,0.6555,-0.65599,0.26905
0.10137,-0.74417,0.30725,0.35066,0.61182,-0.61102,0.35967
0.10142,-0.74872,0.30728,0.35066,0.61182,-0.61102,0.35967
0.10142,-0.74872,0.30728,0.26002,0.6555,-0.65599,0.26905
0.10142,-0.74872,0.30728,0.16409,0.68583,-0.68761,0.17296
0.10142,-0.74872,0.30727,0.064812,0.7022,-0.70522,0.073341
0.10142,-0.74872,0.30727,0.035781,-0.70428,0.70848,0.02777
0.10141,-0.74872,0.30728,0.13565,-0.69202,0.69732,0.12831
0.10141,-0.74872,0.30728,0.23275,-0.66567,0.67196,0.22625
0.10141,-0.74872,0.30728,0.32511,-0.62577,0.63292,0.31957
0.10141,-0.74872,0.30728,0.41086,-0.57313,0.581,0.4064
0.10141,-0.74872,0.30728,0.48824,-0.50882,0.51725,0.48494
0.10141,-0.74872,0.30728,0.55569,-0.43416,0.44297,0.55362
0.1009,-0.70327,0.30562,0.35066,0.61182,-0.61102,0.35967
0.1009,-0.70327,0.30562,0.26002,0.6555,-0.65599,0.26905
0.1009,-0.70327,0.30561,0.16409,0.68583,-0.68761,0.17296
0.1009,-0.70327,0.30561,0.064812,0.7022,-0.70522,0.073341
0.1009,-0.70327,0.30561,0.035781,-0.70428,0.70848,0.02777
0.10089,-0.70327,0.30561,0.13565,-0.69202,0.69732,0.12831
0.10089,-0.70327,0.30562,0.23275,-0.66567,0.67196,0.22625
0.10089,-0.70327,0.30562,0.32511,-0.62577,0.63292,0.31957
0.10089,-0.70327,0.30562,0.41086,-0.57313,0.581,0.4064
0.10089,-0.70327,0.30562,0.48824,-0.50882,0.51725,0.48494
0.10089,-0.70327,0.30562,0.55569,-0.43416,0.44297,0.55362
0.10094,-0.70782,0.30565,0.55569,-0.43416,0.44297,0.55362
0.10094,-0.70782,0.30565,0.48824,-0.50882,0.51725,0.48494
0.10094,-0.70782,0.30564,0.41086,-0.57313,0.581,0.4064
0.10094,-0.70782,0.30564,0.32511,-0.62577,0.63292,0.31957
0.10095,-0.70782,0.30564,0.23275,-0.66567,0.67196,0.22625
0.10095,-0.70782,0.30564,0.13565,-0.69202,0.69732,0.12831
0.10095,-0.70782,0.30564,0.035781,-0.70428,0.70848,0.02777
0.10095,-0.70782,0.30564,0.064812,0.7022,-0.70522,0.073341
0.10095,-0.70782,0.30564,0.16409,0.68583,-0.68761,0.17296
0.10095,-0.70782,0.30564,0.26002,0.6555,-0.65599,0.26905
0.10096,-0.70782,0.30564,0.35066,0.61182,-0.61102,0.35967
0.10101,-0.71236,0.30567,0.35066,0.61182,-0.61102,0.35967
0.10101,-0.71236,0.30567,0.26002,0.6555,-0.65599,0.26905
0.10101,-0.71236,0.30566,0.16409,0.68583,-0.68761,0.17296
0.101,-0.71236,0.30566,0.064812,0.7022,-0.70522,0.073341
0.101,-0.71236,0.30566,0.035781,-0.70428,0.70848,0.02777
0.101,-0.71236,0.30566,0.13565,-0.69202,0.69732,0.12831
0.101,-0.71236,0.30566,0.23275,-0.66567,0.67196,0.22625
0.101,-0.71236,0.30567,0.32511,-0.62577,0.63292,0.31957
0.101,-0.71236,0.30567,0.41086,-0.57313,0.581,0.4064
0.10099,-0.71236,0.30567,0.48824,-0.50882,0.51725,0.48494
0.101,-0.71236,0.30567,0.55569,-0.43416,0.44297,0.55362
0.10105,-0.71691,0.3057,0.55569,-0.43416,0.44297,0.55362
0.10105,-0.71691,0.30569,0.48824,-0.50882,0.51725,0.48494
0.10105,-0.71691,0.30569,0.41086,-0.57313,0.581,0.4064
0.10105,-0.71691,0.30569,0.32511,-0.62577,0.63292,0.31957
0.10105,-0.71691,0.30569,0.23275,-0.66567,0.67196,0.22625
0.10105,-0.71691,0.30569,0.13565,-0.69202,0.69732,0.12831
0.10105,-0.71691,0.30569,0.035781,-0.70428,0.70848,0.02777
0.10106,-0.71691,0.30569,0.064812,0.7022,-0.70522,0.073341
0.10106,-0.71691,0.30569,0.16409,0.68583,-0.68761,0.17296
0.10106,-0.71691,0.30569,0.26002,0.6555,-0.65599,0.26905
0.10106,-0.71691,0.30569,0.35066,0.61182,-0.61102,0.35967
0.10111,-0.72145,0.30572,0.35066,0.61182,-0.61102,0.35967
0.10111,-0.72145,0.30571,0.26002,0.6555,-0.65599,0.26905
0.10111,-0.72145,0.30571,0.16409,0.68583,-0.68761,0.17296
0.10111,-0.72145,0.30571,0.064812,0.7022,-0.70522,0.073341
0.10111,-0.72145,0.30571,0.035781,-0.70428,0.70848,0.02777
0.1011,-0.72145,0.30571,0.13565,-0.69202,0.69732,0.12831
0.1011,-0.72145,0.30571,0.23275,-0.66567,0.67196,0.22625
0.1011,-0.72145,0.30572,0.32511,-0.62577,0.63292,0.31957
0.1011,-0.72145,0.30572,0.41086,-0.57313,0.581,0.4064
0.1011,-0.72145,0.30572,0.48824,-0.50882,0.51725,0.48494
0.1011,-0.72145,0.30572,0.55569,-0.43416,0.44297,0.55362
0.10115,-0.726,0.30575,0.55569,-0.43416,0.44297,0.55362
0.10115,-0.726,0.30574,0.48824,-0.50882,0.51725,0.48494
0.10115,-0.726,0.30574,0.41086,-0.57313,0.581,0.4064
0.10115,-0.726,0.30574,0.32511,-0.62577,0.63292,0.31957
0.10116,-0.726,0.30574,0.23275,-0.66567,0.67196,0.22625
0.10116,-0.726,0.30574,0.13565,-0.69202,0.69732,0.12831
0.10116,-0.726,0.30574,0.035781,-0.70428,0.70848,0.02777
0.10116,-0.726,0.30574,0.064812,0.7022,-0.70522,0.073341
0.10116,-0.726,0.30574,0.16409,0.68583,-0.68761,0.17296
0.10117,-0.726,0.30574,0.26002,0.6555,-0.65599,0.26905
0.10117,-0.726,0.30574,0.35066,0.61182,-0.61102,0.35967
0.10122,-0.73054,0.30577,0.35066,0.61182,-0.61102,0.35967
0.10122,-0.73054,0.30576,0.26002,0.6555,-0.65599,0.26905
0.10122,-0.73054,0.30576,0.16409,0.68583,-0.68761,0.17296
0.10121,-0.73054,0.30576,0.064812,0.7022,-0.70522,0.073341
0.10121,-0.73054,0.30576,0.035781,-0.70428,0.70848,0.02777
0.10121,-0.73054,0.30576,0.13565,-0.69202,0.69732,0.12831
0.10121,-0.73054,0.30576,0.23275,-0.66567,0.67196,0.22625
0.10121,-0.73054,0.30576,0.32511,-0.62577,0.63292,0.31957
0.10121,-0.73054,0.30577,0.41086,-0.57313,0.581,0.4064
0.10121,-0.73054,0.30577,0.48824,-0.50882,0.51725,0.48494
0.10121,-0.73054,0.30577,0.55569,-0.43416,0.44297,0.55362
0.10126,-0.73509,0.3058,0.55569,-0.43416,0.44297,0.55362
0.10126,-0.73509,0.30579,0.48824,-0.50882,0.51725,0.48494
0.10126,-0.73509,0.30579,0.41086,-0.57313,0.581,0.4064
0.10126,-0.73509,0.30579,0.32511,-0.62577,0.63292,0.31957
0.10126,-0.73509,0.30579,0.23275,-0.66567,0.67196,0.22625
0.10126,-0.73509,0.30579,0.13565,-0.69202,0.69732,0.12831
0.10126,-0.73509,0.30579,0.035781,-0.70428,0.70848,0.02777
0.10127,-0.73509,0.30579,0.064812,0.7022,-0.70522,0.073341
0.10127,-0.73509,0.30579,0.16409,0.68583,-0.68761,0.17296
0.10127,-0.73509,0.30579,0.26002,0.6555,-0.65599,0.26905
0.10127,-0.73509,0.30579,0.35066,0.61182,-0.61102,0.35967
0.10132,-0.73963,0.30581,0.35066,0.61182,-0.61102,0.35967
0.10132,-0.73963,0.30581,0.26002,0.6555,-0.65599,0.26905
0.10132,-0.73963,0.30581,0.16409,0.68583,-0.68761,0.17296
0.10132,-0.73963,0.30581,0.064812,0.7022,-0.70522,0.073341
0.10132,-0.73963,0.30581,0.035781,-0.70428,0.70848,0.02777
0.10132,-0.73963,0.30581,0.13565,-0.69202,0.69732,0.12831
0.10131,-0.73963,0.30581,0.23275,-0.66567,0.67196,0.22625
0.10131,-0.73963,0.30581,0.32511,-0.62577,0.63292,0.31957
0.10131,-0.73963,0.30582,0.41086,-0.57313,0.581,0.4064
0.10131,-0.73963,0.30582,0.48824,-0.50882,0.51725,0.48494
0.10131,-0.73963,0.30582,0.55569,-0.43416,0.44297,0.55362
0.10136,-0.74418,0.30584,0.55569,-0.43416,0.44297,0.55362
0.10136,-0.74418,0.30584,0.48824,-0.50882,0.51725,0.48494
0.10136,-0.74418,0.30584,0.41086,-0.57313,0.581,0.4064
0.10136,-0.74418,0.30584,0.32511,-0.62577,0.63292,0.31957
0.10137,-0.74418,0.30584,0.23275,-0.66567,0.67196,0.22625
0.10137,-0.74418,0.30584,0.13565,-0.69202,0.69732,0.12831
0.10137,-0.74418,0.30584,0.035781,-0.70428,0.70848,0.02777
0.10137,-0.74418,0.30584,0.064812,0.7022,-0.70522,0.073341
0.10137,-0.74418,0.30584,0.16409,0.68583,-0.68761,0.17296
0.10138,-0.74418,0.30584,0.26002,0.6555,-0.65599,0.26905
0.10138,-0.74418,0.30584,0.35066,0.61182,-0.61102,0.35967
0.10143,-0.74872,0.30586,0.35066,0.61182,-0.61102,0.35967
0.10143,-0.74872,0.30586,0.26002,0.6555,-0.65599,0.26905
0.10143,-0.74872,0.30586,0.16409,0.68583,-0.68761,0.17296
0.10142,-0.74872,0.30586,0.064812,0.7022,-0.70522,0.073341
0.10142,-0.74872,0.30586,0.035781,-0.70428,0.70848,0.02777
0.10142,-0.74872,0.30586,0.13565,-0.69202,0.69732,0.12831
0.10142,-0.74872,0.30586,0.23275,-0.66567,0.67196,0.22625
0.10142,-0.74872,0.30586,0.32511,-0.62577,0.63292,0.31957
0.10142,-0.74872,0.30587,0.41086,-0.57313,0.581,0.4064
0.10142,-0.74872,0.30587,0.48824,-0.50882,0.51725,0.48494
0.10142,-0.74872,0.30587,0.55569,-0.43416,0.44297,0.55362
0.10091,-0.70328,0.3042,0.35066,0.61182,-0.61102,0.35967
0.10091,-0.70328,0.3042,0.26002,0.6555,-0.65599,0.26905
0.10091,-0.70328,0.3042,0.16409,0.68583,-0.68761,0.17296
0.10091,-0.70328,0.3042,0.064812,0.7022,-0.70522,0.073341
0.1009,-0.70328,0.3042,0.035781,-0.70428,0.70848,0.02777
0.1009,-0.70328,0.3042,0.13565,-0.69202,0.69732,0.12831
0.1009,-0.70328,0.3042,0.23275,-0.66567,0.67196,0.22625
0.1009,-0.70328,0.3042,0.32511,-0.62577,0.63292,0.31957
0.1009,-0.70328,0.3042,0.41086,-0.57313,0.581,0.4064
0.1009,-0.70328,0.30421,0.48824,-0.50882,0.51725,0.48494
0.1009,-0.70328,0.30421,0.55569,-0.43416,0.44297,0.55362
0.10095,-0.70783,0.30423,0.55569,-0.43416,0.44297,0.55362
0.10095,-0.70783,0.30423,0.48824,-0.50882,0.51725,0.48494
0.10095,-0.70783,0.30423,0.41086,-0.57313,0.581,0.4064
0.10095,-0.70783,0.30423,0.32511,-0.62577,0.63292,0.31957
0.10095,-0.70783,0.30423,0.23275,-0.66567,0.67196,0.22625
0.10095,-0.70783,0.30422,0.13565,-0.69202,0.69732,0.12831
0.10096,-0.70783,0.30422,0.035781,-0.70428,0.70848,0.02777
0.10096,-0.70783,0.30422,0.064812,0.7022,-0.70522,0.073341
0.10096,-0.70783,0.30423,0.16409,0.68583,-0.68761,0.17296
0.10096,-0.70783,0.30423,0.26002,0.6555,-0.65599,0.26905
0.10096,-0.70783,0.30423,0.35066,0.61182,-0.61102,0.35967
0.10102,-0.71237,0.30425,0.35066,0.61182,-0.61102,0.35967
0.10101,-0.71237,0.30425,0.26002,0.6555,-0.65599,0.26905
0.10101,-0.71237,0.30425,0.16409,0.68583,-0.68761,0.17296
0.10101,-0.71237,0.30425,0.064812,0.7022,-0.70522,0.073341
0.10101,-0.71237,0.30425,0.035781,-0.70428,0.70848,0.02777
0.10101,-0.71237,0.30425,0.13565,-0.69202,0.69732,0.12831
0.10101,-0.71237,0.30425,0.23275,-0.66567,0.67196,0.22625
0.101,-0.71237,0.30425,0.32511,-0.62577,0.63292,0.31957
0.101,-0.71237,0.30425,0.41086,-0.57313,0.581,0.4064
0.101,-0.71237,0.30426,0.48824,-0.50882,0.51725,0.48494
0.101,-0.71237,0.30426,0.55569,-0.43416,0.44297,0.55362
0.10106,-0.71692,0.30428,0.55569,-0.43416,0.44297,0.55362
0.10106,-0.71692,0.30428,0.48824,-0.50882,0.51725,0.48494
0.10106,-0.71692,0.30428,0.41086,-0.57313,0.581,0.4064
0.10106,-0.71692,0.30428,0.32511,-0.62577,0.63292,0.31957
0.10106,-0.71692,0.30428,0.23275,-0.66567,0.67196,0.22625
0.10106,-0.71692,0.30427,0.13565,-0.69202,0.69732,0.12831
0.10106,-0.71692,0.30427,0.035781,-0.70428,0.70848,0.02777
0.10106,-0.71692,0.30427,0.064812,0.7022,-0.70522,0.073341
0.10107,-0.71692,0.30427,0.16409,0.68583,-0.68761,0.17296
0.10107,-0.71692,0.30428,0.26002,0.6555,-0.65599,0.26905
0.10107,-0.71692,0.30428,0.35066,0.61182,-0.61102,0.35967
0.10112,-0.72146,0.3043,0.35066,0.61182,-0.61102,0.35967
0.10112,-0.72146,0.3043,0.26002,0.6555,-0.65599,0.26905
0.10112,-0.72146,0.3043,0.16409,0.68583,-0.68761,0.17296
0.10112,-0.72146,0.3043,0.064812,0.7022,-0.70522,0.073341
0.10111,-0.72146,0.3043,0.035781,-0.70428,0.70848,0.02777
0.10111,-0.72146,0.3043,0.13565,-0.69202,0.69732,0.12831
0.10111,-0.72146,0.3043,0.23275,-0.66567,0.67196,0.22625
0.10111,-0.72146,0.3043,0.32511,-0.62577,0.63292,0.31957
0.10111,-0.72146,0.3043,0.41086,-0.57313,0.581,0.4064
0.10111,-0.72146,0.30431,0.48824,-0.50882,0.51725,0.48494
0.10111,-0.72146,0.30431,0.55569,-0.43416,0.44297,0.55362
0.10116,-0.72601,0.30433,0.55569,-0.43416,0.44297,0.55362
0.10116,-0.72601,0.30433,0.48824,-0.50882,0.51725,0.48494
0.10116,-0.72601,0.30433,0.41086,-0.57313,0.581,0.4064
0.10116,-0.72601,0.30433,0.32511,-0.62577,0.63292,0.31957
0.10116,-0.72601,0.30432,0.23275,-0.66567,0.67196,0.22625
0.10117,-0.72601,0.30432,0.13565,-0.69202,0.69732,0.12831
0.10117,-0.72601,0.30432,0.035781,-0.70428,0.70848,0.02777
0.10117,-0.72601,0.30432,0.064812,0.7022,-0.70522,0.073341
0.10117,-0.72601,0.30432,0.16409,0.68583,-0.68761,0.17296
0.10117,-0.72601,0.30433,0.26002,0.6555,-0.65599,0.26905
0.10117,-0.72601,0.30433,0.35066,0.61182,-0.61102,0.35967
0.10123,-0.73055,0.30435,0.35066,0.61182,-0.61102,0.35967
0.10123,-0.73055,0.30435,0.26002,0.6555,-0.65599,0.26905
0.10122,-0.73055,0.30435,0.16409,0.68583,-0.68761,0.17296
0.10122,-0.73055,0.30435,0.064812,0.7022,-0.70522,0.073341
0.10122,-0.73055,0.30435,0.035781,-0.70428,0.70848,0.02777
0.10122,-0.73055,0.30435,0.13565,-0.69202,0.69732,0.12831
0.10122,-0.73055,0.30435,0.23275,-0.66567,0.67196,0.22625
0.10121,-0.73055,0.30435,0.32511,-0.62577,0.63292,0.31957
0.10121,-0.73055,0.30435,0.41086,-0.57313,0.581,0.4064
0.10121,-0.73055,0.30435,0.48824,-0.50882,0.51725,0.48494
0.10121,-0.73055,0.30436,0.55569,-0.43416,0.44297,0.55362
0.10127,-0.7351,0.30438,0.55569,-0.43416,0.44297,0.55362
0.10127,-0.7351,0.30438,0.48824,-0.50882,0.51725,0.48494
0.10127,-0.7351,0.30438,0.41086,-0.57313,0.581,0.4064
0.10127,-0.7351,0.30438,0.32511,-0.62577,0.63292,0.31957
0.10127,-0.7351,0.30437,0.23275,-0.66567,0.67196,0.22625
0.10127,-0.7351,0.30437,0.13565,-0.69202,0.69732,0.12831
0.10127,-0.7351,0.30437,0.035781,-0.70428,0.70848,0.02777
0.10127,-0.7351,0.30437,0.064812,0.7022,-0.70522,0.073341
0.10128,-0.7351,0.30437,0.16409,0.68583,-0.68761,0.17296
0.10128,-0.7351,0.30437,0.26002,0.6555,-0.65599,0.26905
0.10128,-0.7351,0.30438,0.35066,0.61182,-0.61102,0.35967
0.10133,-0.73964,0.3044,0.35066,0.61182,-0.61102,0.35967
0.10133,-0.73964,0.3044,0.26002,0.6555,-0.65599,0.26905
0.10133,-0.73964,0.3044,0.16409,0.68583,-0.68761,0.17296
0.10133,-0.73964,0.3044,0.064812,0.7022,-0.70522,0.073341
0.10133,-0.73964,0.3044,0.035781,-0.70428,0.70848,0.02777
0.10132,-0.73964,0.3044,0.13565,-0.69202,0.69732,0.12831
0.10132,-0.73964,0.3044,0.23275,-0.66567,0.67196,0.22625
0.10132,-0.73964,0.3044,0.32511,-0.62577,0.63292,0.31957
0.10132,-0.73964,0.3044,0.41086,-0.57313,0.581,0.4064
0.10132,-0.73964,0.3044,0.48824,-0.50882,0.51725,0.48494
0.10132,-0.73964,0.30441,0.55569,-0.43416,0.44297,0.55362
0.10137,-0.74419,0.30443,0.55569,-0.43416,0.44297,0.55362
0.10137,-0.74419,0.30443,0.48824,-0.50882,0.51725,0.48494
0.10137,-0.74419,0.30443,0.41086,-0.57313,0.581,0.4064
0.10137,-0.74419,0.30442,0.32511,-0.62577,0.63292,0.31957
0.10137,-0.74419,0.30442,0.23275,-0.66567,0.67196,0.22625
0.10138,-0.74419,0.30442,0.13565,-0.69202,0.69732,0.12831
0.10138,-0.74419,0.30442,0.035781,-0.70428,0.70848,0.02777
0.10138,-0.74419,0.30442,0.064812,0.7022,-0.70522,0.073341
0.10138,-0.74419,0.30442,0.16409,0.68583,-0.68761,0.17296
0.10138,-0.74419,0.30442,0.26002,0.6555,-0.65599,0.26905
0.10138,-0.74419,0.30443,0.35066,0.61182,-0.61102,0.35967
0.10144,-0.74873,0.30445,0.35066,0.61182,-0.61102,0.35967
0.10144,-0.74873,0.30445,0.26002,0.6555,-0.65599,0.26905
0.10143,-0.74873,0.30445,0.16409,0.68583,-0.68761,0.17296
0.10143,-0.74873,0.30445,0.064812,0.7022,-0.70522,0.073341
0.10143,-0.74873,0.30445,0.035781,-0.70428,0.70848,0.02777
0.10143,-0.74873,0.30445,0.13565,-0.69202,0.69732,0.12831
0.10143,-0.74873,0.30445,0.23275,-0.66567,0.67196,0.22625
0.10143,-0.74873,0.30445,0.32511,-0.62577,0.63292,0.31957
0.10142,-0.74873,0.30445,0.41086,-0.57313,0.581,0.4064
0.10142,-0.74873,0.30445,0.48824,-0.50882,0.51725,0.48494
0.10142,-0.74873,0.30446,0.55569,-0.43416,0.44297,0.55362
0.10092,-0.70329,0.30279,0.35066,0.61182,-0.61102,0.35967
0.10092,-0.70329,0.30279,0.26002,0.6555,-0.65599,0.26905
0.10092,-0.70329,0.30279,0.16409,0.68583,-0.68761,0.17296
0.10091,-0.70329,0.30279,0.064812,0.7022,-0.70522,0.073341
0.10091,-0.70329,0.30279,0.035781,-0.70428,0.70848,0.02777
0.10091,-0.70329,0.30279,0.13565,-0.69202,0.69732,0.12831
0.10091,-0.70329,0.30279,0.23275,-0.66567,0.67196,0.22625
0.10091,-0.70329,0.30279,0.32511,-0.62577,0.63292,0.31957
0.10091,-0.70329,0.30279,0.41086,-0.57313,0.581,0.4064
0.1009,-0.70329,0.30279,0.48824,-0.50882,0.51725,0.48494
0.1009,-0.70329,0.30279,0.55569,-0.43416,0.44297,0.55362
0.10096,-0.70783,0.30282,0.55569,-0.43416,0.44297,0.55362
0.10096,-0.70783,0.30282,0.48824,-0.50882,0.51725,0.48494
0.10096,-0.70783,0.30281,0.41086,-0.57313,0.581,0.4064
0.10096,-0.70783,0.30281,0.32511,-0.62577,0.63292,0.31957
0.10096,-0.70783,0.30281,0.23275,-0.66567,0.67196,0.22625
0.10096,-0.70783,0.30281,0.13565,-0.69202,0.69732,0.12831
0.10096,-0.70783,0.30281,0.035781,-0.70428,0.70848,0.02777
0.10097,-0.70783,0.30281,0.064812,0.7022,-0.70522,0.073341
0.10097,-0.70783,0.30281,0.16409,0.68583,-0.68761,0.17296
0.10097,-0.70783,0.30281,0.26002,0.6555,-0.65599,0.26905
0.10097,-0.70783,0.30281,0.35066,0.61182,-0.61102,0.35967
0.10102,-0.71238,0.30284,0.35066,0.61182,-0.61102,0.35967
0.10102,-0.71238,0.30284,0.26002,0.6555,-0.65599,0.26905
0.10102,-0.71238,0.30284,0.16409,0.68583,-0.68761,0.17296
0.10102,-0.71238,0.30283,0.064812,0.7022,-0.70522,0.073341
0.10102,-0.71238,0.30283,0.035781,-0.70428,0.70848,0.02777
0.10101,-0.71238,0.30284,0.13565,-0.69202,0.69732,0.12831
0.10101,-0.71238,0.30284,0.23275,-0.66567,0.67196,0.22625
0.10101,-0.71238,0.30284,0.32511,-0.62577,0.63292,0.31957
0.10101,-0.71238,0.30284,0.41086,-0.57313,0.581,0.4064
0.10101,-0.71238,0.30284,0.48824,-0.50882,0.51725,0.48494
0.10101,-0.71238,0.30284,0.55569,-0.43416,0.44297,0.55362
0.10106,-0.71692,0.30287,0.55569,-0.43416,0.44297,0.55362
0.10106,-0.71692,0.30287,0.48824,-0.50882,0.51725,0.48494
0.10106,-0.71692,0.30286,0.41086,-0.57313,0.581,0.4064
0.10106,-0.71692,0.30286,0.32511,-0.62577,0.63292,0.31957
0.10107,-0.71692,0.30286,0.23275,-0.66567,0.67196,0.22625
0.10107,-0.71692,0.30286,0.13565,-0.69202,0.69732,0.12831
0.10107,-0.71692,0.30286,0.035781,-0.70428,0.70848,0.02777
0.10107,-0.71692,0.30286,0.064812,0.7022,-0.70522,0.073341
0.10107,-0.71692,0.30286,0.16409,0.68583,-0.68761,0.17296
0.10107,-0.71692,0.30286,0.26002,0.6555,-0.65599,0.26905
0.10108,-0.71692,0.30286,0.35066,0.61182,-0.61102,0.35967
0.10113,-0.72147,0.30289,0.35066,0.61182,-0.61102,0.35967
0.10113,-0.72147,0.30289,0.26002,0.6555,-0.65599,0.26905
0.10113,-0.72147,0.30288,0.16409,0.68583,-0.68761,0.17296
0.10112,-0.72147,0.30288,0.064812,0.7022,-0.70522,0.073341
0.10112,-0.72147,0.30288,0.035781,-0.70428,0.70848,0.02777
0.10112,-0.72147,0.30288,0.13565,-0.69202,0.69732,0.12831
0.10112,-0.72147,0.30289,0.23275,-0.66567,0.67196,0.22625
0.10112,-0.72147,0.30289,0.32511,-0.62577,0.63292,0.31957
0.10112,-0.72147,0.30289,0.41086,-0.57313,0.581,0.4064
0.10112,-0.72147,0.30289,0.48824,-0.50882,0.51725,0.48494
0.10112,-0.72147,0.30289,0.55569,-0.43416,0.44297,0.55362
0.10117,-0.72601,0.30292,0.55569,-0.43416,0.44297,0.55362
0.10117,-0.72601,0.30292,0.48824,-0.50882,0.51725,0.48494
0.10117,-0.72601,0.30291,0.41086,-0.57313,0.581,0.4064
0.10117,-0.72601,0.30291,0.32511,-0.62577,0.63292,0.31957
0.10117,-0.72601,0.30291,0.23275,-0.66567,0.67196,0.22625
0.10117,-0.72601,0.30291,0.13565,-0.69202,0.69732,0.12831
0.10117,-0.72601,0.30291,0.035781,-0.70428,0.70848,0.02777
0.10118,-0.72601,0.30291,0.064812,0.7022,-0.70522,0.073341
0.10118,-0.72601,0.30291,0.16409,0.68583,-0.68761,0.17296
0.10118,-0.72601,0.30291,0.26002,0.6555,-0.65599,0.26905
0.10118,-0.72601,0.30291,0.35066,0.61182,-0.61102,0.35967
0.10123,-0.73056,0.30294,0.35066,0.61182,-0.61102,0.35967
0.10123,-0.73056,0.30294,0.26002,0.6555,-0.65599,0.26905
0.10123,-0.73056,0.30293,0.16409,0.68583,-0.68761,0.17296
0.10123,-0.73056,0.30293,0.064812,0.7022,-0.70522,0.073341
0.10123,-0.73056,0.30293,0.035781,-0.70428,0.70848,0.02777
0.10123,-0.73056,0.30293,0.13565,-0.69202,0.69732,0.12831
0.10122,-0.73056,0.30294,0.23275,-0.66567,0.67196,0.22625
0.10122,-0.73056,0.30294,0.32511,-0.62577,0.63292,0.31957
0.10122,-0.73056,0.30294,0.41086,-0.57313,0.581,0.4064
0.10122,-0.73056,0.30294,0.48824,-0.50882,0.51725,0.48494
0.10122,-0.73056,0.30294,0.55569,-0.43416,0.44297,0.55362
0.10127,-0.7351,0.30297,0.55569,-0.43416,0.44297,0.55362
0.10127,-0.7351,0.30297,0.48824,-0.50882,0.51725,0.48494
0.10127,-0.7351,0.30296,0.41086,-0.57313,0.581,0.4064
0.10127,-0.7351,0.30296,0.32511,-0.62577,0.63292,0.31957
0.10128,-0.7351,0.30296,0.23275,-0.66567,0.67196,0.22625
0.10128,-0.7351,0.30296,0.13565,-0.69202,0.69732,0.12831
0.10128,-0.7351,0.30296,0.035781,-0.70428,0.70848,0.02777
0.10128,-0.7351,0.30296,0.064812,0.7022,-0.70522,0.073341
0.10128,-0.7351,0.30296,0.16409,0.68583,-0.68761,0.17296
0.10129,-0.7351,0.30296,0.26002,0.6555,-0.65599,0.26905
0.10129,-0.7351,0.30296,0.35066,0.61182,-0.61102,0.35967
0.10134,-0.73965,0.30299,0.35066,0.61182,-0.61102,0.35967
0.10134,-0.73965,0.30298,0.26002,0.6555,-0.65599,0.26905
0.10134,-0.73965,0.30298,0.16409,0.68583,-0.68761,0.17296
0.10133,-0.73965,0.30298,0.064812,0.7022,-0.70522,0.073341
0.10133,-0.73965,0.30298,0.035781,-0.70428,0.70848,0.02777
0.10133,-0.73965,0.30298,0.13565,-0.69202,0.69732,0.12831
0.10133,-0.73965,0.30298,0.23275,-0.66567,0.67196,0.22625
0.10133,-0.73965,0.30299,0.32511,-0.62577,0.63292,0.31957
0.10133,-0.73965,0.30299,0.41086,-0.57313,0.581,0.4064
0.10133,-0.73965,0.30299,0.48824,-0.50882,0.51725,0.48494
0.10133,-0.73965,0.30299,0.55569,-0.43416,0.44297,0.55362
0.10138,-0.74419,0.30302,0.55569,-0.43416,0.44297,0.55362
0.10138,-0.74419,0.30301,0.48824,-0.50882,0.51725,0.48494
0.10138,-0.74419,0.30301,0.41086,-0.57313,0.581,0.4064
0.10138,-0.74419,0.30301,0.32511,-0.62577,0.63292,0.31957
0.10138,-0.74419,0.30301,0.23275,-0.66567,0.67196,0.22625
0.10138,-0.74419,0.30301,0.13565,-0.69202,0.69732,0.12831
0.10139,-0.74419,0.30301,0.035781,-0.70428,0.70848,0.02777
0.10139,-0.74419,0.30301,0.064812,0.7022,-0.70522,0.073341
0.10139,-0.74419,0.30301,0.16409,0.68583,-0.68761,0.17296
0.10139,-0.74419,0.30301,0.26002,0.6555,-0.65599,0.26905
0.10139,-0.74419,0.30301,0.35066,0.61182,-0.61102,0.35967
0.10144,-0.74874,0.30304,0.35066,0.61182,-0.61102,0.35967
0.10144,-0.74874,0.30303,0.26002,0.6555,-0.65599,0.26905
0.10144,-0.74874,0.30303,0.16409,0.68583,-0.68761,0.17296
0.10144,-0.74874,0.30303,0.064812,0.7022,-0.70522,0.073341
0.10144,-0.74874,0.30303,0.035781,-0.70428,0.70848,0.02777
0.10144,-0.74874,0.30303,0.13565,-0.69202,0.69732,0.12831
0.10143,-0.74874,0.30303,0.23275,-0.66567,0.67196,0.22625
0.10143,-0.74874,0.30304,0.32511,-0.62577,0.63292,0.31957
0.10143,-0.74874,0.30304,0.41086,-0.57313,0.581,0.4064
0.10143,-0.74874,0.30304,0.48824,-0.50882,0.51725,0.48494
0.10143,-0.74874,0.30304,0.55569,-0.43416,0.44297,0.55362
0.10093,-0.7033,0.30137,0.35066,0.61182,-0.61102,0.35967
0.10092,-0.7033,0.30137,0.26002,0.6555,-0.65599,0.26905
0.10092,-0.7033,0.30137,0.16409,0.68583,-0.68761,0.17296
0.10092,-0.7033,0.30137,0.064812,0.7022,-0.70522,0.073341
0.10092,-0.7033,0.30137,0.035781,-0.70428,0.70848,0.02777
0.10092,-0.7033,0.30137,0.13565,-0.69202,0.69732,0.12831
0.10091,-0.7033,0.30137,0.23275,-0.66567,0.67196,0.22625
0.10091,-0.7033,0.30137,0.32511,-0.62577,0.63292,0.31957
0.10091,-0.7033,0.30138,0.41086,-0.57313,0.581,0.4064
0.10091,-0.7033,0.30138,0.48824,-0.50882,0.51725,0.48494
0.10091,-0.7033,0.30138,0.55569,-0.43416,0.44297,0.55362
0.10097,-0.70784,0.3014,0.55569,-0.43416,0.44297,0.55362
0.10096,-0.70784,0.3014,0.48824,-0.50882,0.51725,0.48494
0.10097,-0.70784,0.3014,0.41086,-0.57313,0.581,0.4064
0.10097,-0.70784,0.3014,0.32511,-0.62577,0.63292,0.31957
0.10097,-0.70784,0.3014,0.23275,-0.66567,0.67196,0.22625
0.10097,-0.70784,0.3014,0.13565,-0.69202,0.69732,0.12831
0.10097,-0.70784,0.3014,0.035781,-0.70428,0.70848,0.02777
0.10097,-0.70784,0.3014,0.064812,0.7022,-0.70522,0.073341
0.10098,-0.70784,0.3014,0.16409,0.68583,-0.68761,0.17296
0.10098,-0.70784,0.3014,0.26002,0.6555,-0.65599,0.26905
0.10098,-0.70784,0.3014,0.35066,0.61182,-0.61102,0.35967
0.10103,-0.71239,0.30142,0.35066,0.61182,-0.61102,0.35967
0.10103,-0.71239,0.30142,0.26002,0.6555,-0.65599,0.26905
0.10103,-0.71239,0.30142,0.16409,0.68583,-0.68761,0.17296
0.10103,-0.71239,0.30142,0.064812,0.7022,-0.70522,0.073341
0.10102,-0.71239,0.30142,0.035781,-0.70428,0.70848,0.02777
0.10102,-0.71239,0.30142,0.13565,-0.69202,0.69732,0.12831
0.10102,-0.71239,0.30142,0.23275,-0.66567,0.67196,0.22625
0.10102,-0.71239,0.30142,0.32511,-0.62577,0.63292,0.31957
0.10102,-0.71239,0.30143,0.41086,-0.57313,0.581,0.4064
0.10102,-0.71239,0.30143,0.48824,-0.50882,0.51725,0.48494
0.10102,-0.71239,0.30143,0.55569,-0.43416,0.44297,0.55362
0.10107,-0.71693,0.30145,0.55569,-0.43416,0.44297,0.55362
0.10107,-0.71693,0.30145,0.48824,-0.50882,0.51725,0.48494
0.10107,-0.71693,0.30145,0.41086,-0.57313,0.581,0.4064
0.10107,-0.71693,0.30145,0.32511,-0.62577,0.63292,0.31957
0.10107,-0.71693,0.30145,0.23275,-0.66567,0.67196,0.22625
0.10107,-0.71693,0.30145,0.13565,-0.69202,0.69732,0.12831
0.10108,-0.71693,0.30145,0.035781,-0.70428,0.70848,0.02777
0.10108,-0.71693,0.30145,0.064812,0.7022,-0.70522,0.073341
0.10108,-0.71693,0.30145,0.16409,0.68583,-0.68761,0.17296
0.10108,-0.71693,0.30145,0.26002,0.6555,-0.65599,0.26905
0.10108,-0.71693,0.30145,0.35066,0.61182,-0.61102,0.35967
0.10114,-0.72148,0.30147,0.35066,0.61182,-0.61102,0.35967
0.10114,-0.72148,0.30147,0.26002,0.6555,-0.65599,0.26905
0.10113,-0.72148,0.30147,0.16409,0.68583,-0.68761,0.17296
0.10113,-0.72148,0.30147,0.064812,0.7022,-0.70522,0.073341
0.10113,-0.72148,0.30147,0.035781,-0.70428,0.70848,0.02777
0.10113,-0.72148,0.30147,0.13565,-0.69202,0.69732,0.12831
0.10113,-0.72148,0.30147,0.23275,-0.66567,0.67196,0.22625
0.10112,-0.72148,0.30147,0.32511,-0.62577,0.63292,0.31957
0.10112,-0.72148,0.30147,0.41086,-0.57313,0.581,0.4064
0.10112,-0.72148,0.30148,0.48824,-0.50882,0.51725,0.48494
0.10112,-0.72148,0.30148,0.55569,-0.43416,0.44297,0.55362
0.10118,-0.72602,0.3015,0.55569,-0.43416,0.44297,0.55362
0.10118,-0.72602,0.3015,0.48824,-0.50882,0.51725,0.48494
0.10118,-0.72602,0.3015,0.41086,-0.57313,0.581,0.4064
0.10118,-0.72602,0.3015,0.32511,-0.62577,0.63292,0.31957
0.10118,-0.72602,0.3015,0.23275,-0.66567,0.67196,0.22625
0.10118,-0.72602,0.3015,0.13565,-0.69202,0.69732,0.12831
0.10118,-0.72602,0.30149,0.035781,-0.70428,0.70848,0.02777
0.10118,-0.72602,0.30149,0.064812,0.7022,-0.70522,0.073341
0.10119,-0.72602,0.3015,0.16409,0.68583,-0.68761,0.17296
0.10119,-0.72602,0.3015,0.26002,0.6555,-0.65599,0.26905
0.10119,-0.72602,0.3015,0.35066,0.61182,-0.61102,0.35967
0.10124,-0.73057,0.30152,0.35066,0.61182,-0.61102,0.35967
0.10124,-0.73057,0.30152,0.26002,0.6555,-0.65599,0.26905
0.10124,-0.73057,0.30152,0.16409,0.68583,-0.68761,0.17296
0.10124,-0.73057,0.30152,0.064812,0.7022,-0.70522,0.073341
0.10123,-0.73057,0.30152,0.035781,-0.70428,0.70848,0.02777
0.10123,-0.73057,0.30152,0.13565,-0.69202,0.69732,0.12831
0.10123,-0.73057,0.30152,0.23275,-0.66567,0.67196,0.22625
0.10123,-0.73057,0.30152,0.32511,-0.62577,0.63292,0.31957
0.10123,-0.73057,0.30152,0.41086,-0.57313,0.581,0.4064
0.10123,-0.73057,0.30153,0.48824,-0.50882,0.51725,0.48494
0.10123,-0.73057,0.30153,0.55569,-0.43416,0.44297,0.55362
0.10128,-0.73511,0.30155,0.55569,-0.43416,0.44297,0.55362
0.10128,-0.73511,0.30155,0.48824,-0.50882,0.51725,0.48494
0.10128,-0.73511,0.30155,0.41086,-0.57313,0.581,0.4064
0.10128,-0.73511,0.30155,0.32511,-0.62577,0.63292,0.31957
0.10128,-0.73511,0.30155,0.23275,-0.66567,0.67196,0.22625
0.10129,-0.73511,0.30154,0.13565,-0.69202,0.69732,0.12831
0.10129,-0.73511,0.30154,0.035781,-0.70428,0.70848,0.02777
0.10129,-0.73511,0.30154,0.064812,0.7022,-0.70522,0.073341
0.10129,-0.73511,0.30154,0.16409,0.68583,-0.68761,0.17296
0.10129,-0.73511,0.30155,0.26002,0.6555,-0.65599,0.26905
0.10129,-0.73511,0.30155,0.35066,0.61182,-0.61102,0.35967
0.10135,-0.73966,0.30157,0.35066,0.61182,-0.61102,0.35967
0.10135,-0.73966,0.30157,0.26002,0.6555,-0.65599,0.26905
0.10134,-0.73966,0.30157,0.16409,0.68583,-0.68761,0.17296
0.10134,-0.73966,0.30157,0.064812,0.7022,-0.70522,0.073341
0.10134,-0.73966,0.30157,0.035781,-0.70428,0.70848,0.02777
0.10134,-0.73966,0.30157,0.13565,-0.69202,0.69732,0.12831
0.10134,-0.73966,0.30157,0.23275,-0.66567,0.67196,0.22625
0.10133,-0.73966,0.30157,0.32511,-0.62577,0.63292,0.31957
0.10133,-0.73966,0.30157,0.41086,-0.57313,0.581,0.4064
0.10133,-0.73966,0.30158,0.48824,-0.50882,0.51725,0.48494
0.10133,-0.73966,0.30158,0.55569,-0.43416,0.44297,0.55362
0.10139,-0.7442,0.3016,0.55569,-0.43416,0.44297,0.55362
0.10139,-0.7442,0.3016,0.48824,-0.50882,0.51725,0.48494
0.10139,-0.7442,0.3016,0.41086,-0.57313,0.581,0.4064
0.10139,-0.7442,0.3016,0.32511,-0.62577,0.63292,0.31957
0.10139,-0.7442,0.30159,0.23275,-0.66567,0.67196,0.22625
0.10139,-0.7442,0.30159,0.13565,-0.69202,0.69732,0.12831
0.10139,-0.7442,0.30159,0.035781,-0.70428,0.70848,0.02777
0.10139,-0.7442,0.30159,0.064812,0.7022,-0.70522,0.073341
0.1014,-0.7442,0.30159,0.16409,0.68583,-0.68761,0.17296
0.1014,-0.7442,0.3016,0.26002,0.6555,-0.65599,0.26905
0.1014,-0.7442,0.3016,0.35066,0.61182,-0.61102,0.35967
0.10145,-0.74875,0.30162,0.35066,0.61182,-0.61102,0.35967
0.10145,-0.74875,0.30162,0.26002,0.6555,-0.65599,0.26905
0.10145,-0.74875,0.30162,0.16409,0.68583,-0.68761,0.17296
0.10145,-0.74875,0.30162,0.064812,0.7022,-0.70522,0.073341
0.10145,-0.74875,0.30162,0.035781,-0.70428,0.70848,0.02777
0.10144,-0.74875,0.30162,0.13565,-0.69202,0.69732,0.12831
0.10144,-0.74875,0.30162,0.23275,-0.66567,0.67196,0.22625
0.10144,-0.74875,0.30162,0.32511,-0.62577,0.63292,0.31957
0.10144,-0.74875,0.30162,0.41086,-0.57313,0.581,0.4064
0.10144,-0.74875,0.30162,0.48824,-0.50882,0.51725,0.48494
0.10144,-0.74875,0.30163,0.55569,-0.43416,0.44297,0.55362
0.10093,-0.7033,0.29996,0.35066,0.61182,-0.61102,0.35967
0.10093,-0.7033,0.29996,0.26002,0.6555,-0.65599,0.26905
0.10093,-0.7033,0.29996,0.16409,0.68583,-0.68761,0.17296
0.10093,-0.7033,0.29996,0.064812,0.7022,-0.70522,0.073341
0.10093,-0.7033,0.29996,0.035781,-0.70428,0.70848,0.02777
0.10092,-0.7033,0.29996,0.13565,-0.69202,0.69732,0.12831
0.10092,-0.7033,0.29996,0.23275,-0.66567,0.67196,0.22625
0.10092,-0.7033,0.29996,0.32511,-0.62577,0.63292,0.31957
0.10092,-0.7033,0.29996,0.41086,-0.57313,0.581,0.4064
0.10092,-0.7033,0.29996,0.48824,-0.50882,0.51725,0.48494
0.10092,-0.7033,0.29997,0.55569,-0.43416,0.44297,0.55362
0.10097,-0.70785,0.29999,0.55569,-0.43416,0.44297,0.55362
0.10097,-0.70785,0.29999,0.48824,-0.50882,0.51725,0.48494
0.10097,-0.70785,0.29999,0.41086,-0.57313,0.581,0.4064
0.10097,-0.70785,0.29998,0.32511,-0.62577,0.63292,0.31957
0.10098,-0.70785,0.29998,0.23275,-0.66567,0.67196,0.22625
0.10098,-0.70785,0.29998,0.13565,-0.69202,0.69732,0.12831
0.10098,-0.70785,0.29998,0.035781,-0.70428,0.70848,0.02777
0.10098,-0.70785,0.29998,0.064812,0.7022,-0.70522,0.073341
0.10098,-0.70785,0.29998,0.16409,0.68583,-0.68761,0.17296
0.10098,-0.70785,0.29998,0.26002,0.6555,-0.65599,0.26905
0.10099,-0.70785,0.29999,0.35066,0.61182,-0.61102,0.35967
0.10104,-0.71239,0.30001,0.35066,0.61182,-0.61102,0.35967
0.10104,-0.71239,0.30001,0.26002,0.6555,-0.65599,0.26905
0.10104,-0.71239,0.30001,0.16409,0.68583,-0.68761,0.17296
0.10103,-0.71239,0.30001,0.064812,0.7022,-0.70522,0.073341
0.10103,-0.71239,0.30001,0.035781,-0.70428,0.70848,0.02777
0.10103,-0.71239,0.30001,0.13565,-0.69202,0.69732,0.12831
0.10103,-0.71239,0.30001,0.23275,-0.66567,0.67196,0.22625
0.10103,-0.71239,0.30001,0.32511,-0.62577,0.63292,0.31957
0.10103,-0.71239,0.30001,0.41086,-0.57313,0.581,0.4064
0.10103,-0.71239,0.30001,0.48824,-0.50882,0.51725,0.48494
0.10103,-0.71239,0.30002,0.55569,-0.43416,0.44297,0.55362
0.10108,-0.71694,0.30004,0.55569,-0.43416,0.44297,0.55362
0.10108,-0.71694,0.30004,0.48824,-0.50882,0.51725,0.48494
0.10108,-0.71694,0.30004,0.41086,-0.57313,0.581,0.4064
0.10108,-0.71694,0.30003,0.32511,-0.62577,0.63292,0.31957
0.10108,-0.71694,0.30003,0.23275,-0.66567,0.67196,0.22625
0.10108,-0.71694,0.30003,0.13565,-0.69202,0.69732,0.12831
0.10108,-0.71694,0.30003,0.035781,-0.70428,0.70848,0.02777
0.10109,-0.71694,0.30003,0.064812,0.7022,-0.70522,0.073341
0.10109,-0.71694,0.30003,0.16409,0.68583,-0.68761,0.17296
0.10109,-0.71694,0.30003,0.26002,0.6555,-0.65599,0.26905
0.10109,-0.71694,0.30003,0.35066,0.61182,-0.61102,0.35967
0.10114,-0.72148,0.30006,0.35066,0.61182,-0.61102,0.35967
0.10114,-0.72148,0.30006,0.26002,0.6555,-0.65599,0.26905
0.10114,-0.72148,0.30006,0.16409,0.68583,-0.68761,0.17296
0.10114,-0.72148,0.30006,0.064812,0.7022,-0.70522,0.073341
0.10114,-0.72148,0.30006,0.035781,-0.70428,0.70848,0.02777
0.10113,-0.72148,0.30006,0.13565,-0.69202,0.69732,0.12831
0.10113,-0.72148,0.30006,0.23275,-0.66567,0.67196,0.22625
0.10113,-0.72148,0.30006,0.32511,-0.62577,0.63292,0.31957
0.10113,-0.72148,0.30006,0.41086,-0.57313,0.581,0.4064
0.10113,-0.72148,0.30006,0.48824,-0.50882,0.51725,0.48494
0.10113,-0.72148,0.30006,0.55569,-0.43416,0.44297,0.55362
0.10118,-0.72603,0.30009,0.55569,-0.43416,0.44297,0.55362
0.10118,-0.72603,0.30009,0.48824,-0.50882,0.51725,0.48494
0.10118,-0.72603,0.30009,0.41086,-0.57313,0.581,0.4064
0.10118,-0.72603,0.30008,0.32511,-0.62577,0.63292,0.31957
0.10119,-0.72603,0.30008,0.23275,-0.66567,0.67196,0.22625
0.10119,-0.72603,0.30008,0.13565,-0.69202,0.69732,0.12831
0.10119,-0.72603,0.30008,0.035781,-0.70428,0.70848,0.02777
0.10119,-0.72603,0.30008,0.064812,0.7022,-0.70522,0.073341
0.10119,-0.72603,0.30008,0.16409,0.68583,-0.68761,0.17296
0.1012,-0.72603,0.30008,0.26002,0.6555,-0.65599,0.26905
0.1012,-0.72603,0.30008,0.35066,0.61182,-0.61102,0.35967
0.10125,-0.73057,0.30011,0.35066,0.61182,-0.61102,0.35967
0.10125,-0.73057,0.30011,0.26002,0.6555,-0.65599,0.26905
0.10125,-0.73057,0.30011,0.16409,0.68583,-0.68761,0.17296
0.10124,-0.73057,0.30011,0.064812,0.7022,-0.70522,0.073341
0.10124,-0.73057,0.30011,0.035781,-0.70428,0.70848,0.02777
0.10124,-0.73057,0.30011,0.13565,-0.69202,0.69732,0.12831
0.10124,-0.73057,0.30011,0.23275,-0.66567,0.67196,0.22625
0.10124,-0.73057,0.30011,0.32511,-0.62577,0.63292,0.31957
0.10124,-0.73057,0.30011,0.41086,-0.57313,0.581,0.4064
0.10124,-0.73057,0.30011,0.48824,-0.50882,0.51725,0.48494
0.10124,-0.73057,0.30011,0.55569,-0.43416,0.44297,0.55362
0.10129,-0.73512,0.30014,0.55569,-0.43416,0.44297,0.55362
0.10129,-0.73512,0.30014,0.48824,-0.50882,0.51725,0.48494
0.10129,-0.73512,0.30013,0.41086,-0.57313,0.581,0.4064
0.10129,-0.73512,0.30013,0.32511,-0.62577,0.63292,0.31957
0.10129,-0.73512,0.30013,0.23275,-0.66567,0.67196,0.22625
0.10129,-0.73512,0.30013,0.13565,-0.69202,0.69732,0.12831
0.10129,-0.73512,0.30013,0.035781,-0.70428,0.70848,0.02777
0.1013,-0.73512,0.30013,0.064812,0.7022,-0.70522,0.073341
0.1013,-0.73512,0.30013,0.16409,0.68583,-0.68761,0.17296
0.1013,-0.73512,0.30013,0.26002,0.6555,-0.65599,0.26905
0.1013,-0.73512,0.30013,0.35066,0.61182,-0.61102,0.35967
0.10135,-0.73966,0.30016,0.35066,0.61182,-0.61102,0.35967
0.10135,-0.73966,0.30016,0.26002,0.6555,-0.65599,0.26905
0.10135,-0.73966,0.30016,0.16409,0.68583,-0.68761,0.17296
0.10135,-0.73966,0.30015,0.064812,0.7022,-0.70522,0.073341
0.10135,-0.73966,0.30015,0.035781,-0.70428,0.70848,0.02777
0.10135,-0.73966,0.30016,0.13565,-0.69202,0.69732,0.12831
0.10134,-0.73966,0.30016,0.23275,-0.66567,0.67196,0.22625
0.10134,-0.73966,0.30016,0.32511,-0.62577,0.63292,0.31957
0.10134,-0.73966,0.30016,0.41086,-0.57313,0.581,0.4064
0.10134,-0.73966,0.30016,0.48824,-0.50882,0.51725,0.48494
0.10134,-0.73966,0.30016,0.55569,-0.43416,0.44297,0.55362
0.10139,-0.74421,0.30019,0.55569,-0.43416,0.44297,0.55362
0.10139,-0.74421,0.30019,0.48824,-0.50882,0.51725,0.48494
0.10139,-0.74421,0.30018,0.41086,-0.57313,0.581,0.4064
0.1014,-0.74421,0.30018,0.32511,-0.62577,0.63292,0.31957
0.1014,-0.74421,0.30018,0.23275,-0.66567,0.67196,0.22625
0.1014,-0.74421,0.30018,0.13565,-0.69202,0.69732,0.12831
0.1014,-0.74421,0.30018,0.035781,-0.70428,0.70848,0.02777
0.1014,-0.74421,0.30018,0.064812,0.7022,-0.70522,0.073341
0.1014,-0.74421,0.30018,0.16409,0.68583,-0.68761,0.17296
0.10141,-0.74421,0.30018,0.26002,0.6555,-0.65599,0.26905
0.10141,-0.74421,0.30018,0.35066,0.61182,-0.61102,0.35967
0.10146,-0.74875,0.30021,0.35066,0.61182,-0.61102,0.35967
0.10146,-0.74875,0.30021,0.26002,0.6555,-0.65599,0.26905
0.10146,-0.74875,0.3002,0.16409,0.68583,-0.68761,0.17296
0.10146,-0.74875,0.3002,0.064812,0.7022,-0.70522,0.073341
0.10145,-0.74875,0.3002,0.035781,-0.70428,0.70848,0.02777
0.10145,-0.74875,0.3002,0.13565,-0.69202,0.69732,0.12831
0.10145,-0.74875,0.30021,0.23275,-0.66567,0.67196,0.22625
0.10145,-0.74875,0.30021,0.32511,-0.62577,0.63292,0.31957
0.10145,-0.74875,0.30021,0.41086,-0.57313,0.581,0.4064
0.10145,-0.74875,0.30021,0.48824,-0.50882,0.51725,0.48494
0.10145,-0.74875,0.30021,0.55569,-0.43416,0.44297,0.55362
0.10094,-0.70331,0.29855,0.35066,0.61182,-0.61102,0.35967
0.10094,-0.70331,0.29854,0.26002,0.6555,-0.65599,0.26905
0.10094,-0.70331,0.29854,0.16409,0.68583,-0.68761,0.17296
0.10094,-0.70331,0.29854,0.064812,0.7022,-0.70522,0.073341
0.10093,-0.70331,0.29854,0.035781,-0.70428,0.70848,0.02777
0.10093,-0.70331,0.29854,0.13565,-0.69202,0.69732,0.12831
0.10093,-0.70331,0.29854,0.23275,-0.66567,0.67196,0.22625
0.10093,-0.70331,0.29855,0.32511,-0.62577,0.63292,0.31957
0.10093,-0.70331,0.29855,0.41086,-0.57313,0.581,0.4064
0.10093,-0.70331,0.29855,0.48824,-0.50882,0.51725,0.48494
0.10093,-0.70331,0.29855,0.55569,-0.43416,0.44297,0.55362
0.10098,-0.70786,0.29858,0.55569,-0.43416,0.44297,0.55362
0.10098,-0.70786,0.29857,0.48824,-0.50882,0.51725,0.48494
0.10098,-0.70786,0.29857,0.41086,-0.57313,0.581,0.4064
0.10098,-0.70786,0.29857,0.32511,-0.62577,0.63292,0.31957
0.10098,-0.70786,0.29857,0.23275,-0.66567,0.67196,0.22625
0.10098,-0.70786,0.29857,0.13565,-0.69202,0.69732,0.12831
0.10099,-0.70786,0.29857,0.035781,-0.70428,0.70848,0.02777
0.10099,-0.70786,0.29857,0.064812,0.7022,-0.70522,0.073341
0.10099,-0.70786,0.29857,0.16409,0.68583,-0.68761,0.17296
0.10099,-0.70786,0.29857,0.26002,0.6555,-0.65599,0.26905
0.10099,-0.70786,0.29857,0.35066,0.61182,-0.61102,0.35967
0.10105,-0.7124,0.2986,0.35066,0.61182,-0.61102,0.35967
0.10104,-0.7124,0.29859,0.26002,0.6555,-0.65599,0.26905
0.10104,-0.7124,0.29859,0.16409,0.68583,-0.68761,0.17296
0.10104,-0.7124,0.29859,0.064812,0.7022,-0.70522,0.073341
0.10104,-0.7124,0.29859,0.035781,-0.70428,0.70848,0.02777
0.10104,-0.7124,0.29859,0.13565,-0.69202,0.69732,0.12831
0.10104,-0.7124,0.29859,0.23275,-0.66567,0.67196,0.22625
0.10103,-0.7124,0.2986,0.32511,-0.62577,0.63292,0.31957
0.10103,-0.7124,0.2986,0.41086,-0.57313,0.581,0.4064
0.10103,-0.7124,0.2986,0.48824,-0.50882,0.51725,0.48494
0.10103,-0.7124,0.2986,0.55569,-0.43416,0.44297,0.55362
0.10109,-0.71695,0.29863,0.55569,-0.43416,0.44297,0.55362
0.10109,-0.71695,0.29862,0.48824,-0.50882,0.51725,0.48494
0.10109,-0.71695,0.29862,0.41086,-0.57313,0.581,0.4064
0.10109,-0.71695,0.29862,0.32511,-0.62577,0.63292,0.31957
0.10109,-0.71695,0.29862,0.23275,-0.66567,0.67196,0.22625
0.10109,-0.71695,0.29862,0.13565,-0.69202,0.69732,0.12831
0.10109,-0.71695,0.29862,0.035781,-0.70428,0.70848,0.02777
0.10109,-0.71695,0.29862,0.064812,0.7022,-0.70522,0.073341
0.1011,-0.71695,0.29862,0.16409,0.68583,-0.68761,0.17296
0.1011,-0.71695,0.29862,0.26002,0.6555,-0.65599,0.26905
0.1011,-0.71695,0.29862,0.35066,0.61182,-0.61102,0.35967
0.10115,-0.72149,0.29865,0.35066,0.61182,-0.61102,0.35967
0.10115,-0.72149,0.29864,0.26002,0.6555,-0.65599,0.26905
0.10115,-0.72149,0.29864,0.16409,0.68583,-0.68761,0.17296
0.10115,-0.72149,0.29864,0.064812,0.7022,-0.70522,0.073341
0.10114,-0.72149,0.29864,0.035781,-0.70428,0.70848,0.02777
0.10114,-0.72149,0.29864,0.13565,-0.69202,0.69732,0.12831
0.10114,-0.72149,0.29864,0.23275,-0.66567,0.67196,0.22625
0.10114,-0.72149,0.29864,0.32511,-0.62577,0.63292,0.31957
0.10114,-0.72149,0.29865,0.41086,-0.57313,0.581,0.4064
0.10114,-0.72149,0.29865,0.48824,-0.50882,0.51725,0.48494
0.10114,-0.72149,0.29865,0.55569,-0.43416,0.44297,0.55362
0.10119,-0.72604,0.29868,0.55569,-0.43416,0.44297,0.55362
0.10119,-0.72604,0.29867,0.48824,-0.50882,0.51725,0.48494
0.10119,-0.72604,0.29867,0.41086,-0.57313,0.581,0.4064
0.10119,-0.72604,0.29867,0.32511,-0.62577,0.63292,0.31957
0.10119,-0.72604,0.29867,0.23275,-0.66567,0.67196,0.22625
0.1012,-0.72604,0.29867,0.13565,-0.69202,0.69732,0.12831
0.1012,-0.72604,0.29867,0.035781,-0.70428,0.70848,0.02777
0.1012,-0.72604,0.29867,0.064812,0.7022,-0.70522,0.073341
0.1012,-0.72604,0.29867,0.16409,0.68583,-0.68761,0.17296
0.1012,-0.72604,0.29867,0.26002,0.6555,-0.65599,0.26905
0.1012,-0.72604,0.29867,0.35066,0.61182,-0.61102,0.35967
0.10126,-0.73058,0.29869,0.35066,0.61182,-0.61102,0.35967
0.10126,-0.73058,0.29869,0.26002,0.6555,-0.65599,0.26905
0.10125,-0.73058,0.29869,0.16409,0.68583,-0.68761,0.17296
0.10125,-0.73058,0.29869,0.064812,0.7022,-0.70522,0.073341
0.10125,-0.73058,0.29869,0.035781,-0.70428,0.70848,0.02777
0.10125,-0.73058,0.29869,0.13565,-0.69202,0.69732,0.12831
0.10125,-0.73058,0.29869,0.23275,-0.66567,0.67196,0.22625
0.10124,-0.73058,0.29869,0.32511,-0.62577,0.63292,0.31957
0.10124,-0.73058,0.2987,0.41086,-0.57313,0.581,0.4064
0.10124,-0.73058,0.2987,0.48824,-0.50882,0.51725,0.48494
0.10124,-0.73058,0.2987,0.55569,-0.43416,0.44297,0.55362
0.1013,-0.73513,0.29872,0.55569,-0.43416,0.44297,0.55362
0.1013,-0.73513,0.29872,0.48824,-0.50882,0.51725,0.48494
0.1013,-0.73513,0.29872,0.41086,-0.57313,0.581,0.4064
0.1013,-0.73513,0.29872,0.32511,-0.62577,0.63292,0.31957
0.1013,-0.73513,0.29872,0.23275,-0.66567,0.67196,0.22625
0.1013,-0.73513,0.29872,0.13565,-0.69202,0.69732,0.12831
0.1013,-0.73513,0.29872,0.035781,-0.70428,0.70848,0.02777
0.1013,-0.73513,0.29872,0.064812,0.7022,-0.70522,0.073341
0.10131,-0.73513,0.29872,0.16409,0.68583,-0.68761,0.17296
0.10131,-0.73513,0.29872,0.26002,0.6555,-0.65599,0.26905
0.10131,-0.73513,0.29872,0.35066,0.61182,-0.61102,0.35967
0.10136,-0.73967,0.29874,0.35066,0.61182,-0.61102,0.35967
0.10136,-0.73967,0.29874,0.26002,0.6555,-0.65599,0.26905
0.10136,-0.73967,0.29874,0.16409,0.68583,-0.68761,0.17296
0.10136,-0.73967,0.29874,0.064812,0.7022,-0.70522,0.073341
0.10136,-0.73967,0.29874,0.035781,-0.70428,0.70848,0.02777
0.10135,-0.73967,0.29874,0.13565,-0.69202,0.69732,0.12831
0.10135,-0.73967,0.29874,0.23275,-0.66567,0.67196,0.22625
0.10135,-0.73967,0.29874,0.32511,-0.62577,0.63292,0.31957
0.10135,-0.73967,0.29875,0.41086,-0.57313,0.581,0.4064
0.10135,-0.73967,0.29875,0.48824,-0.50882,0.51725,0.48494
0.10135,-0.73967,0.29875,0.55569,-0.43416,0.44297,0.55362
0.1014,-0.74422,0.29877,0.55569,-0.43416,0.44297,0.55362
0.1014,-0.74422,0.29877,0.48824,-0.50882,0.51725,0.48494
0.1014,-0.74422,0.29877,0.41086,-0.57313,0.581,0.4064
0.1014,-0.74422,0.29877,0.32511,-0.62577,0.63292,0.31957
0.1014,-0.74422,0.29877,0.23275,-0.66567,0.67196,0.22625
0.10141,-0.74422,0.29877,0.13565,-0.69202,0.69732,0.12831
0.10141,-0.74422,0.29877,0.035781,-0.70428,0.70848,0.02777
0.10141,-0.74422,0.29877,0.064812,0.7022,-0.70522,0.073341
0.10141,-0.74422,0.29877,0.16409,0.68583,-0.68761,0.17296
0.10141,-0.74422,0.29877,0.26002,0.6555,-0.65599,0.26905
0.10141,-0.74422,0.29877,0.35066,0.61182,-0.61102,0.35967
0.10147,-0.74876,0.29879,0.35066,0.61182,-0.61102,0.35967
0.10147,-0.74876,0.29879,0.26002,0.6555,-0.65599,0.26905
0.10146,-0.74876,0.29879,0.16409,0.68583,-0.68761,0.17296
0.10146,-0.74876,0.29879,0.064812,0.7022,-0.70522,0.073341
0.10146,-0.74876,0.29879,0.035781,-0.70428,0.70848,0.02777
0.10146,-0.74876,0.29879,0.13565,-0.69202,0.69732,0.12831
0.10146,-0.74876,0.29879,0.23275,-0.66567,0.67196,0.22625
0.10146,-0.74876,0.29879,0.32511,-0.62577,0.63292,0.31957
0.10145,-0.74876,0.29879,0.41086,-0.57313,0.581,0.4064
0.10145,-0.74876,0.2988,0.48824,-0.50882,0.51725,0.48494
0.10145,-0.74876,0.2988,0.55569,-0.43416,0.44297,0.55362
0.10095,-0.70332,0.29713,0.35066,0.61182,-0.61102,0.35967
0.10095,-0.70332,0.29713,0.26002,0.6555,-0.65599,0.26905
0.10095,-0.70332,0.29713,0.16409,0.68583,-0.68761,0.17296
0.10094,-0.70332,0.29713,0.064812,0.7022,-0.70522,0.073341
0.10094,-0.70332,0.29713,0.035781,-0.70428,0.70848,0.02777
0.10094,-0.70332,0.29713,0.13565,-0.69202,0.69732,0.12831
0.10094,-0.70332,0.29713,0.23275,-0.66567,0.67196,0.22625
0.10094,-0.70332,0.29713,0.32511,-0.62577,0.63292,0.31957
0.10094,-0.70332,0.29713,0.41086,-0.57313,0.581,0.4064
0.10093,-0.70332,0.29714,0.48824,-0.50882,0.51725,0.48494
0.10093,-0.70332,0.29714,0.55569,-0.43416,0.44297,0.55362
0.10099,-0.70786,0.29716,0.55569,-0.43416,0.44297,0.55362
0.10099,-0.70786,0.29716,0.48824,-0.50882,0.51725,0.48494
0.10099,-0.70786,0.29716,0.41086,-0.57313,0.581,0.4064
0.10099,-0.70786,0.29716,0.32511,-0.62577,0.63292,0.31957
0.10099,-0.70786,0.29715,0.23275,-0.66567,0.67196,0.22625
0.10099,-0.70786,0.29715,0.13565,-0.69202,0.69732,0.12831
0.10099,-0.70786,0.29715,0.035781,-0.70428,0.70848,0.02777
0.101,-0.70786,0.29715,0.064812,0.7022,-0.70522,0.073341
0.101,-0.70786,0.29715,0.16409,0.68583,-0.68761,0.17296
0.101,-0.70786,0.29716,0.26002,0.6555,-0.65599,0.26905
0.101,-0.70786,0.29716,0.35066,0.61182,-0.61102,0.35967
0.10105,-0.71241,0.29718,0.35066,0.61182,-0.61102,0.35967
0.10105,-0.71241,0.29718,0.26002,0.6555,-0.65599,0.26905
0.10105,-0.71241,0.29718,0.16409,0.68583,-0.68761,0.17296
0.10105,-0.71241,0.29718,0.064812,0.7022,-0.70522,0.073341
0.10105,-0.71241,0.29718,0.035781,-0.70428,0.70848,0.02777
0.10104,-0.71241,0.29718,0.13565,-0.69202,0.69732,0.12831
0.10104,-0.71241,0.29718,0.23275,-0.66567,0.67196,0.22625
0.10104,-0.71241,0.29718,0.32511,-0.62577,0.63292,0.31957
0.10104,-0.71241,0.29718,0.41086,-0.57313,0.581,0.4064
0.10104,-0.71241,0.29719,0.48824,-0.50882,0.51725,0.48494
0.10104,-0.71241,0.29719,0.55569,-0.43416,0.44297,0.55362
0.10109,-0.71695,0.29721,0.55569,-0.43416,0.44297,0.55362
0.10109,-0.71695,0.29721,0.48824,-0.50882,0.51725,0.48494
0.10109,-0.71695,0.29721,0.41086,-0.57313,0.581,0.4064
0.10109,-0.71695,0.29721,0.32511,-0.62577,0.63292,0.31957
0.1011,-0.71695,0.2972,0.23275,-0.66567,0.67196,0.22625
0.1011,-0.71695,0.2972,0.13565,-0.69202,0.69732,0.12831
0.1011,-0.71695,0.2972,0.035781,-0.70428,0.70848,0.02777
0.1011,-0.71695,0.2972,0.064812,0.7022,-0.70522,0.073341
0.1011,-0.71695,0.2972,0.16409,0.68583,-0.68761,0.17296
0.10111,-0.71695,0.2972,0.26002,0.6555,-0.65599,0.26905
0.10111,-0.71695,0.29721,0.35066,0.61182,-0.61102,0.35967
0.10116,-0.7215,0.29723,0.35066,0.61182,-0.61102,0.35967
0.10116,-0.7215,0.29723,0.26002,0.6555,-0.65599,0.26905
0.10116,-0.7215,0.29723,0.16409,0.68583,-0.68761,0.17296
0.10115,-0.7215,0.29723,0.064812,0.7022,-0.70522,0.073341
0.10115,-0.7215,0.29723,0.035781,-0.70428,0.70848,0.02777
0.10115,-0.7215,0.29723,0.13565,-0.69202,0.69732,0.12831
0.10115,-0.7215,0.29723,0.23275,-0.66567,0.67196,0.22625
0.10115,-0.7215,0.29723,0.32511,-0.62577,0.63292,0.31957
0.10115,-0.7215,0.29723,0.41086,-0.57313,0.581,0.4064
0.10115,-0.7215,0.29723,0.48824,-0.50882,0.51725,0.48494
0.10115,-0.7215,0.29724,0.55569,-0.43416,0.44297,0.55362
0.1012,-0.72604,0.29726,0.55569,-0.43416,0.44297,0.55362
0.1012,-0.72604,0.29726,0.48824,-0.50882,0.51725,0.48494
0.1012,-0.72604,0.29726,0.41086,-0.57313,0.581,0.4064
0.1012,-0.72604,0.29726,0.32511,-0.62577,0.63292,0.31957
0.1012,-0.72604,0.29725,0.23275,-0.66567,0.67196,0.22625
0.1012,-0.72604,0.29725,0.13565,-0.69202,0.69732,0.12831
0.1012,-0.72604,0.29725,0.035781,-0.70428,0.70848,0.02777
0.10121,-0.72604,0.29725,0.064812,0.7022,-0.70522,0.073341
0.10121,-0.72604,0.29725,0.16409,0.68583,-0.68761,0.17296
0.10121,-0.72604,0.29725,0.26002,0.6555,-0.65599,0.26905
0.10121,-0.72604,0.29726,0.35066,0.61182,-0.61102,0.35967
0.10126,-0.73059,0.29728,0.35066,0.61182,-0.61102,0.35967
0.10126,-0.73059,0.29728,0.26002,0.6555,-0.65599,0.26905
0.10126,-0.73059,0.29728,0.16409,0.68583,-0.68761,0.17296
0.10126,-0.73059,0.29728,0.064812,0.7022,-0.70522,0.073341
0.10126,-0.73059,0.29728,0.035781,-0.70428,0.70848,0.02777
0.10126,-0.73059,0.29728,0.13565,-0.69202,0.69732,0.12831
0.10125,-0.73059,0.29728,0.23275,-0.66567,0.67196,0.22625
0.10125,-0.73059,0.29728,0.32511,-0.62577,0.63292,0.31957
0.10125,-0.73059,0.29728,0.41086,-0.57313,0.581,0.4064
0.10125,-0.73059,0.29728,0.48824,-0.50882,0.51725,0.48494
0.10125,-0.73059,0.29729,0.55569,-0.43416,0.44297,0.55362
0.1013,-0.73513,0.29731,0.55569,-0.43416,0.44297,0.55362
0.1013,-0.73513,0.29731,0.48824,-0.50882,0.51725,0.48494
0.1013,-0.73513,0.29731,0.41086,-0.57313,0.581,0.4064
0.1013,-0.73513,0.2973,0.32511,-0.62577,0.63292,0.31957
0.10131,-0.73513,0.2973,0.23275,-0.66567,0.67196,0.22625
0.10131,-0.73513,0.2973,0.13565,-0.69202,0.69732,0.12831
0.10131,-0.73513,0.2973,0.035781,-0.70428,0.70848,0.02777
0.10131,-0.73513,0.2973,0.064812,0.7022,-0.70522,0.073341
0.10131,-0.73513,0.2973,0.16409,0.68583,-0.68761,0.17296
0.10132,-0.73513,0.2973,0.26002,0.6555,-0.65599,0.26905
0.10132,-0.73513,0.29731,0.35066,0.61182,-0.61102,0.35967
0.10137,-0.73968,0.29733,0.35066,0.61182,-0.61102,0.35967
0.10137,-0.73968,0.29733,0.26002,0.6555,-0.65599,0.26905
0.10137,-0.73968,0.29733,0.16409,0.68583,-0.68761,0.17296
0.10136,-0.73968,0.29733,0.064812,0.7022,-0.70522,0.073341
0.10136,-0.73968,0.29733,0.035781,-0.70428,0.70848,0.02777
0.10136,-0.73968,0.29733,0.13565,-0.69202,0.69732,0.12831
0.10136,-0.73968,0.29733,0.23275,-0.66567,0.67196,0.22625
0.10136,-0.73968,0.29733,0.32511,-0.62577,0.63292,0.31957
0.10136,-0.73968,0.29733,0.41086,-0.57313,0.581,0.4064
0.10136,-0.73968,0.29733,0.48824,-0.50882,0.51725,0.48494
0.10136,-0.73968,0.29734,0.55569,-0.43416,0.44297,0.55362
0.10141,-0.74422,0.29736,0.55569,-0.43416,0.44297,0.55362
0.10141,-0.74422,0.29736,0.48824,-0.50882,0.51725,0.48494
0.10141,-0.74422,0.29736,0.41086,-0.57313,0.581,0.4064
0.10141,-0.74422,0.29735,0.32511,-0.62577,0.63292,0.31957
0.10141,-0.74422,0.29735,0.23275,-0.66567,0.67196,0.22625
0.10141,-0.74422,0.29735,0.13565,-0.69202,0.69732,0.12831
0.10142,-0.74422,0.29735,0.035781,-0.70428,0.70848,0.02777
0.10142,-0.74422,0.29735,0.064812,0.7022,-0.70522,0.073341
0.10142,-0.74422,0.29735,0.16409,0.68583,-0.68761,0.17296
0.10142,-0.74422,0.29735,0.26002,0.6555,-0.65599,0.26905
0.10142,-0.74422,0.29735,0.35066,0.61182,-0.61102,0.35967
0.10148,-0.74877,0.29738,0.35066,0.61182,-0.61102,0.35967
0.10147,-0.74877,0.29738,0.26002,0.6555,-0.65599,0.26905
0.10147,-0.74877,0.29738,0.16409,0.68583,-0.68761,0.17296
0.10147,-0.74877,0.29738,0.064812,0.7022,-0.70522,0.073341
0.10147,-0.74877,0.29738,0.035781,-0.70428,0.70848,0.02777
0.10147,-0.74877,0.29738,0.13565,-0.69202,0.69732,0.12831
0.10146,-0.74877,0.29738,0.23275,-0.66567,0.67196,0.22625
0.10146,-0.74877,0.29738,0.32511,-0.62577,0.63292,0.31957
0.10146,-0.74877,0.29738,0.41086,-0.57313,0.581,0.4064
0.10146,-0.74877,0.29738,0.48824,-0.50882,0.51725,0.48494
0.10146,-0.74877,0.29738,0.55569,-0.43416,0.44297,0.55362
0.10096,-0.70333,0.29572,0.35066,0.61182,-0.61102,0.35967
0.10095,-0.70333,0.29572,0.26002,0.6555,-0.65599,0.26905
0.10095,-0.70333,0.29572,0.16409,0.68583,-0.68761,0.17296
0.10095,-0.70333,0.29571,0.064812,0.7022,-0.70522,0.073341
0.10095,-0.70333,0.29571,0.035781,-0.70428,0.70848,0.02777
0.10095,-0.70333,0.29572,0.13565,-0.69202,0.69732,0.12831
0.10095,-0.70333,0.29572,0.23275,-0.66567,0.67196,0.22625
0.10094,-0.70333,0.29572,0.32511,-0.62577,0.63292,0.31957
0.10094,-0.70333,0.29572,0.41086,-0.57313,0.581,0.4064
0.10094,-0.70333,0.29572,0.48824,-0.50882,0.51725,0.48494
0.10094,-0.70333,0.29572,0.55569,-0.43416,0.44297,0.55362
0.101,-0.70787,0.29575,0.55569,-0.43416,0.44297,0.55362
0.10099,-0.70787,0.29575,0.48824,-0.50882,0.51725,0.48494
0.101,-0.70787,0.29574,0.41086,-0.57313,0.581,0.4064
0.101,-0.70787,0.29574,0.32511,-0.62577,0.63292,0.31957
0.101,-0.70787,0.29574,0.23275,-0.66567,0.67196,0.22625
0.101,-0.70787,0.29574,0.13565,-0.69202,0.69732,0.12831
0.101,-0.70787,0.29574,0.035781,-0.70428,0.70848,0.02777
0.101,-0.70787,0.29574,0.064812,0.7022,-0.70522,0.073341
0.10101,-0.70787,0.29574,0.16409,0.68583,-0.68761,0.17296
0.10101,-0.70787,0.29574,0.26002,0.6555,-0.65599,0.26905
0.10101,-0.70787,0.29574,0.35066,0.61182,-0.61102,0.35967
0.10106,-0.71242,0.29577,0.35066,0.61182,-0.61102,0.35967
0.10106,-0.71242,0.29577,0.26002,0.6555,-0.65599,0.26905
0.10106,-0.71242,0.29576,0.16409,0.68583,-0.68761,0.17296
0.10106,-0.71242,0.29576,0.064812,0.7022,-0.70522,0.073341
0.10105,-0.71242,0.29576,0.035781,-0.70428,0.70848,0.02777
0.10105,-0.71242,0.29576,0.13565,-0.69202,0.69732,0.12831
0.10105,-0.71242,0.29577,0.23275,-0.66567,0.67196,0.22625
0.10105,-0.71242,0.29577,0.32511,-0.62577,0.63292,0.31957
0.10105,-0.71242,0.29577,0.41086,-0.57313,0.581,0.4064
0.10105,-0.71242,0.29577,0.48824,-0.50882,0.51725,0.48494
0.10105,-0.71242,0.29577,0.55569,-0.43416,0.44297,0.55362
0.1011,-0.71696,0.2958,0.55569,-0.43416,0.44297,0.55362
0.1011,-0.71696,0.2958,0.48824,-0.50882,0.51725,0.48494
0.1011,-0.71696,0.29579,0.41086,-0.57313,0.581,0.4064
0.1011,-0.71696,0.29579,0.32511,-0.62577,0.63292,0.31957
0.1011,-0.71696,0.29579,0.23275,-0.66567,0.67196,0.22625
0.1011,-0.71696,0.29579,0.13565,-0.69202,0.69732,0.12831
0.10111,-0.71696,0.29579,0.035781,-0.70428,0.70848,0.02777
0.10111,-0.71696,0.29579,0.064812,0.7022,-0.70522,0.073341
0.10111,-0.71696,0.29579,0.16409,0.68583,-0.68761,0.17296
0.10111,-0.71696,0.29579,0.26002,0.6555,-0.65599,0.26905
0.10111,-0.71696,0.29579,0.35066,0.61182,-0.61102,0.35967
0.10117,-0.72151,0.29582,0.35066,0.61182,-0.61102,0.35967
0.10117,-0.72151,0.29582,0.26002,0.6555,-0.65599,0.26905
0.10116,-0.72151,0.29581,0.16409,0.68583,-0.68761,0.17296
0.10116,-0.72151,0.29581,0.064812,0.7022,-0.70522,0.073341
0.10116,-0.72151,0.29581,0.035781,-0.70428,0.70848,0.02777
0.10116,-0.72151,0.29581,0.13565,-0.69202,0.69732,0.12831
0.10116,-0.72151,0.29581,0.23275,-0.66567,0.67196,0.22625
0.10115,-0.72151,0.29582,0.32511,-0.62577,0.63292,0.31957
0.10115,-0.72151,0.29582,0.41086,-0.57313,0.581,0.4064
0.10115,-0.72151,0.29582,0.48824,-0.50882,0.51725,0.48494
0.10115,-0.72151,0.29582,0.55569,-0.43416,0.44297,0.55362
0.10121,-0.72605,0.29585,0.55569,-0.43416,0.44297,0.55362
0.10121,-0.72605,0.29584,0.48824,-0.50882,0.51725,0.48494
0.10121,-0.72605,0.29584,0.41086,-0.57313,0.581,0.4064
0.10121,-0.72605,0.29584,0.32511,-0.62577,0.63292,0.31957
0.10121,-0.72605,0.29584,0.23275,-0.66567,0.67196,0.22625
0.10121,-0.72605,0.29584,0.13565,-0.69202,0.69732,0.12831
0.10121,-0.72605,0.29584,0.035781,-0.70428,0.70848,0.02777
0.10121,-0.72605,0.29584,0.064812,0.7022,-0.70522,0.073341
0.10122,-0.72605,0.29584,0.16409,0.68583,-0.68761,0.17296
0.10122,-0.72605,0.29584,0.26002,0.6555,-0.65599,0.26905
0.10122,-0.72605,0.29584,0.35066,0.61182,-0.61102,0.35967
0.10127,-0.7306,0.29587,0.35066,0.61182,-0.61102,0.35967
0.10127,-0.7306,0.29586,0.26002,0.6555,-0.65599,0.26905
0.10127,-0.7306,0.29586,0.16409,0.68583,-0.68761,0.17296
0.10127,-0.7306,0.29586,0.064812,0.7022,-0.70522,0.073341
0.10126,-0.7306,0.29586,0.035781,-0.70428,0.70848,0.02777
0.10126,-0.7306,0.29586,0.13565,-0.69202,0.69732,0.12831
0.10126,-0.7306,0.29586,0.23275,-0.66567,0.67196,0.22625
0.10126,-0.7306,0.29587,0.32511,-0.62577,0.63292,0.31957
0.10126,-0.7306,0.29587,0.41086,-0.57313,0.581,0.4064
0.10126,-0.7306,0.29587,0.48824,-0.50882,0.51725,0.48494
0.10126,-0.7306,0.29587,0.55569,-0.43416,0.44297,0.55362
0.10131,-0.73514,0.2959,0.55569,-0.43416,0.44297,0.55362
0.10131,-0.73514,0.29589,0.48824,-0.50882,0.51725,0.48494
0.10131,-0.73514,0.29589,0.41086,-0.57313,0.581,0.4064
0.10131,-0.73514,0.29589,0.32511,-0.62577,0.63292,0.31957
0.10131,-0.73514,0.29589,0.23275,-0.66567,0.67196,0.22625
0.10132,-0.73514,0.29589,0.13565,-0.69202,0.69732,0.12831
0.10132,-0.73514,0.29589,0.035781,-0.70428,0.70848,0.02777
0.10132,-0.73514,0.29589,0.064812,0.7022,-0.70522,0.073341
0.10132,-0.73514,0.29589,0.16409,0.68583,-0.68761,0.17296
0.10132,-0.73514,0.29589,0.26002,0.6555,-0.65599,0.26905
0.10132,-0.73514,0.29589,0.35066,0.61182,-0.61102,0.35967
0.10138,-0.73969,0.29592,0.35066,0.61182,-0.61102,0.35967
0.10138,-0.73969,0.29591,0.26002,0.6555,-0.65599,0.26905
0.10137,-0.73969,0.29591,0.16409,0.68583,-0.68761,0.17296
0.10137,-0.73969,0.29591,0.064812,0.7022,-0.70522,0.073341
0.10137,-0.73969,0.29591,0.035781,-0.70428,0.70848,0.02777
0.10137,-0.73969,0.29591,0.13565,-0.69202,0.69732,0.12831
0.10137,-0.73969,0.29591,0.23275,-0.66567,0.67196,0.22625
0.10136,-0.73969,0.29592,0.32511,-0.62577,0.63292,0.31957
0.10136,-0.73969,0.29592,0.41086,-0.57313,0.581,0.4064
0.10136,-0.73969,0.29592,0.48824,-0.50882,0.51725,0.48494
0.10136,-0.73969,0.29592,0.55569,-0.43416,0.44297,0.55362
0.10142,-0.74423,0.29595,0.55569,-0.43416,0.44297,0.55362
0.10142,-0.74423,0.29594,0.48824,-0.50882,0.51725,0.48494
0.10142,-0.74423,0.29594,0.41086,-0.57313,0.581,0.4064
0.10142,-0.74423,0.29594,0.32511,-0.62577,0.63292,0.31957
0.10142,-0.74423,0.29594,0.23275,-0.66567,0.67196,0.22625
0.10142,-0.74423,0.29594,0.13565,-0.69202,0.69732,0.12831
0.10142,-0.74423,0.29594,0.035781,-0.70428,0.70848,0.02777
0.10143,-0.74423,0.29594,0.064812,0.7022,-0.70522,0.073341
0.10143,-0.74423,0.29594,0.16409,0.68583,-0.68761,0.17296
0.10143,-0.74423,0.29594,0.26002,0.6555,-0.65599,0.26905
0.10143,-0.74423,0.29594,0.35066,0.61182,-0.61102,0.35967
0.10148,-0.74878,0.29597,0.35066,0.61182,-0.61102,0.35967
0.10148,-0.74878,0.29596,0.26002,0.6555,-0.65599,0.26905
0.10148,-0.74878,0.29596,0.16409,0.68583,-0.68761,0.17296
0.10148,-0.74878,0.29596,0.064812,0.7022,-0.70522,0.073341
0.10148,-0.74878,0.29596,0.035781,-0.70428,0.70848,0.02777
0.10147,-0.74878,0.29596,0.13565,-0.69202,0.69732,0.12831
0.10147,-0.74878,0.29596,0.23275,-0.66567,0.67196,0.22625
0.10147,-0.74878,0.29596,0.32511,-0.62577,0.63292,0.31957
0.10147,-0.74878,0.29597,0.41086,-0.57313,0.581,0.4064
0.10147,-0.74878,0.29597,0.48824,-0.50882,0.51725,0.48494
0.10147,-0.74878,0.29597,0.55569,-0.43416,0.44297,0.55362
