0.099407,-0.72352,0.30531,0.56199,0.42471,-0.43034,0.56444
0.099172,-0.72352,0.30517,0.49443,0.49956,-0.50707,0.49885
0.098907,-0.72353,0.30511,0.4168,0.56425,-0.57348,0.42311
0.098635,-0.72353,0.30512,0.33069,0.61744,-0.62821,0.33875
0.098376,-0.72353,0.3052,0.23785,0.65807,-0.67016,0.2475
0.098153,-0.72353,0.30536,0.14016,0.68531,-0.69846,0.15121
0.097982,-0.72353,0.30557,0.039622,0.69859,-0.71254,0.051838
0.097878,-0.72353,0.30582,0.061725,-0.69765,0.71212,0.048587
0.097849,-0.72353,0.3061,0.16181,-0.68251,0.6972,0.14802
0.097898,-0.72353,0.30636,0.25861,-0.65347,0.66809,0.24444
0.098021,-0.72353,0.30661,0.35014,-0.61113,0.62538,0.33589
0.098073,-0.72807,0.30663,0.35014,-0.61113,0.62538,0.33589
0.097951,-0.72808,0.30639,0.25861,-0.65347,0.66809,0.24444
0.097902,-0.72808,0.30612,0.16181,-0.68251,0.6972,0.14802
0.097931,-0.72808,0.30585,0.061725,-0.69765,0.71212,0.048587
0.098035,-0.72808,0.3056,0.039622,0.69859,-0.71254,0.051838
0.098205,-0.72808,0.30538,0.14016,0.68531,-0.69846,0.15121
0.098429,-0.72808,0.30523,0.23785,0.65807,-0.67016,0.2475
0.098688,-0.72807,0.30514,0.33069,0.61744,-0.62821,0.33875
0.09896,-0.72807,0.30513,0.4168,0.56425,-0.57348,0.42311
0.099224,-0.72807,0.3052,0.49443,0.49956,-0.50707,0.49885
0.099459,-0.72806,0.30534,0.56199,0.42471,-0.43034,0.56444
0.099512,-0.73261,0.30536,0.56199,0.42471,-0.43034,0.56444
0.099277,-0.73261,0.30522,0.49443,0.49956,-0.50707,0.49885
0.099013,-0.73262,0.30516,0.4168,0.56425,-0.57348,0.42311
0.09874,-0.73262,0.30517,0.33069,0.61744,-0.62821,0.33875
0.098482,-0.73262,0.30525,0.23785,0.65807,-0.67016,0.2475
0.098258,-0.73262,0.30541,0.14016,0.68531,-0.69846,0.15121
0.098087,-0.73262,0.30562,0.039622,0.69859,-0.71254,0.051838
0.097983,-0.73262,0.30587,0.061725,-0.69765,0.71212,0.048587
0.097955,-0.73262,0.30614,0.16181,-0.68251,0.6972,0.14802
0.098004,-0.73262,0.30641,0.25861,-0.65347,0.66809,0.24444
0.098126,-0.73262,0.30666,0.35014,-0.61113,0.62538,0.33589
0.098179,-0.73716,0.30668,0.35014,-0.61113,0.62538,0.33589
0.098056,-0.73717,0.30644,0.25861,-0.65347,0.66809,0.24444
0.098007,-0.73717,0.30617,0.16181,-0.68251,0.6972,0.14802
0.098036,-0.73717,0.3059,0.061725,-0.69765,0.71212,0.048587
0.09814,-0.73717,0.30565,0.039622,0.69859,-0.71254,0.051838
0.098311,-0.73717,0.30543,0.14016,0.68531,-0.69846,0.15121
0.098534,-0.73717,0.30528,0.23785,0.65807,-0.67016,0.2475
0.098793,-0.73716,0.30519,0.33069,0.61744,-0.62821,0.33875
0.099065,-0.73716,0.30518,0.4168,0.56425,-0.57348,0.42311
0.09933,-0.73716,0.30525,0.49443,0.49956,-0.50707,0.49885
0.099564,-0.73715,0.30539,0.56199,0.42471,-0.43034,0.56444
0.099617,-0.7417,0.30541,0.56199,0.42471,-0.43034,0.56444
0.099382,-0.7417,0.30527,0.49443,0.49956,-0.50707,0.49885
0.099118,-0.74171,0.3052,0.4168,0.56425,-0.57348,0.42311
0.098846,-0.74171,0.30522,0.33069,0.61744,-0.62821,0.33875
0.098587,-0.74171,0.3053,0.23785,0.65807,-0.67016,0.2475
0.098363,-0.74171,0.30546,0.14016,0.68531,-0.69846,0.15121
0.098192,-0.74171,0.30567,0.039622,0.69859,-0.71254,0.051838
0.098089,-0.74171,0.30592,0.061725,-0.69765,0.71212,0.048587
0.09806,-0.74171,0.30619,0.16181,-0.68251,0.6972,0.14802
0.098109,-0.74171,0.30646,0.25861,-0.65347,0.66809,0.24444
0.098231,-0.74171,0.30671,0.35014,-0.61113,0.62538,0.33589
0.098284,-0.74625,0.30673,0.35014,-0.61113,0.62538,0.33589
0.098162,-0.74626,0.30649,0.25861,-0.65347,0.66809,0.24444
0.098113,-0.74626,0.30622,0.16181,-0.68251,0.6972,0.14802
0.098141,-0.74626,0.30595,0.061725,-0.69765,0.71212,0.048587
0.098245,-0.74626,0.3057,0.039622,0.69859,-0.71254,0.051838
0.098416,-0.74626,0.30548,0.14016,0.68531,-0.69846,0.15121
0.09864,-0.74626,0.30533,0.23785,0.65807,-0.67016,0.2475
0.098898,-0.74625,0.30524,0.33069,0.61744,-0.62821,0.33875
0.099171,-0.74625,0.30523,0.4168,0.56425,-0.57348,0.42311
0.099435,-0.74625,0.3053,0.49443,0.49956,-0.50707,0.49885
0.09967,-0.74624,0.30544,0.56199,0.42471,-0.43034,0.56444
0.099722,-0.75079,0.30546,0.56199,0.42471,-0.43034,0.56444
0.099488,-0.75079,0.30532,0.49443,0.49956,-0.50707,0.49885
0.099223,-0.7508,0.30525,0.4168,0.56425,-0.57348,0.42311
0.098951,-0.7508,0.30526,0.33069,0.61744,-0.62821,0.33875
0.098692,-0.7508,0.30535,0.23785,0.65807,-0.67016,0.2475
0.098469,-0.7508,0.30551,0.14016,0.68531,-0.69846,0.15121
0.098298,-0.7508,0.30572,0.039622,0.69859,-0.71254,0.051838
0.098194,-0.7508,0.30597,0.061725,-0.69765,0.71212,0.048587
0.098165,-0.7508,0.30624,0.16181,-0.68251,0.6972,0.14802
0.098214,-0.7508,0.30651,0.25861,-0.65347,0.66809,0.24444
0.098337,-0.7508,0.30676,0.35014,-0.61113,0.62538,0.33589
0.098389,-0.75534,0.30678,0.35014,-0.61113,0.62538,0.33589
0.098267,-0.75535,0.30654,0.25861,-0.65347,0.66809,0.24444
0.098218,-0.75535,0.30627,0.16181,-0.68251,0.6972,0.14802
0.098247,-0.75535,0.306,0.061725,-0.69765,0.71212,0.048587
0.09835,-0.75535,0.30574,0.039622,0.69859,-0.71254,0.051838
0.098521,-0.75535,0.30553,0.14016,0.68531,-0.69846,0.15121
0.098745,-0.75535,0.30538,0.23785,0.65807,-0.67016,0.2475
0.099003,-0.75534,0.30529,0.33069,0.61744,-0.62821,0.33875
0.099276,-0.75534,0.30528,0.4168,0.56425,-0.57348,0.42311
0.09954,-0.75534,0.30535,0.49443,0.49956,-0.50707,0.49885
0.099775,-0.75533,0.30548,0.56199,0.42471,-0.43034,0.56444
0.099828,-0.75988,0.30551,0.56199,0.42471,-0.43034,0.56444
0.099593,-0.75988,0.30537,0.49443,0.49956,-0.50707,0.49885
0.099329,-0.75989,0.3053,0.4168,0.56425,-0.57348,0.42311
0.099056,-0.75989,0.30531,0.33069,0.61744,-0.62821,0.33875
0.098798,-0.75989,0.3054,0.23785,0.65807,-0.67016,0.2475
0.098574,-0.75989,0.30556,0.14016,0.68531,-0.69846,0.15121
0.098403,-0.75989,0.30577,0.039622,0.69859,-0.71254,0.051838
0.098299,-0.75989,0.30602,0.061725,-0.69765,0.71212,0.048587
0.098271,-0.75989,0.30629,0.16181,-0.68251,0.6972,0.14802
0.09832,-0.75989,0.30656,0.25861,-0.65347,0.66809,0.24444
0.098442,-0.75989,0.3068,0.35014,-0.61113,0.62538,0.33589
0.098495,-0.76443,0.30683,0.35014,-0.61113,0.62538,0.33589
0.098372,-0.76444,0.30659,0.25861,-0.65347,0.66809,0.24444
0.098323,-0.76444,0.30632,0.16181,-0.68251,0.6972,0.14802
0.098352,-0.76444,0.30605,0.061725,-0.69765,0.71212,0.048587
0.098456,-0.76444,0.30579,0.039622,0.69859,-0.71254,0.051838
0.098627,-0.76444,0.30558,0.14016,0.68531,-0.69846,0.15121
0.09885,-0.76444,0.30543,0.23785,0.65807,-0.67016,0.2475
0.099109,-0.76443,0.30534,0.33069,0.61744,-0.62821,0.33875
0.099381,-0.76443,0.30533,0.4168,0.56425,-0.57348,0.42311
0.099646,-0.76443,0.3054,0.49443,0.49956,-0.50707,0.49885
0.09988,-0.76442,0.30553,0.56199,0.42471,-0.43034,0.56444
0.099933,-0.76897,0.30556,0.56199,0.42471,-0.43034,0.56444
0.099698,-0.76897,0.30542,0.49443,0.49956,-0.50707,0.49885
0.099434,-0.76898,0.30535,0.4168,0.56425,-0.57348,0.42311
0.099161,-0.76898,0.30536,0.33069,0.61744,-0.62821,0.33875
0.098903,-0.76898,0.30545,0.23785,0.65807,-0.67016,0.2475
0.098679,-0.76898,0.30561,0.14016,0.68531,-0.69846,0.15121
0.098508,-0.76898,0.30582,0.039622,0.69859,-0.71254,0.051838
0.098405,-0.76898,0.30607,0.061725,-0.69765,0.71212,0.048587
0.098376,-0.76898,0.30634,0.16181,-0.68251,0.6972,0.14802
0.098425,-0.76898,0.30661,0.25861,-0.65347,0.66809,0.24444
0.098547,-0.76898,0.30685,0.35014,-0.61113,0.62538,0.33589
0.099414,-0.72353,0.3039,0.56199,0.42471,-0.43034,0.56444
0.099179,-0.72353,0.30376,0.49443,0.49956,-0.50707,0.49885
0.098915,-0.72353,0.30369,0.4168,0.56425,-0.57348,0.42311
0.098642,-0.72354,0.3037,0.33069,0.61744,-0.62821,0.33875
0.098384,-0.72354,0.30379,0.23785,0.65807,-0.67016,0.2475
0.09816,-0.72354,0.30394,0.14016,0.68531,-0.69846,0.15121
0.097989,-0.72354,0.30416,0.039622,0.69859,-0.71254,0.051838
0.097886,-0.72354,0.30441,0.061725,-0.69765,0.71212,0.048587
0.097857,-0.72354,0.30468,0.16181,-0.68251,0.6972,0.14802
0.097906,-0.72354,0.30495,0.25861,-0.65347,0.66809,0.24444
0.098028,-0.72354,0.30519,0.35014,-0.61113,0.62538,0.33589
0.098081,-0.72808,0.30522,0.35014,-0.61113,0.62538,0.33589
0.097958,-0.72808,0.30497,0.25861,-0.65347,0.66809,0.24444
0.09791,-0.72809,0.30471,0.16181,-0.68251,0.6972,0.14802
0.097938,-0.72809,0.30443,0.061725,-0.69765,0.71212,0.048587
0.098042,-0.72809,0.30418,0.039622,0.69859,-0.71254,0.051838
0.098213,-0.72809,0.30397,0.14016,0.68531,-0.69846,0.15121
0.098436,-0.72808,0.30381,0.23785,0.65807,-0.67016,0.2475
0.098695,-0.72808,0.30373,0.33069,0.61744,-0.62821,0.33875
0.098968,-0.72808,0.30372,0.4168,0.56425,-0.57348,0.42311
0.099232,-0.72807,0.30378,0.49443,0.49956,-0.50707,0.49885
0.099467,-0.72807,0.30392,0.56199,0.42471,-0.43034,0.56444
0.099519,-0.73262,0.30395,0.56199,0.42471,-0.43034,0.56444
0.099285,-0.73262,0.30381,0.49443,0.49956,-0.50707,0.49885
0.09902,-0.73262,0.30374,0.4168,0.56425,-0.57348,0.42311
0.098748,-0.73263,0.30375,0.33069,0.61744,-0.62821,0.33875
0.098489,-0.73263,0.30384,0.23785,0.65807,-0.67016,0.2475
0.098265,-0.73263,0.30399,0.14016,0.68531,-0.69846,0.15121
0.098095,-0.73263,0.30421,0.039622,0.69859,-0.71254,0.051838
0.097991,-0.73263,0.30446,0.061725,-0.69765,0.71212,0.048587
0.097962,-0.73263,0.30473,0.16181,-0.68251,0.6972,0.14802
0.098011,-0.73263,0.305,0.25861,-0.65347,0.66809,0.24444
0.098134,-0.73263,0.30524,0.35014,-0.61113,0.62538,0.33589
0.098186,-0.73717,0.30527,0.35014,-0.61113,0.62538,0.33589
0.098064,-0.73717,0.30502,0.25861,-0.65347,0.66809,0.24444
0.098015,-0.73718,0.30475,0.16181,-0.68251,0.6972,0.14802
0.098043,-0.73718,0.30448,0.061725,-0.69765,0.71212,0.048587
0.098147,-0.73718,0.30423,0.039622,0.69859,-0.71254,0.051838
0.098318,-0.73718,0.30402,0.14016,0.68531,-0.69846,0.15121
0.098542,-0.73717,0.30386,0.23785,0.65807,-0.67016,0.2475
0.0988,-0.73717,0.30378,0.33069,0.61744,-0.62821,0.33875
0.099073,-0.73717,0.30377,0.4168,0.56425,-0.57348,0.42311
0.099337,-0.73717,0.30383,0.49443,0.49956,-0.50707,0.49885
0.099572,-0.73716,0.30397,0.56199,0.42471,-0.43034,0.56444
0.099625,-0.74171,0.304,0.56199,0.42471,-0.43034,0.56444
0.09939,-0.74171,0.30386,0.49443,0.49956,-0.50707,0.49885
0.099126,-0.74171,0.30379,0.4168,0.56425,-0.57348,0.42311
0.098853,-0.74172,0.3038,0.33069,0.61744,-0.62821,0.33875
0.098594,-0.74172,0.30389,0.23785,0.65807,-0.67016,0.2475
0.098371,-0.74172,0.30404,0.14016,0.68531,-0.69846,0.15121
0.0982,-0.74172,0.30426,0.039622,0.69859,-0.71254,0.051838
0.098096,-0.74172,0.30451,0.061725,-0.69765,0.71212,0.048587
0.098068,-0.74172,0.30478,0.16181,-0.68251,0.6972,0.14802
0.098116,-0.74172,0.30505,0.25861,-0.65347,0.66809,0.24444
0.098239,-0.74172,0.30529,0.35014,-0.61113,0.62538,0.33589
0.098292,-0.74626,0.30532,0.35014,-0.61113,0.62538,0.33589
0.098169,-0.74626,0.30507,0.25861,-0.65347,0.66809,0.24444
0.09812,-0.74627,0.3048,0.16181,-0.68251,0.6972,0.14802
0.098149,-0.74627,0.30453,0.061725,-0.69765,0.71212,0.048587
0.098253,-0.74627,0.30428,0.039622,0.69859,-0.71254,0.051838
0.098423,-0.74627,0.30407,0.14016,0.68531,-0.69846,0.15121
0.098647,-0.74626,0.30391,0.23785,0.65807,-0.67016,0.2475
0.098906,-0.74626,0.30383,0.33069,0.61744,-0.62821,0.33875
0.099178,-0.74626,0.30382,0.4168,0.56425,-0.57348,0.42311
0.099443,-0.74626,0.30388,0.49443,0.49956,-0.50707,0.49885
0.099677,-0.74625,0.30402,0.56199,0.42471,-0.43034,0.56444
0.09973,-0.7508,0.30405,0.56199,0.42471,-0.43034,0.56444
0.099495,-0.7508,0.30391,0.49443,0.49956,-0.50707,0.49885
0.099231,-0.7508,0.30384,0.4168,0.56425,-0.57348,0.42311
0.098958,-0.75081,0.30385,0.33069,0.61744,-0.62821,0.33875
0.0987,-0.75081,0.30394,0.23785,0.65807,-0.67016,0.2475
0.098476,-0.75081,0.30409,0.14016,0.68531,-0.69846,0.15121
0.098305,-0.75081,0.30431,0.039622,0.69859,-0.71254,0.051838
0.098201,-0.75081,0.30456,0.061725,-0.69765,0.71212,0.048587
0.098173,-0.75081,0.30483,0.16181,-0.68251,0.6972,0.14802
0.098222,-0.75081,0.3051,0.25861,-0.65347,0.66809,0.24444
0.098344,-0.75081,0.30534,0.35014,-0.61113,0.62538,0.33589
0.098397,-0.75535,0.30537,0.35014,-0.61113,0.62538,0.33589
0.098274,-0.75535,0.30512,0.25861,-0.65347,0.66809,0.24444
0.098225,-0.75536,0.30485,0.16181,-0.68251,0.6972,0.14802
0.098254,-0.75536,0.30458,0.061725,-0.69765,0.71212,0.048587
0.098358,-0.75536,0.30433,0.039622,0.69859,-0.71254,0.051838
0.098529,-0.75536,0.30412,0.14016,0.68531,-0.69846,0.15121
0.098752,-0.75535,0.30396,0.23785,0.65807,-0.67016,0.2475
0.099011,-0.75535,0.30388,0.33069,0.61744,-0.62821,0.33875
0.099284,-0.75535,0.30386,0.4168,0.56425,-0.57348,0.42311
0.099548,-0.75535,0.30393,0.49443,0.49956,-0.50707,0.49885
0.099783,-0.75534,0.30407,0.56199,0.42471,-0.43034,0.56444
0.099835,-0.75989,0.3041,0.56199,0.42471,-0.43034,0.56444
0.099601,-0.75989,0.30396,0.49443,0.49956,-0.50707,0.49885
0.099336,-0.75989,0.30389,0.4168,0.56425,-0.57348,0.42311
0.099064,-0.7599,0.3039,0.33069,0.61744,-0.62821,0.33875
0.098805,-0.7599,0.30399,0.23785,0.65807,-0.67016,0.2475
0.098581,-0.7599,0.30414,0.14016,0.68531,-0.69846,0.15121
0.098411,-0.7599,0.30436,0.039622,0.69859,-0.71254,0.051838
0.098307,-0.7599,0.30461,0.061725,-0.69765,0.71212,0.048587
0.098278,-0.7599,0.30488,0.16181,-0.68251,0.6972,0.14802
0.098327,-0.7599,0.30515,0.25861,-0.65347,0.66809,0.24444
0.09845,-0.7599,0.30539,0.35014,-0.61113,0.62538,0.33589
0.098502,-0.76444,0.30541,0.35014,-0.61113,0.62538,0.33589
0.09838,-0.76444,0.30517,0.25861,-0.65347,0.66809,0.24444
0.098331,-0.76445,0.3049,0.16181,-0.68251,0.6972,0.14802
0.098359,-0.76445,0.30463,0.061725,-0.69765,0.71212,0.048587
0.098463,-0.76445,0.30438,0.039622,0.69859,-0.71254,0.051838
0.098634,-0.76445,0.30417,0.14016,0.68531,-0.69846,0.15121
0.098858,-0.76444,0.30401,0.23785,0.65807,-0.67016,0.2475
0.099116,-0.76444,0.30392,0.33069,0.61744,-0.62821,0.33875
0.099389,-0.76444,0.30391,0.4168,0.56425,-0.57348,0.42311
0.099653,-0.76444,0.30398,0.49443,0.49956,-0.50707,0.49885
0.099888,-0.76443,0.30412,0.56199,0.42471,-0.43034,0.56444
0.099941,-0.76898,0.30414,0.56199,0.42471,-0.43034,0.56444
0.099706,-0.76898,0.30401,0.49443,0.49956,-0.50707,0.49885
0.099442,-0.76898,0.30394,0.4168,0.56425,-0.57348,0.42311
0.099169,-0.76899,0.30395,0.33069,0.61744,-0.62821,0.33875
0.09891,-0.76899,0.30404,0.23785,0.65807,-0.67016,0.2475
0.098687,-0.76899,0.30419,0.14016,0.68531,-0.69846,0.15121
0.098516,-0.76899,0.3044,0.039622,0.69859,-0.71254,0.051838
0.098412,-0.76899,0.30466,0.061725,-0.69765,0.71212,0.048587
0.098383,-0.76899,0.30493,0.16181,-0.68251,0.6972,0.14802
0.098432,-0.76899,0.3052,0.25861,-0.65347,0.66809,0.24444
0.098555,-0.76899,0.30544,0.35014,-0.61113,0.62538,0.33589
0.099422,-0.72353,0.30248,0.56199,0.42471,-0.43034,0.56444
0.099187,-0.72354,0.30234,0.49443,0.49956,-0.50707,0.49885
0.098922,-0.72354,0.30228,0.4168,0.56425,-0.57348,0.42311
0.09865,-0.72354,0.30229,0.33069,0.61744,-0.62821,0.33875
0.098391,-0.72355,0.30237,0.23785,0.65807,-0.67016,0.2475
0.098168,-0.72355,0.30253,0.14016,0.68531,-0.69846,0.15121
0.097997,-0.72355,0.30274,0.039622,0.69859,-0.71254,0.051838
0.097893,-0.72355,0.303,0.061725,-0.69765,0.71212,0.048587
0.097864,-0.72355,0.30327,0.16181,-0.68251,0.6972,0.14802
0.097913,-0.72355,0.30354,0.25861,-0.65347,0.66809,0.24444
0.098036,-0.72354,0.30378,0.35014,-0.61113,0.62538,0.33589
0.098089,-0.72809,0.3038,0.35014,-0.61113,0.62538,0.33589
0.097966,-0.72809,0.30356,0.25861,-0.65347,0.66809,0.24444
0.097917,-0.72809,0.30329,0.16181,-0.68251,0.6972,0.14802
0.097946,-0.72809,0.30302,0.061725,-0.69765,0.71212,0.048587
0.09805,-0.72809,0.30277,0.039622,0.69859,-0.71254,0.051838
0.09822,-0.72809,0.30256,0.14016,0.68531,-0.69846,0.15121
0.098444,-0.72809,0.3024,0.23785,0.65807,-0.67016,0.2475
0.098703,-0.72809,0.30231,0.33069,0.61744,-0.62821,0.33875
0.098975,-0.72809,0.3023,0.4168,0.56425,-0.57348,0.42311
0.099239,-0.72808,0.30237,0.49443,0.49956,-0.50707,0.49885
0.099474,-0.72808,0.30251,0.56199,0.42471,-0.43034,0.56444
0.099527,-0.73262,0.30253,0.56199,0.42471,-0.43034,0.56444
0.099292,-0.73263,0.30239,0.49443,0.49956,-0.50707,0.49885
0.099028,-0.73263,0.30233,0.4168,0.56425,-0.57348,0.42311
0.098755,-0.73263,0.30234,0.33069,0.61744,-0.62821,0.33875
0.098497,-0.73264,0.30242,0.23785,0.65807,-0.67016,0.2475
0.098273,-0.73264,0.30258,0.14016,0.68531,-0.69846,0.15121
0.098102,-0.73264,0.30279,0.039622,0.69859,-0.71254,0.051838
0.097998,-0.73264,0.30304,0.061725,-0.69765,0.71212,0.048587
0.09797,-0.73264,0.30332,0.16181,-0.68251,0.6972,0.14802
0.098019,-0.73264,0.30358,0.25861,-0.65347,0.66809,0.24444
0.098141,-0.73263,0.30383,0.35014,-0.61113,0.62538,0.33589
0.098194,-0.73718,0.30385,0.35014,-0.61113,0.62538,0.33589
0.098071,-0.73718,0.30361,0.25861,-0.65347,0.66809,0.24444
0.098022,-0.73718,0.30334,0.16181,-0.68251,0.6972,0.14802
0.098051,-0.73718,0.30307,0.061725,-0.69765,0.71212,0.048587
0.098155,-0.73718,0.30282,0.039622,0.69859,-0.71254,0.051838
0.098326,-0.73718,0.3026,0.14016,0.68531,-0.69846,0.15121
0.098549,-0.73718,0.30245,0.23785,0.65807,-0.67016,0.2475
0.098808,-0.73718,0.30236,0.33069,0.61744,-0.62821,0.33875
0.09908,-0.73718,0.30235,0.4168,0.56425,-0.57348,0.42311
0.099345,-0.73717,0.30242,0.49443,0.49956,-0.50707,0.49885
0.09958,-0.73717,0.30256,0.56199,0.42471,-0.43034,0.56444
0.099632,-0.74171,0.30258,0.56199,0.42471,-0.43034,0.56444
0.099397,-0.74172,0.30244,0.49443,0.49956,-0.50707,0.49885
0.099133,-0.74172,0.30238,0.4168,0.56425,-0.57348,0.42311
0.098861,-0.74172,0.30239,0.33069,0.61744,-0.62821,0.33875
0.098602,-0.74173,0.30247,0.23785,0.65807,-0.67016,0.2475
0.098378,-0.74173,0.30263,0.14016,0.68531,-0.69846,0.15121
0.098208,-0.74173,0.30284,0.039622,0.69859,-0.71254,0.051838
0.098104,-0.74173,0.30309,0.061725,-0.69765,0.71212,0.048587
0.098075,-0.74173,0.30337,0.16181,-0.68251,0.6972,0.14802
0.098124,-0.74173,0.30363,0.25861,-0.65347,0.66809,0.24444
0.098246,-0.74172,0.30388,0.35014,-0.61113,0.62538,0.33589
0.098299,-0.74627,0.3039,0.35014,-0.61113,0.62538,0.33589
0.098177,-0.74627,0.30366,0.25861,-0.65347,0.66809,0.24444
0.098128,-0.74627,0.30339,0.16181,-0.68251,0.6972,0.14802
0.098156,-0.74627,0.30312,0.061725,-0.69765,0.71212,0.048587
0.09826,-0.74627,0.30287,0.039622,0.69859,-0.71254,0.051838
0.098431,-0.74627,0.30265,0.14016,0.68531,-0.69846,0.15121
0.098655,-0.74627,0.3025,0.23785,0.65807,-0.67016,0.2475
0.098913,-0.74627,0.30241,0.33069,0.61744,-0.62821,0.33875
0.099186,-0.74627,0.3024,0.4168,0.56425,-0.57348,0.42311
0.09945,-0.74626,0.30247,0.49443,0.49956,-0.50707,0.49885
0.099685,-0.74626,0.30261,0.56199,0.42471,-0.43034,0.56444
0.099738,-0.7508,0.30263,0.56199,0.42471,-0.43034,0.56444
0.099503,-0.75081,0.30249,0.49443,0.49956,-0.50707,0.49885
0.099238,-0.75081,0.30243,0.4168,0.56425,-0.57348,0.42311
0.098966,-0.75081,0.30244,0.33069,0.61744,-0.62821,0.33875
0.098707,-0.75082,0.30252,0.23785,0.65807,-0.67016,0.2475
0.098484,-0.75082,0.30268,0.14016,0.68531,-0.69846,0.15121
0.098313,-0.75082,0.30289,0.039622,0.69859,-0.71254,0.051838
0.098209,-0.75082,0.30314,0.061725,-0.69765,0.71212,0.048587
0.09818,-0.75082,0.30341,0.16181,-0.68251,0.6972,0.14802
0.098229,-0.75082,0.30368,0.25861,-0.65347,0.66809,0.24444
0.098352,-0.75081,0.30393,0.35014,-0.61113,0.62538,0.33589
0.098404,-0.75536,0.30395,0.35014,-0.61113,0.62538,0.33589
0.098282,-0.75536,0.30371,0.25861,-0.65347,0.66809,0.24444
0.098233,-0.75536,0.30344,0.16181,-0.68251,0.6972,0.14802
0.098262,-0.75536,0.30317,0.061725,-0.69765,0.71212,0.048587
0.098366,-0.75536,0.30292,0.039622,0.69859,-0.71254,0.051838
0.098536,-0.75536,0.3027,0.14016,0.68531,-0.69846,0.15121
0.09876,-0.75536,0.30255,0.23785,0.65807,-0.67016,0.2475
0.099019,-0.75536,0.30246,0.33069,0.61744,-0.62821,0.33875
0.099291,-0.75536,0.30245,0.4168,0.56425,-0.57348,0.42311
0.099555,-0.75535,0.30252,0.49443,0.49956,-0.50707,0.49885
0.09979,-0.75535,0.30266,0.56199,0.42471,-0.43034,0.56444
0.099843,-0.75989,0.30268,0.56199,0.42471,-0.43034,0.56444
0.099608,-0.7599,0.30254,0.49443,0.49956,-0.50707,0.49885
0.099344,-0.7599,0.30248,0.4168,0.56425,-0.57348,0.42311
0.099071,-0.7599,0.30249,0.33069,0.61744,-0.62821,0.33875
0.098813,-0.75991,0.30257,0.23785,0.65807,-0.67016,0.2475
0.098589,-0.75991,0.30273,0.14016,0.68531,-0.69846,0.15121
0.098418,-0.75991,0.30294,0.039622,0.69859,-0.71254,0.051838
0.098314,-0.75991,0.30319,0.061725,-0.69765,0.71212,0.048587
0.098286,-0.75991,0.30346,0.16181,-0.68251,0.6972,0.14802
0.098335,-0.75991,0.30373,0.25861,-0.65347,0.66809,0.24444
0.098457,-0.7599,0.30398,0.35014,-0.61113,0.62538,0.33589
0.09851,-0.76445,0.304,0.35014,-0.61113,0.62538,0.33589
0.098387,-0.76445,0.30376,0.25861,-0.65347,0.66809,0.24444
0.098338,-0.76445,0.30349,0.16181,-0.68251,0.6972,0.14802
0.098367,-0.76445,0.30322,0.061725,-0.69765,0.71212,0.048587
0.098471,-0.76445,0.30297,0.039622,0.69859,-0.71254,0.051838
0.098642,-0.76445,0.30275,0.14016,0.68531,-0.69846,0.15121
0.098865,-0.76445,0.3026,0.23785,0.65807,-0.67016,0.2475
0.099124,-0.76445,0.30251,0.33069,0.61744,-0.62821,0.33875
0.099396,-0.76445,0.3025,0.4168,0.56425,-0.57348,0.42311
0.099661,-0.76444,0.30257,0.49443,0.49956,-0.50707,0.49885
0.099896,-0.76444,0.30271,0.56199,0.42471,-0.43034,0.56444
0.099948,-0.76898,0.30273,0.56199,0.42471,-0.43034,0.56444
0.099713,-0.76899,0.30259,0.49443,0.49956,-0.50707,0.49885
0.099449,-0.76899,0.30252,0.4168,0.56425,-0.57348,0.42311
0.099177,-0.76899,0.30253,0.33069,0.61744,-0.62821,0.33875
0.098918,-0.769,0.30262,0.23785,0.65807,-0.67016,0.2475
0.098694,-0.769,0.30278,0.14016,0.68531,-0.69846,0.15121
0.098524,-0.769,0.30299,0.039622,0.69859,-0.71254,0.051838
0.09842,-0.769,0.30324,0.061725,-0.69765,0.71212,0.048587
0.098391,-0.769,0.30351,0.16181,-0.68251,0.6972,0.14802
0.09844,-0.769,0.30378,0.25861,-0.65347,0.66809,0.24444
0.098562,-0.76899,0.30403,0.35014,-0.61113,0.62538,0.33589
0.099429,-0.72354,0.30107,0.56199,0.42471,-0.43034,0.56444
0.099194,-0.72354,0.30093,0.49443,0.49956,-0.50707,0.49885
0.09893,-0.72355,0.30086,0.4168,0.56425,-0.57348,0.42311
0.098657,-0.72355,0.30087,0.33069,0.61744,-0.62821,0.33875
0.098399,-0.72355,0.30096,0.23785,0.65807,-0.67016,0.2475
0.098175,-0.72356,0.30112,0.14016,0.68531,-0.69846,0.15121
0.098004,-0.72356,0.30133,0.039622,0.69859,-0.71254,0.051838
0.097901,-0.72356,0.30158,0.061725,-0.69765,0.71212,0.048587
0.097872,-0.72356,0.30185,0.16181,-0.68251,0.6972,0.14802
0.097921,-0.72355,0.30212,0.25861,-0.65347,0.66809,0.24444
0.098043,-0.72355,0.30236,0.35014,-0.61113,0.62538,0.33589
0.098096,-0.7281,0.30239,0.35014,-0.61113,0.62538,0.33589
0.097974,-0.7281,0.30215,0.25861,-0.65347,0.66809,0.24444
0.097925,-0.7281,0.30188,0.16181,-0.68251,0.6972,0.14802
0.097953,-0.7281,0.30161,0.061725,-0.69765,0.71212,0.048587
0.098057,-0.7281,0.30135,0.039622,0.69859,-0.71254,0.051838
0.098228,-0.7281,0.30114,0.14016,0.68531,-0.69846,0.15121
0.098452,-0.7281,0.30099,0.23785,0.65807,-0.67016,0.2475
0.09871,-0.7281,0.3009,0.33069,0.61744,-0.62821,0.33875
0.098983,-0.72809,0.30089,0.4168,0.56425,-0.57348,0.42311
0.099247,-0.72809,0.30096,0.49443,0.49956,-0.50707,0.49885
0.099482,-0.72809,0.30109,0.56199,0.42471,-0.43034,0.56444
0.099534,-0.73263,0.30112,0.56199,0.42471,-0.43034,0.56444
0.0993,-0.73264,0.30098,0.49443,0.49956,-0.50707,0.49885
0.099035,-0.73264,0.30091,0.4168,0.56425,-0.57348,0.42311
0.098763,-0.73264,0.30092,0.33069,0.61744,-0.62821,0.33875
0.098504,-0.73264,0.30101,0.23785,0.65807,-0.67016,0.2475
0.098281,-0.73265,0.30117,0.14016,0.68531,-0.69846,0.15121
0.09811,-0.73265,0.30138,0.039622,0.69859,-0.71254,0.051838
0.098006,-0.73265,0.30163,0.061725,-0.69765,0.71212,0.048587
0.097977,-0.73265,0.3019,0.16181,-0.68251,0.6972,0.14802
0.098026,-0.73264,0.30217,0.25861,-0.65347,0.66809,0.24444
0.098149,-0.73264,0.30241,0.35014,-0.61113,0.62538,0.33589
0.098201,-0.73719,0.30244,0.35014,-0.61113,0.62538,0.33589
0.098079,-0.73719,0.30219,0.25861,-0.65347,0.66809,0.24444
0.09803,-0.73719,0.30193,0.16181,-0.68251,0.6972,0.14802
0.098059,-0.73719,0.30166,0.061725,-0.69765,0.71212,0.048587
0.098162,-0.73719,0.3014,0.039622,0.69859,-0.71254,0.051838
0.098333,-0.73719,0.30119,0.14016,0.68531,-0.69846,0.15121
0.098557,-0.73719,0.30103,0.23785,0.65807,-0.67016,0.2475
0.098815,-0.73719,0.30095,0.33069,0.61744,-0.62821,0.33875
0.099088,-0.73718,0.30094,0.4168,0.56425,-0.57348,0.42311
0.099352,-0.73718,0.301,0.49443,0.49956,-0.50707,0.49885
0.099587,-0.73718,0.30114,0.56199,0.42471,-0.43034,0.56444
0.09964,-0.74172,0.30117,0.56199,0.42471,-0.43034,0.56444
0.099405,-0.74173,0.30103,0.49443,0.49956,-0.50707,0.49885
0.099141,-0.74173,0.30096,0.4168,0.56425,-0.57348,0.42311
0.098868,-0.74173,0.30097,0.33069,0.61744,-0.62821,0.33875
0.09861,-0.74173,0.30106,0.23785,0.65807,-0.67016,0.2475
0.098386,-0.74174,0.30122,0.14016,0.68531,-0.69846,0.15121
0.098215,-0.74174,0.30143,0.039622,0.69859,-0.71254,0.051838
0.098111,-0.74174,0.30168,0.061725,-0.69765,0.71212,0.048587
0.098083,-0.74174,0.30195,0.16181,-0.68251,0.6972,0.14802
0.098132,-0.74173,0.30222,0.25861,-0.65347,0.66809,0.24444
0.098254,-0.74173,0.30246,0.35014,-0.61113,0.62538,0.33589
0.098307,-0.74628,0.30249,0.35014,-0.61113,0.62538,0.33589
0.098184,-0.74628,0.30224,0.25861,-0.65347,0.66809,0.24444
0.098135,-0.74628,0.30198,0.16181,-0.68251,0.6972,0.14802
0.098164,-0.74628,0.3017,0.061725,-0.69765,0.71212,0.048587
0.098268,-0.74628,0.30145,0.039622,0.69859,-0.71254,0.051838
0.098438,-0.74628,0.30124,0.14016,0.68531,-0.69846,0.15121
0.098662,-0.74628,0.30108,0.23785,0.65807,-0.67016,0.2475
0.098921,-0.74628,0.301,0.33069,0.61744,-0.62821,0.33875
0.099193,-0.74627,0.30099,0.4168,0.56425,-0.57348,0.42311
0.099458,-0.74627,0.30105,0.49443,0.49956,-0.50707,0.49885
0.099692,-0.74627,0.30119,0.56199,0.42471,-0.43034,0.56444
0.099745,-0.75081,0.30122,0.56199,0.42471,-0.43034,0.56444
0.09951,-0.75082,0.30108,0.49443,0.49956,-0.50707,0.49885
0.099246,-0.75082,0.30101,0.4168,0.56425,-0.57348,0.42311
0.098973,-0.75082,0.30102,0.33069,0.61744,-0.62821,0.33875
0.098715,-0.75082,0.30111,0.23785,0.65807,-0.67016,0.2475
0.098491,-0.75083,0.30126,0.14016,0.68531,-0.69846,0.15121
0.09832,-0.75083,0.30148,0.039622,0.69859,-0.71254,0.051838
0.098217,-0.75083,0.30173,0.061725,-0.69765,0.71212,0.048587
0.098188,-0.75083,0.302,0.16181,-0.68251,0.6972,0.14802
0.098237,-0.75082,0.30227,0.25861,-0.65347,0.66809,0.24444
0.098359,-0.75082,0.30251,0.35014,-0.61113,0.62538,0.33589
0.098412,-0.75537,0.30254,0.35014,-0.61113,0.62538,0.33589
0.098289,-0.75537,0.30229,0.25861,-0.65347,0.66809,0.24444
0.098241,-0.75537,0.30203,0.16181,-0.68251,0.6972,0.14802
0.098269,-0.75537,0.30175,0.061725,-0.69765,0.71212,0.048587
0.098373,-0.75537,0.3015,0.039622,0.69859,-0.71254,0.051838
0.098544,-0.75537,0.30129,0.14016,0.68531,-0.69846,0.15121
0.098768,-0.75537,0.30113,0.23785,0.65807,-0.67016,0.2475
0.099026,-0.75537,0.30105,0.33069,0.61744,-0.62821,0.33875
0.099299,-0.75536,0.30104,0.4168,0.56425,-0.57348,0.42311
0.099563,-0.75536,0.3011,0.49443,0.49956,-0.50707,0.49885
0.099798,-0.75536,0.30124,0.56199,0.42471,-0.43034,0.56444
0.09985,-0.7599,0.30127,0.56199,0.42471,-0.43034,0.56444
0.099616,-0.75991,0.30113,0.49443,0.49956,-0.50707,0.49885
0.099351,-0.75991,0.30106,0.4168,0.56425,-0.57348,0.42311
0.099079,-0.75991,0.30107,0.33069,0.61744,-0.62821,0.33875
0.09882,-0.75991,0.30116,0.23785,0.65807,-0.67016,0.2475
0.098596,-0.75992,0.30131,0.14016,0.68531,-0.69846,0.15121
0.098426,-0.75992,0.30153,0.039622,0.69859,-0.71254,0.051838
0.098322,-0.75992,0.30178,0.061725,-0.69765,0.71212,0.048587
0.098293,-0.75992,0.30205,0.16181,-0.68251,0.6972,0.14802
0.098342,-0.75991,0.30232,0.25861,-0.65347,0.66809,0.24444
0.098465,-0.75991,0.30256,0.35014,-0.61113,0.62538,0.33589
0.098517,-0.76446,0.30259,0.35014,-0.61113,0.62538,0.33589
0.098395,-0.76446,0.30234,0.25861,-0.65347,0.66809,0.24444
0.098346,-0.76446,0.30207,0.16181,-0.68251,0.6972,0.14802
0.098375,-0.76446,0.3018,0.061725,-0.69765,0.71212,0.048587
0.098478,-0.76446,0.30155,0.039622,0.69859,-0.71254,0.051838
0.098649,-0.76446,0.30134,0.14016,0.68531,-0.69846,0.15121
0.098873,-0.76446,0.30118,0.23785,0.65807,-0.67016,0.2475
0.099131,-0.76446,0.3011,0.33069,0.61744,-0.62821,0.33875
0.099404,-0.76445,0.30109,0.4168,0.56425,-0.57348,0.42311
0.099668,-0.76445,0.30115,0.49443,0.49956,-0.50707,0.49885
0.099903,-0.76445,0.30129,0.56199,0.42471,-0.43034,0.56444
0.099956,-0.76899,0.30132,0.56199,0.42471,-0.43034,0.56444
0.099721,-0.769,0.30118,0.49443,0.49956,-0.50707,0.49885
0.099457,-0.769,0.30111,0.4168,0.56425,-0.57348,0.42311
0.099184,-0.769,0.30112,0.33069,0.61744,-0.62821,0.33875
0.098926,-0.769,0.30121,0.23785,0.65807,-0.67016,0.2475
0.098702,-0.76901,0.30136,0.14016,0.68531,-0.69846,0.15121
0.098531,-0.76901,0.30158,0.039622,0.69859,-0.71254,0.051838
0.098427,-0.76901,0.30183,0.061725,-0.69765,0.71212,0.048587
0.098399,-0.76901,0.3021,0.16181,-0.68251,0.6972,0.14802
0.098447,-0.769,0.30237,0.25861,-0.65347,0.66809,0.24444
0.09857,-0.769,0.30261,0.35014,-0.61113,0.62538,0.33589
0.099437,-0.72355,0.29966,0.56199,0.42471,-0.43034,0.56444
0.099202,-0.72355,0.29952,0.49443,0.49956,-0.50707,0.49885
0.098938,-0.72356,0.29945,0.4168,0.56425,-0.57348,0.42311
0.098665,-0.72356,0.29946,0.33069,0.61744,-0.62821,0.33875
0.098406,-0.72356,0.29955,0.23785,0.65807,-0.67016,0.2475
0.098183,-0.72356,0.2997,0.14016,0.68531,-0.69846,0.15121
0.098012,-0.72356,0.29992,0.039622,0.69859,-0.71254,0.051838
0.097908,-0.72356,0.30017,0.061725,-0.69765,0.71212,0.048587
0.097879,-0.72356,0.30044,0.16181,-0.68251,0.6972,0.14802
0.097928,-0.72356,0.30071,0.25861,-0.65347,0.66809,0.24444
0.098051,-0.72356,0.30095,0.35014,-0.61113,0.62538,0.33589
0.098104,-0.7281,0.30098,0.35014,-0.61113,0.62538,0.33589
0.097981,-0.72811,0.30073,0.25861,-0.65347,0.66809,0.24444
0.097932,-0.72811,0.30046,0.16181,-0.68251,0.6972,0.14802
0.097961,-0.72811,0.30019,0.061725,-0.69765,0.71212,0.048587
0.098065,-0.72811,0.29994,0.039622,0.69859,-0.71254,0.051838
0.098235,-0.72811,0.29973,0.14016,0.68531,-0.69846,0.15121
0.098459,-0.72811,0.29957,0.23785,0.65807,-0.67016,0.2475
0.098718,-0.7281,0.29948,0.33069,0.61744,-0.62821,0.33875
0.09899,-0.7281,0.29947,0.4168,0.56425,-0.57348,0.42311
0.099255,-0.7281,0.29954,0.49443,0.49956,-0.50707,0.49885
0.099489,-0.72809,0.29968,0.56199,0.42471,-0.43034,0.56444
0.099542,-0.73264,0.2997,0.56199,0.42471,-0.43034,0.56444
0.099307,-0.73264,0.29957,0.49443,0.49956,-0.50707,0.49885
0.099043,-0.73265,0.2995,0.4168,0.56425,-0.57348,0.42311
0.09877,-0.73265,0.29951,0.33069,0.61744,-0.62821,0.33875
0.098512,-0.73265,0.2996,0.23785,0.65807,-0.67016,0.2475
0.098288,-0.73265,0.29975,0.14016,0.68531,-0.69846,0.15121
0.098117,-0.73265,0.29996,0.039622,0.69859,-0.71254,0.051838
0.098013,-0.73265,0.30022,0.061725,-0.69765,0.71212,0.048587
0.097985,-0.73265,0.30049,0.16181,-0.68251,0.6972,0.14802
0.098034,-0.73265,0.30076,0.25861,-0.65347,0.66809,0.24444
0.098156,-0.73265,0.301,0.35014,-0.61113,0.62538,0.33589
0.098209,-0.73719,0.30102,0.35014,-0.61113,0.62538,0.33589
0.098086,-0.7372,0.30078,0.25861,-0.65347,0.66809,0.24444
0.098037,-0.7372,0.30051,0.16181,-0.68251,0.6972,0.14802
0.098066,-0.7372,0.30024,0.061725,-0.69765,0.71212,0.048587
0.09817,-0.7372,0.29999,0.039622,0.69859,-0.71254,0.051838
0.098341,-0.7372,0.29978,0.14016,0.68531,-0.69846,0.15121
0.098564,-0.7372,0.29962,0.23785,0.65807,-0.67016,0.2475
0.098823,-0.73719,0.29953,0.33069,0.61744,-0.62821,0.33875
0.099096,-0.73719,0.29952,0.4168,0.56425,-0.57348,0.42311
0.09936,-0.73719,0.29959,0.49443,0.49956,-0.50707,0.49885
0.099595,-0.73718,0.29973,0.56199,0.42471,-0.43034,0.56444
0.099647,-0.74173,0.29975,0.56199,0.42471,-0.43034,0.56444
0.099413,-0.74173,0.29962,0.49443,0.49956,-0.50707,0.49885
0.099148,-0.74174,0.29955,0.4168,0.56425,-0.57348,0.42311
0.098876,-0.74174,0.29956,0.33069,0.61744,-0.62821,0.33875
0.098617,-0.74174,0.29965,0.23785,0.65807,-0.67016,0.2475
0.098393,-0.74174,0.2998,0.14016,0.68531,-0.69846,0.15121
0.098223,-0.74174,0.30001,0.039622,0.69859,-0.71254,0.051838
0.098119,-0.74174,0.30027,0.061725,-0.69765,0.71212,0.048587
0.09809,-0.74174,0.30054,0.16181,-0.68251,0.6972,0.14802
0.098139,-0.74174,0.30081,0.25861,-0.65347,0.66809,0.24444
0.098262,-0.74174,0.30105,0.35014,-0.61113,0.62538,0.33589
0.098314,-0.74628,0.30107,0.35014,-0.61113,0.62538,0.33589
0.098192,-0.74629,0.30083,0.25861,-0.65347,0.66809,0.24444
0.098143,-0.74629,0.30056,0.16181,-0.68251,0.6972,0.14802
0.098171,-0.74629,0.30029,0.061725,-0.69765,0.71212,0.048587
0.098275,-0.74629,0.30004,0.039622,0.69859,-0.71254,0.051838
0.098446,-0.74629,0.29983,0.14016,0.68531,-0.69846,0.15121
0.09867,-0.74629,0.29967,0.23785,0.65807,-0.67016,0.2475
0.098928,-0.74628,0.29958,0.33069,0.61744,-0.62821,0.33875
0.099201,-0.74628,0.29957,0.4168,0.56425,-0.57348,0.42311
0.099465,-0.74628,0.29964,0.49443,0.49956,-0.50707,0.49885
0.0997,-0.74627,0.29978,0.56199,0.42471,-0.43034,0.56444
0.099753,-0.75082,0.2998,0.56199,0.42471,-0.43034,0.56444
0.099518,-0.75082,0.29966,0.49443,0.49956,-0.50707,0.49885
0.099253,-0.75083,0.2996,0.4168,0.56425,-0.57348,0.42311
0.098981,-0.75083,0.29961,0.33069,0.61744,-0.62821,0.33875
0.098722,-0.75083,0.29969,0.23785,0.65807,-0.67016,0.2475
0.098499,-0.75083,0.29985,0.14016,0.68531,-0.69846,0.15121
0.098328,-0.75083,0.30006,0.039622,0.69859,-0.71254,0.051838
0.098224,-0.75083,0.30032,0.061725,-0.69765,0.71212,0.048587
0.098195,-0.75083,0.30059,0.16181,-0.68251,0.6972,0.14802
0.098244,-0.75083,0.30085,0.25861,-0.65347,0.66809,0.24444
0.098367,-0.75083,0.3011,0.35014,-0.61113,0.62538,0.33589
0.09842,-0.75537,0.30112,0.35014,-0.61113,0.62538,0.33589
0.098297,-0.75538,0.30088,0.25861,-0.65347,0.66809,0.24444
0.098248,-0.75538,0.30061,0.16181,-0.68251,0.6972,0.14802
0.098277,-0.75538,0.30034,0.061725,-0.69765,0.71212,0.048587
0.098381,-0.75538,0.30009,0.039622,0.69859,-0.71254,0.051838
0.098551,-0.75538,0.29988,0.14016,0.68531,-0.69846,0.15121
0.098775,-0.75538,0.29972,0.23785,0.65807,-0.67016,0.2475
0.099034,-0.75537,0.29963,0.33069,0.61744,-0.62821,0.33875
0.099306,-0.75537,0.29962,0.4168,0.56425,-0.57348,0.42311
0.099571,-0.75537,0.29969,0.49443,0.49956,-0.50707,0.49885
0.099805,-0.75536,0.29983,0.56199,0.42471,-0.43034,0.56444
0.099858,-0.75991,0.29985,0.56199,0.42471,-0.43034,0.56444
0.099623,-0.75991,0.29971,0.49443,0.49956,-0.50707,0.49885
0.099359,-0.75992,0.29965,0.4168,0.56425,-0.57348,0.42311
0.099086,-0.75992,0.29966,0.33069,0.61744,-0.62821,0.33875
0.098828,-0.75992,0.29974,0.23785,0.65807,-0.67016,0.2475
0.098604,-0.75992,0.2999,0.14016,0.68531,-0.69846,0.15121
0.098433,-0.75992,0.30011,0.039622,0.69859,-0.71254,0.051838
0.098329,-0.75992,0.30036,0.061725,-0.69765,0.71212,0.048587
0.098301,-0.75992,0.30064,0.16181,-0.68251,0.6972,0.14802
0.09835,-0.75992,0.3009,0.25861,-0.65347,0.66809,0.24444
0.098472,-0.75992,0.30115,0.35014,-0.61113,0.62538,0.33589
0.098525,-0.76446,0.30117,0.35014,-0.61113,0.62538,0.33589
0.098402,-0.76447,0.30093,0.25861,-0.65347,0.66809,0.24444
0.098353,-0.76447,0.30066,0.16181,-0.68251,0.6972,0.14802
0.098382,-0.76447,0.30039,0.061725,-0.69765,0.71212,0.048587
0.098486,-0.76447,0.30014,0.039622,0.69859,-0.71254,0.051838
0.098657,-0.76447,0.29992,0.14016,0.68531,-0.69846,0.15121
0.09888,-0.76447,0.29977,0.23785,0.65807,-0.67016,0.2475
0.099139,-0.76446,0.29968,0.33069,0.61744,-0.62821,0.33875
0.099411,-0.76446,0.29967,0.4168,0.56425,-0.57348,0.42311
0.099676,-0.76446,0.29974,0.49443,0.49956,-0.50707,0.49885
0.099911,-0.76445,0.29988,0.56199,0.42471,-0.43034,0.56444
0.099963,-0.769,0.2999,0.56199,0.42471,-0.43034,0.56444
0.099728,-0.769,0.29976,0.49443,0.49956,-0.50707,0.49885
0.099464,-0.76901,0.2997,0.4168,0.56425,-0.57348,0.42311
0.099192,-0.76901,0.29971,0.33069,0.61744,-0.62821,0.33875
0.098933,-0.76901,0.29979,0.23785,0.65807,-0.67016,0.2475
0.098709,-0.76901,0.29995,0.14016,0.68531,-0.69846,0.15121
0.098539,-0.76901,0.30016,0.039622,0.69859,-0.71254,0.051838
0.098435,-0.76901,0.30041,0.061725,-0.69765,0.71212,0.048587
0.098406,-0.76901,0.30069,0.16181,-0.68251,0.6972,0.14802
0.098455,-0.76901,0.30095,0.25861,-0.65347,0.66809,0.24444
0.098578,-0.76901,0.3012,0.35014,-0.61113,0.62538,0.33589
0.099444,-0.72356,0.29824,0.56199,0.42471,-0.43034,0.56444
0.099209,-0.72356,0.2981,0.49443,0.49956,-0.50707,0.49885
0.098945,-0.72356,0.29804,0.4168,0.56425,-0.57348,0.42311
0.098673,-0.72357,0.29805,0.33069,0.61744,-0.62821,0.33875
0.098414,-0.72357,0.29813,0.23785,0.65807,-0.67016,0.2475
0.09819,-0.72357,0.29829,0.14016,0.68531,-0.69846,0.15121
0.09802,-0.72357,0.2985,0.039622,0.69859,-0.71254,0.051838
0.097916,-0.72357,0.29875,0.061725,-0.69765,0.71212,0.048587
0.097887,-0.72357,0.29902,0.16181,-0.68251,0.6972,0.14802
0.097936,-0.72357,0.29929,0.25861,-0.65347,0.66809,0.24444
0.098058,-0.72357,0.29954,0.35014,-0.61113,0.62538,0.33589
0.098111,-0.72811,0.29956,0.35014,-0.61113,0.62538,0.33589
0.097989,-0.72811,0.29932,0.25861,-0.65347,0.66809,0.24444
0.09794,-0.72812,0.29905,0.16181,-0.68251,0.6972,0.14802
0.097968,-0.72812,0.29878,0.061725,-0.69765,0.71212,0.048587
0.098072,-0.72812,0.29853,0.039622,0.69859,-0.71254,0.051838
0.098243,-0.72812,0.29831,0.14016,0.68531,-0.69846,0.15121
0.098467,-0.72811,0.29816,0.23785,0.65807,-0.67016,0.2475
0.098725,-0.72811,0.29807,0.33069,0.61744,-0.62821,0.33875
0.098998,-0.72811,0.29806,0.4168,0.56425,-0.57348,0.42311
0.099262,-0.72811,0.29813,0.49443,0.49956,-0.50707,0.49885
0.099497,-0.7281,0.29827,0.56199,0.42471,-0.43034,0.56444
0.09955,-0.73265,0.29829,0.56199,0.42471,-0.43034,0.56444
0.099315,-0.73265,0.29815,0.49443,0.49956,-0.50707,0.49885
0.09905,-0.73265,0.29808,0.4168,0.56425,-0.57348,0.42311
0.098778,-0.73266,0.29809,0.33069,0.61744,-0.62821,0.33875
0.098519,-0.73266,0.29818,0.23785,0.65807,-0.67016,0.2475
0.098296,-0.73266,0.29834,0.14016,0.68531,-0.69846,0.15121
0.098125,-0.73266,0.29855,0.039622,0.69859,-0.71254,0.051838
0.098021,-0.73266,0.2988,0.061725,-0.69765,0.71212,0.048587
0.097992,-0.73266,0.29907,0.16181,-0.68251,0.6972,0.14802
0.098041,-0.73266,0.29934,0.25861,-0.65347,0.66809,0.24444
0.098164,-0.73266,0.29959,0.35014,-0.61113,0.62538,0.33589
0.098216,-0.7372,0.29961,0.35014,-0.61113,0.62538,0.33589
0.098094,-0.7372,0.29937,0.25861,-0.65347,0.66809,0.24444
0.098045,-0.73721,0.2991,0.16181,-0.68251,0.6972,0.14802
0.098074,-0.73721,0.29883,0.061725,-0.69765,0.71212,0.048587
0.098178,-0.73721,0.29857,0.039622,0.69859,-0.71254,0.051838
0.098348,-0.73721,0.29836,0.14016,0.68531,-0.69846,0.15121
0.098572,-0.7372,0.29821,0.23785,0.65807,-0.67016,0.2475
0.098831,-0.7372,0.29812,0.33069,0.61744,-0.62821,0.33875
0.099103,-0.7372,0.29811,0.4168,0.56425,-0.57348,0.42311
0.099367,-0.7372,0.29818,0.49443,0.49956,-0.50707,0.49885
0.099602,-0.73719,0.29832,0.56199,0.42471,-0.43034,0.56444
0.099655,-0.74174,0.29834,0.56199,0.42471,-0.43034,0.56444
0.09942,-0.74174,0.2982,0.49443,0.49956,-0.50707,0.49885
0.099156,-0.74174,0.29813,0.4168,0.56425,-0.57348,0.42311
0.098883,-0.74175,0.29814,0.33069,0.61744,-0.62821,0.33875
0.098625,-0.74175,0.29823,0.23785,0.65807,-0.67016,0.2475
0.098401,-0.74175,0.29839,0.14016,0.68531,-0.69846,0.15121
0.09823,-0.74175,0.2986,0.039622,0.69859,-0.71254,0.051838
0.098126,-0.74175,0.29885,0.061725,-0.69765,0.71212,0.048587
0.098098,-0.74175,0.29912,0.16181,-0.68251,0.6972,0.14802
0.098147,-0.74175,0.29939,0.25861,-0.65347,0.66809,0.24444
0.098269,-0.74175,0.29963,0.35014,-0.61113,0.62538,0.33589
0.098322,-0.74629,0.29966,0.35014,-0.61113,0.62538,0.33589
0.098199,-0.74629,0.29942,0.25861,-0.65347,0.66809,0.24444
0.09815,-0.7463,0.29915,0.16181,-0.68251,0.6972,0.14802
0.098179,-0.7463,0.29888,0.061725,-0.69765,0.71212,0.048587
0.098283,-0.7463,0.29862,0.039622,0.69859,-0.71254,0.051838
0.098454,-0.7463,0.29841,0.14016,0.68531,-0.69846,0.15121
0.098677,-0.74629,0.29826,0.23785,0.65807,-0.67016,0.2475
0.098936,-0.74629,0.29817,0.33069,0.61744,-0.62821,0.33875
0.099208,-0.74629,0.29816,0.4168,0.56425,-0.57348,0.42311
0.099473,-0.74629,0.29823,0.49443,0.49956,-0.50707,0.49885
0.099708,-0.74628,0.29836,0.56199,0.42471,-0.43034,0.56444
0.09976,-0.75083,0.29839,0.56199,0.42471,-0.43034,0.56444
0.099525,-0.75083,0.29825,0.49443,0.49956,-0.50707,0.49885
0.099261,-0.75083,0.29818,0.4168,0.56425,-0.57348,0.42311
0.098989,-0.75084,0.29819,0.33069,0.61744,-0.62821,0.33875
0.09873,-0.75084,0.29828,0.23785,0.65807,-0.67016,0.2475
0.098506,-0.75084,0.29844,0.14016,0.68531,-0.69846,0.15121
0.098336,-0.75084,0.29865,0.039622,0.69859,-0.71254,0.051838
0.098232,-0.75084,0.2989,0.061725,-0.69765,0.71212,0.048587
0.098203,-0.75084,0.29917,0.16181,-0.68251,0.6972,0.14802
0.098252,-0.75084,0.29944,0.25861,-0.65347,0.66809,0.24444
0.098374,-0.75084,0.29968,0.35014,-0.61113,0.62538,0.33589
0.098427,-0.75538,0.29971,0.35014,-0.61113,0.62538,0.33589
0.098305,-0.75538,0.29947,0.25861,-0.65347,0.66809,0.24444
0.098256,-0.75539,0.2992,0.16181,-0.68251,0.6972,0.14802
0.098284,-0.75539,0.29893,0.061725,-0.69765,0.71212,0.048587
0.098388,-0.75539,0.29867,0.039622,0.69859,-0.71254,0.051838
0.098559,-0.75539,0.29846,0.14016,0.68531,-0.69846,0.15121
0.098783,-0.75538,0.29831,0.23785,0.65807,-0.67016,0.2475
0.099041,-0.75538,0.29822,0.33069,0.61744,-0.62821,0.33875
0.099314,-0.75538,0.29821,0.4168,0.56425,-0.57348,0.42311
0.099578,-0.75538,0.29828,0.49443,0.49956,-0.50707,0.49885
0.099813,-0.75537,0.29841,0.56199,0.42471,-0.43034,0.56444
0.099865,-0.75992,0.29844,0.56199,0.42471,-0.43034,0.56444
0.099631,-0.75992,0.2983,0.49443,0.49956,-0.50707,0.49885
0.099366,-0.75992,0.29823,0.4168,0.56425,-0.57348,0.42311
0.099094,-0.75993,0.29824,0.33069,0.61744,-0.62821,0.33875
0.098835,-0.75993,0.29833,0.23785,0.65807,-0.67016,0.2475
0.098612,-0.75993,0.29849,0.14016,0.68531,-0.69846,0.15121
0.098441,-0.75993,0.2987,0.039622,0.69859,-0.71254,0.051838
0.098337,-0.75993,0.29895,0.061725,-0.69765,0.71212,0.048587
0.098308,-0.75993,0.29922,0.16181,-0.68251,0.6972,0.14802
0.098357,-0.75993,0.29949,0.25861,-0.65347,0.66809,0.24444
0.09848,-0.75993,0.29973,0.35014,-0.61113,0.62538,0.33589
0.098532,-0.76447,0.29976,0.35014,-0.61113,0.62538,0.33589
0.09841,-0.76447,0.29951,0.25861,-0.65347,0.66809,0.24444
0.098361,-0.76448,0.29925,0.16181,-0.68251,0.6972,0.14802
0.09839,-0.76448,0.29898,0.061725,-0.69765,0.71212,0.048587
0.098493,-0.76448,0.29872,0.039622,0.69859,-0.71254,0.051838
0.098664,-0.76448,0.29851,0.14016,0.68531,-0.69846,0.15121
0.098888,-0.76447,0.29835,0.23785,0.65807,-0.67016,0.2475
0.099147,-0.76447,0.29827,0.33069,0.61744,-0.62821,0.33875
0.099419,-0.76447,0.29826,0.4168,0.56425,-0.57348,0.42311
0.099683,-0.76447,0.29832,0.49443,0.49956,-0.50707,0.49885
0.099918,-0.76446,0.29846,0.56199,0.42471,-0.43034,0.56444
0.099971,-0.76901,0.29849,0.56199,0.42471,-0.43034,0.56444
0.099736,-0.76901,0.29835,0.49443,0.49956,-0.50707,0.49885
0.099472,-0.76901,0.29828,0.4168,0.56425,-0.57348,0.42311
0.099199,-0.76902,0.29829,0.33069,0.61744,-0.62821,0.33875
0.098941,-0.76902,0.29838,0.23785,0.65807,-0.67016,0.2475
0.098717,-0.76902,0.29854,0.14016,0.68531,-0.69846,0.15121
0.098546,-0.76902,0.29875,0.039622,0.69859,-0.71254,0.051838
0.098442,-0.76902,0.299,0.061725,-0.69765,0.71212,0.048587
0.098414,-0.76902,0.29927,0.16181,-0.68251,0.6972,0.14802
0.098463,-0.76902,0.29954,0.25861,-0.65347,0.66809,0.24444
0.098585,-0.76902,0.29978,0.35014,-0.61113,0.62538,0.33589
0.099452,-0.72356,0.29683,0.56199,0.42471,-0.43034,0.56444
0.099217,-0.72357,0.29669,0.49443,0.49956,-0.50707,0.49885
0.098953,-0.72357,0.29662,0.4168,0.56425,-0.57348,0.42311
0.09868,-0.72357,0.29663,0.33069,0.61744,-0.62821,0.33875
0.098422,-0.72358,0.29672,0.23785,0.65807,-0.67016,0.2475
0.098198,-0.72358,0.29687,0.14016,0.68531,-0.69846,0.15121
0.098027,-0.72358,0.29709,0.039622,0.69859,-0.71254,0.051838
0.097923,-0.72358,0.29734,0.061725,-0.69765,0.71212,0.048587
0.097895,-0.72358,0.29761,0.16181,-0.68251,0.6972,0.14802
0.097943,-0.72358,0.29788,0.25861,-0.65347,0.66809,0.24444
0.098066,-0.72357,0.29812,0.35014,-0.61113,0.62538,0.33589
0.098119,-0.72812,0.29815,0.35014,-0.61113,0.62538,0.33589
0.097996,-0.72812,0.2979,0.25861,-0.65347,0.66809,0.24444
0.097947,-0.72812,0.29763,0.16181,-0.68251,0.6972,0.14802
0.097976,-0.72812,0.29736,0.061725,-0.69765,0.71212,0.048587
0.09808,-0.72812,0.29711,0.039622,0.69859,-0.71254,0.051838
0.09825,-0.72812,0.2969,0.14016,0.68531,-0.69846,0.15121
0.098474,-0.72812,0.29674,0.23785,0.65807,-0.67016,0.2475
0.098733,-0.72812,0.29666,0.33069,0.61744,-0.62821,0.33875
0.099005,-0.72812,0.29665,0.4168,0.56425,-0.57348,0.42311
0.09927,-0.72811,0.29671,0.49443,0.49956,-0.50707,0.49885
0.099504,-0.72811,0.29685,0.56199,0.42471,-0.43034,0.56444
0.099557,-0.73265,0.29688,0.56199,0.42471,-0.43034,0.56444
0.099322,-0.73266,0.29674,0.49443,0.49956,-0.50707,0.49885
0.099058,-0.73266,0.29667,0.4168,0.56425,-0.57348,0.42311
0.098785,-0.73266,0.29668,0.33069,0.61744,-0.62821,0.33875
0.098527,-0.73267,0.29677,0.23785,0.65807,-0.67016,0.2475
0.098303,-0.73267,0.29692,0.14016,0.68531,-0.69846,0.15121
0.098132,-0.73267,0.29714,0.039622,0.69859,-0.71254,0.051838
0.098029,-0.73267,0.29739,0.061725,-0.69765,0.71212,0.048587
0.098,-0.73267,0.29766,0.16181,-0.68251,0.6972,0.14802
0.098049,-0.73267,0.29793,0.25861,-0.65347,0.66809,0.24444
0.098171,-0.73266,0.29817,0.35014,-0.61113,0.62538,0.33589
0.098224,-0.73721,0.2982,0.35014,-0.61113,0.62538,0.33589
0.098101,-0.73721,0.29795,0.25861,-0.65347,0.66809,0.24444
0.098053,-0.73721,0.29768,0.16181,-0.68251,0.6972,0.14802
0.098081,-0.73721,0.29741,0.061725,-0.69765,0.71212,0.048587
0.098185,-0.73721,0.29716,0.039622,0.69859,-0.71254,0.051838
0.098356,-0.73721,0.29695,0.14016,0.68531,-0.69846,0.15121
0.098579,-0.73721,0.29679,0.23785,0.65807,-0.67016,0.2475
0.098838,-0.73721,0.29671,0.33069,0.61744,-0.62821,0.33875
0.099111,-0.73721,0.2967,0.4168,0.56425,-0.57348,0.42311
0.099375,-0.7372,0.29676,0.49443,0.49956,-0.50707,0.49885
0.09961,-0.7372,0.2969,0.56199,0.42471,-0.43034,0.56444
0.099662,-0.74174,0.29693,0.56199,0.42471,-0.43034,0.56444
0.099428,-0.74175,0.29679,0.49443,0.49956,-0.50707,0.49885
0.099163,-0.74175,0.29672,0.4168,0.56425,-0.57348,0.42311
0.098891,-0.74175,0.29673,0.33069,0.61744,-0.62821,0.33875
0.098632,-0.74176,0.29682,0.23785,0.65807,-0.67016,0.2475
0.098408,-0.74176,0.29697,0.14016,0.68531,-0.69846,0.15121
0.098238,-0.74176,0.29719,0.039622,0.69859,-0.71254,0.051838
0.098134,-0.74176,0.29744,0.061725,-0.69765,0.71212,0.048587
0.098105,-0.74176,0.29771,0.16181,-0.68251,0.6972,0.14802
0.098154,-0.74176,0.29798,0.25861,-0.65347,0.66809,0.24444
0.098277,-0.74175,0.29822,0.35014,-0.61113,0.62538,0.33589
0.098329,-0.7463,0.29825,0.35014,-0.61113,0.62538,0.33589
0.098207,-0.7463,0.298,0.25861,-0.65347,0.66809,0.24444
0.098158,-0.7463,0.29773,0.16181,-0.68251,0.6972,0.14802
0.098187,-0.7463,0.29746,0.061725,-0.69765,0.71212,0.048587
0.09829,-0.7463,0.29721,0.039622,0.69859,-0.71254,0.051838
0.098461,-0.7463,0.297,0.14016,0.68531,-0.69846,0.15121
0.098685,-0.7463,0.29684,0.23785,0.65807,-0.67016,0.2475
0.098943,-0.7463,0.29675,0.33069,0.61744,-0.62821,0.33875
0.099216,-0.7463,0.29674,0.4168,0.56425,-0.57348,0.42311
0.09948,-0.74629,0.29681,0.49443,0.49956,-0.50707,0.49885
0.099715,-0.74629,0.29695,0.56199,0.42471,-0.43034,0.56444
0.099768,-0.75083,0.29697,0.56199,0.42471,-0.43034,0.56444
0.099533,-0.75084,0.29684,0.49443,0.49956,-0.50707,0.49885
0.099269,-0.75084,0.29677,0.4168,0.56425,-0.57348,0.42311
0.098996,-0.75084,0.29678,0.33069,0.61744,-0.62821,0.33875
0.098737,-0.75085,0.29687,0.23785,0.65807,-0.67016,0.2475
0.098514,-0.75085,0.29702,0.14016,0.68531,-0.69846,0.15121
0.098343,-0.75085,0.29723,0.039622,0.69859,-0.71254,0.051838
0.098239,-0.75085,0.29749,0.061725,-0.69765,0.71212,0.048587
0.098211,-0.75085,0.29776,0.16181,-0.68251,0.6972,0.14802
0.098259,-0.75085,0.29803,0.25861,-0.65347,0.66809,0.24444
0.098382,-0.75084,0.29827,0.35014,-0.61113,0.62538,0.33589
0.098435,-0.75539,0.29829,0.35014,-0.61113,0.62538,0.33589
0.098312,-0.75539,0.29805,0.25861,-0.65347,0.66809,0.24444
0.098263,-0.75539,0.29778,0.16181,-0.68251,0.6972,0.14802
0.098292,-0.75539,0.29751,0.061725,-0.69765,0.71212,0.048587
0.098396,-0.75539,0.29726,0.039622,0.69859,-0.71254,0.051838
0.098566,-0.75539,0.29705,0.14016,0.68531,-0.69846,0.15121
0.09879,-0.75539,0.29689,0.23785,0.65807,-0.67016,0.2475
0.099049,-0.75539,0.2968,0.33069,0.61744,-0.62821,0.33875
0.099321,-0.75539,0.29679,0.4168,0.56425,-0.57348,0.42311
0.099586,-0.75538,0.29686,0.49443,0.49956,-0.50707,0.49885
0.09982,-0.75538,0.297,0.56199,0.42471,-0.43034,0.56444
0.099873,-0.75992,0.29702,0.56199,0.42471,-0.43034,0.56444
0.099638,-0.75993,0.29689,0.49443,0.49956,-0.50707,0.49885
0.099374,-0.75993,0.29682,0.4168,0.56425,-0.57348,0.42311
0.099101,-0.75993,0.29683,0.33069,0.61744,-0.62821,0.33875
0.098843,-0.75994,0.29692,0.23785,0.65807,-0.67016,0.2475
0.098619,-0.75994,0.29707,0.14016,0.68531,-0.69846,0.15121
0.098448,-0.75994,0.29728,0.039622,0.69859,-0.71254,0.051838
0.098344,-0.75994,0.29754,0.061725,-0.69765,0.71212,0.048587
0.098316,-0.75994,0.29781,0.16181,-0.68251,0.6972,0.14802
0.098365,-0.75994,0.29808,0.25861,-0.65347,0.66809,0.24444
0.098487,-0.75993,0.29832,0.35014,-0.61113,0.62538,0.33589
0.09854,-0.76448,0.29834,0.35014,-0.61113,0.62538,0.33589
0.098417,-0.76448,0.2981,0.25861,-0.65347,0.66809,0.24444
0.098369,-0.76448,0.29783,0.16181,-0.68251,0.6972,0.14802
0.098397,-0.76448,0.29756,0.061725,-0.69765,0.71212,0.048587
0.098501,-0.76449,0.29731,0.039622,0.69859,-0.71254,0.051838
0.098672,-0.76448,0.2971,0.14016,0.68531,-0.69846,0.15121
0.098895,-0.76448,0.29694,0.23785,0.65807,-0.67016,0.2475
0.099154,-0.76448,0.29685,0.33069,0.61744,-0.62821,0.33875
0.099427,-0.76448,0.29684,0.4168,0.56425,-0.57348,0.42311
0.099691,-0.76447,0.29691,0.49443,0.49956,-0.50707,0.49885
0.099926,-0.76447,0.29705,0.56199,0.42471,-0.43034,0.56444
0.099978,-0.76902,0.29707,0.56199,0.42471,-0.43034,0.56444
0.099744,-0.76902,0.29693,0.49443,0.49956,-0.50707,0.49885
0.099479,-0.76902,0.29687,0.4168,0.56425,-0.57348,0.42311
0.099207,-0.76903,0.29688,0.33069,0.61744,-0.62821,0.33875
0.098948,-0.76903,0.29696,0.23785,0.65807,-0.67016,0.2475
0.098724,-0.76903,0.29712,0.14016,0.68531,-0.69846,0.15121
0.098554,-0.76903,0.29733,0.039622,0.69859,-0.71254,0.051838
0.09845,-0.76903,0.29759,0.061725,-0.69765,0.71212,0.048587
0.098421,-0.76903,0.29786,0.16181,-0.68251,0.6972,0.14802
0.09847,-0.76903,0.29813,0.25861,-0.65347,0.66809,0.24444
0.098593,-0.76902,0.29837,0.35014,-0.61113,0.62538,0.33589
0.099459,-0.72357,0.29541,0.56199,0.42471,-0.43034,0.56444
0.099224,-0.72358,0.29527,0.49443,0.49956,-0.50707,0.49885
0.09896,-0.72358,0.29521,0.4168,0.56425,-0.57348,0.42311
0.098688,-0.72358,0.29522,0.33069,0.61744,-0.62821,0.33875
0.098429,-0.72358,0.2953,0.23785,0.65807,-0.67016,0.2475
0.098205,-0.72359,0.29546,0.14016,0.68531,-0.69846,0.15121
0.098035,-0.72359,0.29567,0.039622,0.69859,-0.71254,0.051838
0.097931,-0.72359,0.29592,0.061725,-0.69765,0.71212,0.048587
0.097902,-0.72359,0.2962,0.16181,-0.68251,0.6972,0.14802
0.097951,-0.72358,0.29646,0.25861,-0.65347,0.66809,0.24444
0.098074,-0.72358,0.29671,0.35014,-0.61113,0.62538,0.33589
0.098126,-0.72813,0.29673,0.35014,-0.61113,0.62538,0.33589
0.098004,-0.72813,0.29649,0.25861,-0.65347,0.66809,0.24444
0.097955,-0.72813,0.29622,0.16181,-0.68251,0.6972,0.14802
0.097983,-0.72813,0.29595,0.061725,-0.69765,0.71212,0.048587
0.098087,-0.72813,0.2957,0.039622,0.69859,-0.71254,0.051838
0.098258,-0.72813,0.29548,0.14016,0.68531,-0.69846,0.15121
0.098482,-0.72813,0.29533,0.23785,0.65807,-0.67016,0.2475
0.09874,-0.72813,0.29524,0.33069,0.61744,-0.62821,0.33875
0.099013,-0.72812,0.29523,0.4168,0.56425,-0.57348,0.42311
0.099277,-0.72812,0.2953,0.49443,0.49956,-0.50707,0.49885
0.099512,-0.72812,0.29544,0.56199,0.42471,-0.43034,0.56444
0.099565,-0.73266,0.29546,0.56199,0.42471,-0.43034,0.56444
0.09933,-0.73267,0.29532,0.49443,0.49956,-0.50707,0.49885
0.099065,-0.73267,0.29526,0.4168,0.56425,-0.57348,0.42311
0.098793,-0.73267,0.29527,0.33069,0.61744,-0.62821,0.33875
0.098534,-0.73267,0.29535,0.23785,0.65807,-0.67016,0.2475
0.098311,-0.73268,0.29551,0.14016,0.68531,-0.69846,0.15121
0.09814,-0.73268,0.29572,0.039622,0.69859,-0.71254,0.051838
0.098036,-0.73268,0.29597,0.061725,-0.69765,0.71212,0.048587
0.098007,-0.73268,0.29625,0.16181,-0.68251,0.6972,0.14802
0.098056,-0.73267,0.29651,0.25861,-0.65347,0.66809,0.24444
0.098179,-0.73267,0.29676,0.35014,-0.61113,0.62538,0.33589
0.098232,-0.73722,0.29678,0.35014,-0.61113,0.62538,0.33589
0.098109,-0.73722,0.29654,0.25861,-0.65347,0.66809,0.24444
0.09806,-0.73722,0.29627,0.16181,-0.68251,0.6972,0.14802
0.098089,-0.73722,0.296,0.061725,-0.69765,0.71212,0.048587
0.098193,-0.73722,0.29575,0.039622,0.69859,-0.71254,0.051838
0.098363,-0.73722,0.29553,0.14016,0.68531,-0.69846,0.15121
0.098587,-0.73722,0.29538,0.23785,0.65807,-0.67016,0.2475
0.098846,-0.73722,0.29529,0.33069,0.61744,-0.62821,0.33875
0.099118,-0.73721,0.29528,0.4168,0.56425,-0.57348,0.42311
0.099382,-0.73721,0.29535,0.49443,0.49956,-0.50707,0.49885
0.099617,-0.73721,0.29549,0.56199,0.42471,-0.43034,0.56444
0.09967,-0.74175,0.29551,0.56199,0.42471,-0.43034,0.56444
0.099435,-0.74176,0.29537,0.49443,0.49956,-0.50707,0.49885
0.099171,-0.74176,0.29531,0.4168,0.56425,-0.57348,0.42311
0.098898,-0.74176,0.29532,0.33069,0.61744,-0.62821,0.33875
0.09864,-0.74176,0.2954,0.23785,0.65807,-0.67016,0.2475
0.098416,-0.74177,0.29556,0.14016,0.68531,-0.69846,0.15121
0.098245,-0.74177,0.29577,0.039622,0.69859,-0.71254,0.051838
0.098141,-0.74177,0.29602,0.061725,-0.69765,0.71212,0.048587
0.098113,-0.74177,0.29629,0.16181,-0.68251,0.6972,0.14802
0.098162,-0.74176,0.29656,0.25861,-0.65347,0.66809,0.24444
0.098284,-0.74176,0.29681,0.35014,-0.61113,0.62538,0.33589
0.098337,-0.74631,0.29683,0.35014,-0.61113,0.62538,0.33589
0.098214,-0.74631,0.29659,0.25861,-0.65347,0.66809,0.24444
0.098165,-0.74631,0.29632,0.16181,-0.68251,0.6972,0.14802
0.098194,-0.74631,0.29605,0.061725,-0.69765,0.71212,0.048587
0.098298,-0.74631,0.2958,0.039622,0.69859,-0.71254,0.051838
0.098469,-0.74631,0.29558,0.14016,0.68531,-0.69846,0.15121
0.098692,-0.74631,0.29543,0.23785,0.65807,-0.67016,0.2475
0.098951,-0.74631,0.29534,0.33069,0.61744,-0.62821,0.33875
0.099223,-0.7463,0.29533,0.4168,0.56425,-0.57348,0.42311
0.099488,-0.7463,0.2954,0.49443,0.49956,-0.50707,0.49885
0.099723,-0.7463,0.29554,0.56199,0.42471,-0.43034,0.56444
0.099775,-0.75084,0.29556,0.56199,0.42471,-0.43034,0.56444
0.09954,-0.75085,0.29542,0.49443,0.49956,-0.50707,0.49885
0.099276,-0.75085,0.29536,0.4168,0.56425,-0.57348,0.42311
0.099004,-0.75085,0.29537,0.33069,0.61744,-0.62821,0.33875
0.098745,-0.75085,0.29545,0.23785,0.65807,-0.67016,0.2475
0.098521,-0.75086,0.29561,0.14016,0.68531,-0.69846,0.15121
0.098351,-0.75086,0.29582,0.039622,0.69859,-0.71254,0.051838
0.098247,-0.75086,0.29607,0.061725,-0.69765,0.71212,0.048587
0.098218,-0.75086,0.29634,0.16181,-0.68251,0.6972,0.14802
0.098267,-0.75085,0.29661,0.25861,-0.65347,0.66809,0.24444
0.09839,-0.75085,0.29686,0.35014,-0.61113,0.62538,0.33589
0.098442,-0.7554,0.29688,0.35014,-0.61113,0.62538,0.33589
0.09832,-0.7554,0.29664,0.25861,-0.65347,0.66809,0.24444
0.098271,-0.7554,0.29637,0.16181,-0.68251,0.6972,0.14802
0.098299,-0.7554,0.2961,0.061725,-0.69765,0.71212,0.048587
0.098403,-0.7554,0.29585,0.039622,0.69859,-0.71254,0.051838
0.098574,-0.7554,0.29563,0.14016,0.68531,-0.69846,0.15121
0.098798,-0.7554,0.29548,0.23785,0.65807,-0.67016,0.2475
0.099056,-0.7554,0.29539,0.33069,0.61744,-0.62821,0.33875
0.099329,-0.75539,0.29538,0.4168,0.56425,-0.57348,0.42311
0.099593,-0.75539,0.29545,0.49443,0.49956,-0.50707,0.49885
0.099828,-0.75539,0.29559,0.56199,0.42471,-0.43034,0.56444
0.099881,-0.75993,0.29561,0.56199,0.42471,-0.43034,0.56444
0.099646,-0.75994,0.29547,0.49443,0.49956,-0.50707,0.49885
0.099381,-0.75994,0.2954,0.4168,0.56425,-0.57348,0.42311
0.099109,-0.75994,0.29541,0.33069,0.61744,-0.62821,0.33875
0.09885,-0.75995,0.2955,0.23785,0.65807,-0.67016,0.2475
0.098627,-0.75995,0.29566,0.14016,0.68531,-0.69846,0.15121
0.098456,-0.75995,0.29587,0.039622,0.69859,-0.71254,0.051838
0.098352,-0.75995,0.29612,0.061725,-0.69765,0.71212,0.048587
0.098323,-0.75995,0.29639,0.16181,-0.68251,0.6972,0.14802
0.098372,-0.75994,0.29666,0.25861,-0.65347,0.66809,0.24444
0.098495,-0.75994,0.29691,0.35014,-0.61113,0.62538,0.33589
0.098548,-0.76449,0.29693,0.35014,-0.61113,0.62538,0.33589
0.098425,-0.76449,0.29669,0.25861,-0.65347,0.66809,0.24444
0.098376,-0.76449,0.29642,0.16181,-0.68251,0.6972,0.14802
0.098405,-0.76449,0.29615,0.061725,-0.69765,0.71212,0.048587
0.098509,-0.76449,0.29589,0.039622,0.69859,-0.71254,0.051838
0.098679,-0.76449,0.29568,0.14016,0.68531,-0.69846,0.15121
0.098903,-0.76449,0.29553,0.23785,0.65807,-0.67016,0.2475
0.099162,-0.76449,0.29544,0.33069,0.61744,-0.62821,0.33875
0.099434,-0.76448,0.29543,0.4168,0.56425,-0.57348,0.42311
0.099698,-0.76448,0.2955,0.49443,0.49956,-0.50707,0.49885
0.099933,-0.76448,0.29563,0.56199,0.42471,-0.43034,0.56444
0.099986,-0.76902,0.29566,0.56199,0.42471,-0.43034,0.56444
0.099751,-0.76903,0.29552,0.49443,0.49956,-0.50707,0.49885
0.099487,-0.76903,0.29545,0.4168,0.56425,-0.57348,0.42311
0.099214,-0.76903,0.29546,0.33069,0.61744,-0.62821,0.33875
0.098956,-0.76904,0.29555,0.23785,0.65807,-0.67016,0.2475
0.098732,-0.76904,0.29571,0.14016,0.68531,-0.69846,0.15121
0.098561,-0.76904,0.29592,0.039622,0.69859,-0.71254,0.051838
0.098457,-0.76904,0.29617,0.061725,-0.69765,0.71212,0.048587
0.098429,-0.76904,0.29644,0.16181,-0.68251,0.6972,0.14802
0.098478,-0.76903,0.29671,0.25861,-0.65347,0.66809,0.24444
0.0986,-0.76903,0.29695,0.35014,-0.61113,0.62538,0.33589
0.099467,-0.72358,0.294,0.56199,0.42471,-0.43034,0.56444
0.099232,-0.72358,0.29386,0.49443,0.49956,-0.50707,0.49885
0.098968,-0.72359,0.29379,0.4168,0.56425,-0.57348,0.42311
0.098695,-0.72359,0.2938,0.33069,0.61744,-0.62821,0.33875
0.098437,-0.72359,0.29389,0.23785,0.65807,-0.67016,0.2475
0.098213,-0.72359,0.29405,0.14016,0.68531,-0.69846,0.15121
0.098042,-0.72359,0.29426,0.039622,0.69859,-0.71254,0.051838
0.097938,-0.72359,0.29451,0.061725,-0.69765,0.71212,0.048587
0.09791,-0.72359,0.29478,0.16181,-0.68251,0.6972,0.14802
0.097959,-0.72359,0.29505,0.25861,-0.65347,0.66809,0.24444
0.098081,-0.72359,0.29529,0.35014,-0.61113,0.62538,0.33589
0.098134,-0.72813,0.29532,0.35014,-0.61113,0.62538,0.33589
0.098011,-0.72814,0.29507,0.25861,-0.65347,0.66809,0.24444
0.097962,-0.72814,0.29481,0.16181,-0.68251,0.6972,0.14802
0.097991,-0.72814,0.29454,0.061725,-0.69765,0.71212,0.048587
0.098095,-0.72814,0.29428,0.039622,0.69859,-0.71254,0.051838
0.098266,-0.72814,0.29407,0.14016,0.68531,-0.69846,0.15121
0.098489,-0.72814,0.29391,0.23785,0.65807,-0.67016,0.2475
0.098748,-0.72813,0.29383,0.33069,0.61744,-0.62821,0.33875
0.09902,-0.72813,0.29382,0.4168,0.56425,-0.57348,0.42311
0.099285,-0.72813,0.29388,0.49443,0.49956,-0.50707,0.49885
0.099519,-0.72812,0.29402,0.56199,0.42471,-0.43034,0.56444
0.099572,-0.73267,0.29405,0.56199,0.42471,-0.43034,0.56444
0.099337,-0.73267,0.29391,0.49443,0.49956,-0.50707,0.49885
0.099073,-0.73268,0.29384,0.4168,0.56425,-0.57348,0.42311
0.0988,-0.73268,0.29385,0.33069,0.61744,-0.62821,0.33875
0.098542,-0.73268,0.29394,0.23785,0.65807,-0.67016,0.2475
0.098318,-0.73268,0.2941,0.14016,0.68531,-0.69846,0.15121
0.098147,-0.73268,0.29431,0.039622,0.69859,-0.71254,0.051838
0.098044,-0.73268,0.29456,0.061725,-0.69765,0.71212,0.048587
0.098015,-0.73268,0.29483,0.16181,-0.68251,0.6972,0.14802
0.098064,-0.73268,0.2951,0.25861,-0.65347,0.66809,0.24444
0.098186,-0.73268,0.29534,0.35014,-0.61113,0.62538,0.33589
0.098239,-0.73722,0.29537,0.35014,-0.61113,0.62538,0.33589
0.098117,-0.73723,0.29512,0.25861,-0.65347,0.66809,0.24444
0.098068,-0.73723,0.29486,0.16181,-0.68251,0.6972,0.14802
0.098096,-0.73723,0.29458,0.061725,-0.69765,0.71212,0.048587
0.0982,-0.73723,0.29433,0.039622,0.69859,-0.71254,0.051838
0.098371,-0.73723,0.29412,0.14016,0.68531,-0.69846,0.15121
0.098595,-0.73723,0.29396,0.23785,0.65807,-0.67016,0.2475
0.098853,-0.73722,0.29388,0.33069,0.61744,-0.62821,0.33875
0.099126,-0.73722,0.29387,0.4168,0.56425,-0.57348,0.42311
0.09939,-0.73722,0.29393,0.49443,0.49956,-0.50707,0.49885
0.099625,-0.73721,0.29407,0.56199,0.42471,-0.43034,0.56444
0.099677,-0.74176,0.2941,0.56199,0.42471,-0.43034,0.56444
0.099443,-0.74176,0.29396,0.49443,0.49956,-0.50707,0.49885
0.099178,-0.74177,0.29389,0.4168,0.56425,-0.57348,0.42311
0.098906,-0.74177,0.2939,0.33069,0.61744,-0.62821,0.33875
0.098647,-0.74177,0.29399,0.23785,0.65807,-0.67016,0.2475
0.098424,-0.74177,0.29414,0.14016,0.68531,-0.69846,0.15121
0.098253,-0.74177,0.29436,0.039622,0.69859,-0.71254,0.051838
0.098149,-0.74177,0.29461,0.061725,-0.69765,0.71212,0.048587
0.09812,-0.74177,0.29488,0.16181,-0.68251,0.6972,0.14802
0.098169,-0.74177,0.29515,0.25861,-0.65347,0.66809,0.24444
0.098292,-0.74177,0.29539,0.35014,-0.61113,0.62538,0.33589
0.098344,-0.74631,0.29542,0.35014,-0.61113,0.62538,0.33589
0.098222,-0.74632,0.29517,0.25861,-0.65347,0.66809,0.24444
0.098173,-0.74632,0.29491,0.16181,-0.68251,0.6972,0.14802
0.098202,-0.74632,0.29463,0.061725,-0.69765,0.71212,0.048587
0.098305,-0.74632,0.29438,0.039622,0.69859,-0.71254,0.051838
0.098476,-0.74632,0.29417,0.14016,0.68531,-0.69846,0.15121
0.0987,-0.74632,0.29401,0.23785,0.65807,-0.67016,0.2475
0.098958,-0.74631,0.29393,0.33069,0.61744,-0.62821,0.33875
0.099231,-0.74631,0.29392,0.4168,0.56425,-0.57348,0.42311
0.099495,-0.74631,0.29398,0.49443,0.49956,-0.50707,0.49885
0.09973,-0.7463,0.29412,0.56199,0.42471,-0.43034,0.56444
0.099783,-0.75085,0.29415,0.56199,0.42471,-0.43034,0.56444
0.099548,-0.75085,0.29401,0.49443,0.49956,-0.50707,0.49885
0.099284,-0.75086,0.29394,0.4168,0.56425,-0.57348,0.42311
0.099011,-0.75086,0.29395,0.33069,0.61744,-0.62821,0.33875
0.098753,-0.75086,0.29404,0.23785,0.65807,-0.67016,0.2475
0.098529,-0.75086,0.29419,0.14016,0.68531,-0.69846,0.15121
0.098358,-0.75087,0.29441,0.039622,0.69859,-0.71254,0.051838
0.098254,-0.75086,0.29466,0.061725,-0.69765,0.71212,0.048587
0.098226,-0.75086,0.29493,0.16181,-0.68251,0.6972,0.14802
0.098275,-0.75086,0.2952,0.25861,-0.65347,0.66809,0.24444
0.098397,-0.75086,0.29544,0.35014,-0.61113,0.62538,0.33589
0.09845,-0.7554,0.29547,0.35014,-0.61113,0.62538,0.33589
0.098327,-0.75541,0.29522,0.25861,-0.65347,0.66809,0.24444
0.098278,-0.75541,0.29495,0.16181,-0.68251,0.6972,0.14802
0.098307,-0.75541,0.29468,0.061725,-0.69765,0.71212,0.048587
0.098411,-0.75541,0.29443,0.039622,0.69859,-0.71254,0.051838
0.098582,-0.75541,0.29422,0.14016,0.68531,-0.69846,0.15121
0.098805,-0.75541,0.29406,0.23785,0.65807,-0.67016,0.2475
0.099064,-0.75541,0.29398,0.33069,0.61744,-0.62821,0.33875
0.099336,-0.7554,0.29397,0.4168,0.56425,-0.57348,0.42311
0.099601,-0.7554,0.29403,0.49443,0.49956,-0.50707,0.49885
0.099835,-0.7554,0.29417,0.56199,0.42471,-0.43034,0.56444
0.099888,-0.75994,0.2942,0.56199,0.42471,-0.43034,0.56444
0.099653,-0.75994,0.29406,0.49443,0.49956,-0.50707,0.49885
0.099389,-0.75995,0.29399,0.4168,0.56425,-0.57348,0.42311
0.099116,-0.75995,0.294,0.33069,0.61744,-0.62821,0.33875
0.098858,-0.75995,0.29409,0.23785,0.65807,-0.67016,0.2475
0.098634,-0.75995,0.29424,0.14016,0.68531,-0.69846,0.15121
0.098463,-0.75996,0.29446,0.039622,0.69859,-0.71254,0.051838
0.09836,-0.75996,0.29471,0.061725,-0.69765,0.71212,0.048587
0.098331,-0.75995,0.29498,0.16181,-0.68251,0.6972,0.14802
0.09838,-0.75995,0.29525,0.25861,-0.65347,0.66809,0.24444
0.098502,-0.75995,0.29549,0.35014,-0.61113,0.62538,0.33589
0.098555,-0.76449,0.29552,0.35014,-0.61113,0.62538,0.33589
0.098433,-0.7645,0.29527,0.25861,-0.65347,0.66809,0.24444
0.098384,-0.7645,0.295,0.16181,-0.68251,0.6972,0.14802
0.098412,-0.7645,0.29473,0.061725,-0.69765,0.71212,0.048587
0.098516,-0.7645,0.29448,0.039622,0.69859,-0.71254,0.051838
0.098687,-0.7645,0.29427,0.14016,0.68531,-0.69846,0.15121
0.098911,-0.7645,0.29411,0.23785,0.65807,-0.67016,0.2475
0.099169,-0.7645,0.29403,0.33069,0.61744,-0.62821,0.33875
0.099442,-0.76449,0.29401,0.4168,0.56425,-0.57348,0.42311
0.099706,-0.76449,0.29408,0.49443,0.49956,-0.50707,0.49885
0.099941,-0.76449,0.29422,0.56199,0.42471,-0.43034,0.56444
0.099993,-0.76903,0.29425,0.56199,0.42471,-0.43034,0.56444
0.099759,-0.76903,0.29411,0.49443,0.49956,-0.50707,0.49885
0.099494,-0.76904,0.29404,0.4168,0.56425,-0.57348,0.42311
0.099222,-0.76904,0.29405,0.33069,0.61744,-0.62821,0.33875
0.098963,-0.76904,0.29414,0.23785,0.65807,-0.67016,0.2475
0.098739,-0.76904,0.29429,0.14016,0.68531,-0.69846,0.15121
0.098569,-0.76905,0.29451,0.039622,0.69859,-0.71254,0.051838
0.098465,-0.76905,0.29476,0.061725,-0.69765,0.71212,0.048587
0.098436,-0.76904,0.29503,0.16181,-0.68251,0.6972,0.14802
0.098485,-0.76904,0.2953,0.25861,-0.65347,0.66809,0.24444
0.098608,-0.76904,0.29554,0.35014,-0.61113,0.62538,0.33589
