-1.727696244;-2.011321847;-1.857426945;-0.666593377;-4.721304123;-3.246082369
-1.727672402;-2.011333768;-1.857475583;-0.666593377;-4.721328084;-3.246046368
-1.727672402;-2.011321847;-1.857426945;-0.666617695;-4.721316044;-3.24607021
-1.727660481;-2.011321847;-1.857438866;-0.666581456;-4.721328084;-3.246034447
-1.727708165;-2.011321847;-1.857426945;-0.666593377;-4.721340005;-3.246106211
-1.72764856;-2.011261765;-1.857438866;-0.666581456;-4.721316044;-3.246034447
-1.727660481;-2.011321847;-1.857463185;-0.666629616;-4.721352045;-3.246046368
-1.727684323;-2.011321847;-1.857450787;-0.666617695;-4.721340005;-3.246058289
-1.727696244;-2.011309926;-1.857450787;-0.666605298;-4.721328084;-3.246058289
-1.727672402;-2.011345688;-1.857450787;-0.666617695;-4.721316044;-3.246046368
-1.727696244;-2.011321847;-1.857450787;-0.666605298;-4.721316044;-3.246046368
-1.727684323;-2.011333768;-1.857475583;-0.666605298;-4.721340005;-3.246034447
-1.727672402;-2.011321847;-1.857463185;-0.666605298;-4.721316044;-3.246058289
-1.727636162;-2.011309926;-1.857450787;-0.666593377;-4.721256081;-3.24607021
-1.727696244;-2.011309926;-1.857438866;-0.666617695;-4.721316044;-3.24607021
-1.72764856;-2.011333768;-1.857438866;-0.666629616;-4.721304123;-3.24607021
-1.727672402;-2.011345688;-1.857450787;-0.666581456;-4.721304123;-3.246034447
-1.727684323;-2.011309926;-1.857450787;-0.666617695;-4.721292082;-3.246046368
-1.72764856;-2.011321847;-1.857487504;-0.666581456;-4.721316044;-3.24607021
-1.727660481;-2.011321847;-1.857426945;-0.666581456;-4.721292082;-3.246082369
-1.727660481;-2.011345688;-1.857463185;-0.666569535;-4.721304123;-3.246046368
-1.727672402;-2.011345688;-1.857403104;-0.666569535;-4.721340005;-3.246046368
-1.727660481;-2.011321847;-1.857450787;-0.666617695;-4.721316044;-3.246082369
-1.727684323;-2.011321847;-1.857450787;-0.666605298;-4.721304123;-3.246046368
-1.727660481;-2.011309926;-1.857426945;-0.666593377;-4.721328084;-3.24609429
-1.727696244;-2.011309926;-1.857426945;-0.666617695;-4.721316044;-3.24607021
-1.727732484;-2.011309926;-1.857475583;-0.666617695;-4.721304123;-3.246058289
-1.727684323;-2.011321847;-1.857438866;-0.666605298;-4.721304123;-3.24607021
-1.727660481;-2.011345688;-1.857463185;-0.666581456;-4.721328084;-3.246046368
-1.727684323;-2.01136953;-1.857438866;-0.666581456;-4.721316044;-3.246022288
-1.727708165;-2.011298005;-1.857450787;-0.666593377;-4.721316044;-3.24609429
-1.727684323;-2.011345688;-1.857438866;-0.666593377;-4.721328084;-3.246058289
-1.727660481;-2.011345688;-1.857450787;-0.666593377;-4.721363966;-3.246010367
-1.727672402;-2.011309926;-1.857450787;-0.666605298;-4.721304123;-3.246034447
-1.727672402;-2.011333768;-1.857450787;-0.666593377;-4.721316044;-3.246058289
-1.727672402;-2.011333768;-1.857487504;-0.666593377;-4.721316044;-3.246082369
-1.727660481;-2.011321847;-1.857463185;-0.666581456;-4.721328084;-3.24609429
-1.727672402;-2.011321847;-1.857450787;-0.666605298;-4.721340005;-3.246058289
-1.727672402;-2.011345688;-1.857403104;-0.666605298;-4.721280162;-3.246058289
-1.727720086;-2.011321847;-1.857438866;-0.666605298;-4.721328084;-3.246046368
-1.727696244;-2.011298005;-1.857438866;-0.666569535;-4.721316044;-3.24607021
-1.727708165;-2.011333768;-1.857450787;-0.666641537;-4.721340005;-3.246010367
-1.727684323;-2.011321847;-1.857463185;-0.666617695;-4.721328084;-3.246046368
-1.727672402;-2.011357609;-1.857438866;-0.666581456;-4.721292082;-3.24609429
-1.727672402;-2.011333768;-1.857463185;-0.666581456;-4.721280162;-3.246058289
-1.727708165;-2.011321847;-1.857463185;-0.666605298;-4.721304123;-3.246034447
-1.727660481;-2.011333768;-1.857438866;-0.666581456;-4.721340005;-3.246058289
-1.727672402;-2.011309926;-1.857438866;-0.666593377;-4.721328084;-3.246082369
-1.727708165;-2.011321847;-1.857438866;-0.666581456;-4.721268121;-3.24607021
-1.727696244;-2.011309926;-1.857450787;-0.666581456;-4.721328084;-3.246058289
-1.72764856;-2.011321847;-1.857463185;-0.666593377;-4.721304123;-3.24607021
-1.727708165;-2.011309926;-1.857415024;-0.666593377;-4.721304123;-3.246010367
-1.727672402;-2.011345688;-1.857450787;-0.666581456;-4.721292082;-3.246082369
-1.727672402;-2.011333768;-1.857415024;-0.666581456;-4.721304123;-3.246022288
-1.727684323;-2.011321847;-1.857463185;-0.666593377;-4.721292082;-3.246022288
-1.727684323;-2.011298005;-1.857426945;-0.666617695;-4.721304123;-3.246034447
-1.727684323;-2.011298005;-1.857463185;-0.666593377;-4.721340005;-3.246034447
-1.727696244;-2.011298005;-1.857438866;-0.666581456;-4.721316044;-3.246082369
-1.727672402;-2.011333768;-1.857450787;-0.666593377;-4.721292082;-3.246046368
-1.727696244;-2.011333768;-1.857426945;-0.666605298;-4.721280162;-3.246034447
-1.727708165;-2.011298005;-1.857450787;-0.666617695;-4.721316044;-3.246022288
-1.727672402;-2.011286084;-1.857463185;-0.666581456;-4.721340005;-3.246022288
-1.727660481;-2.011321847;-1.857487504;-0.666629616;-4.721328084;-3.246034447
-1.727672402;-2.011298005;-1.857463185;-0.666605298;-4.721304123;-3.246034447
-1.727720086;-2.011321847;-1.857438866;-0.666593377;-4.721316044;-3.246022288
-1.727684323;-2.011333768;-1.857438866;-0.666605298;-4.721328084;-3.246034447
-1.727672402;-2.011357609;-1.857487504;-0.666605298;-4.721340005;-3.246034447
-1.727696244;-2.011309926;-1.857463185;-0.666581456;-4.721280162;-3.246058289
-1.727720086;-2.011321847;-1.857426945;-0.666593377;-4.721316044;-3.246046368
-1.727684323;-2.011333768;-1.857426945;-0.666617695;-4.721316044;-3.246034447
-1.727672402;-2.011321847;-1.857450787;-0.666593377;-4.721316044;-3.246058289
-1.727660481;-2.011357609;-1.857438866;-0.666605298;-4.721316044;-3.246058289
-1.727708165;-2.011345688;-1.857426945;-0.666629616;-4.721328084;-3.246022288
-1.727660481;-2.011321847;-1.857426945;-0.666605298;-4.721340005;-3.246058289
-1.727696244;-2.011345688;-1.857438866;-0.666581456;-4.721363966;-3.24607021
-1.727720086;-2.01136953;-1.857438866;-0.666617695;-4.721340005;-3.246034447
-1.727672402;-2.011381928;-1.857450787;-0.666617695;-4.721340005;-3.24609429
-1.727684323;-2.011345688;-1.857438866;-0.666605298;-4.721328084;-3.246046368
-1.727672402;-2.011298005;-1.857438866;-0.666605298;-4.721292082;-3.246034447
-1.727672402;-2.011333768;-1.857450787;-0.666617695;-4.721316044;-3.246082369
-1.727672402;-2.011321847;-1.857415024;-0.666581456;-4.721280162;-3.24607021
-1.727684323;-2.011309926;-1.857463185;-0.666617695;-4.721328084;-3.246058289
-1.727696244;-2.011309926;-1.857463185;-0.666593377;-4.721292082;-3.24607021
-1.727672402;-2.011309926;-1.857463185;-0.666593377;-4.721316044;-3.246106211
-1.727684323;-2.011298005;-1.857475583;-0.666593377;-4.721316044;-3.246082369
-1.727672402;-2.011321847;-1.857463185;-0.666593377;-4.721304123;-3.24607021
-1.727672402;-2.011298005;-1.857450787;-0.666593377;-4.721316044;-3.24607021
-1.727660481;-2.011309926;-1.857450787;-0.666593377;-4.721328084;-3.246034447
-1.727708165;-2.011345688;-1.857450787;-0.666617695;-4.721292082;-3.246058289
-1.727672402;-2.011333768;-1.857438866;-0.666581456;-4.721340005;-3.246082369
-1.727708165;-2.011321847;-1.857438866;-0.666617695;-4.721316044;-3.246046368
-1.72764856;-2.011321847;-1.857487504;-0.666593377;-4.721280162;-3.246022288
-1.727684323;-2.011357609;-1.857415024;-0.666605298;-4.721304123;-3.24607021
-1.727672402;-2.011298005;-1.857499425;-0.666605298;-4.721292082;-3.246034447
-1.727672402;-2.011345688;-1.857438866;-0.666617695;-4.721340005;-3.24607021
-1.727672402;-2.011309926;-1.857415024;-0.666605298;-4.721340005;-3.246082369
-1.727696244;-2.011345688;-1.857450787;-0.666605298;-4.721340005;-3.246010367
-1.727672402;-2.011321847;-1.857438866;-0.666605298;-4.721292082;-3.24607021
-1.727696244;-2.011381928;-1.857475583;-0.666593377;-4.721316044;-3.24607021
-1.727696244;-2.011321847;-1.857438866;-0.666605298;-4.721292082;-3.246058289
-1.727660481;-2.011345688;-1.857450787;-0.666581456;-4.721304123;-3.246046368
-1.727684323;-2.011309926;-1.857438866;-0.666593377;-4.721304123;-3.246046368
-1.727672402;-2.011333768;-1.857438866;-0.666617695;-4.721304123;-3.246010367
-1.727660481;-2.011321847;-1.857438866;-0.666569535;-4.721292082;-3.246034447
-1.727684323;-2.011298005;-1.857426945;-0.666605298;-4.721292082;-3.24607021
-1.727660481;-2.011333768;-1.857463185;-0.666593377;-4.721340005;-3.246082369
-1.727660481;-2.011333768;-1.857438866;-0.666593377;-4.721292082;-3.246046368
-1.727672402;-2.011357609;-1.857475583;-0.666617695;-4.721328084;-3.246034447
-1.727696244;-2.011321847;-1.857487504;-0.666581456;-4.721328084;-3.246082369
-1.727696244;-2.011309926;-1.857463185;-0.666593377;-4.721316044;-3.246046368
-1.727660481;-2.011333768;-1.857450787;-0.666605298;-4.721328084;-3.246082369
-1.727684323;-2.011309926;-1.857438866;-0.666605298;-4.721316044;-3.246046368
-1.727684323;-2.011333768;-1.857475583;-0.666593377;-4.721328084;-3.24609429
-1.727672402;-2.011333768;-1.857450787;-0.666569535;-4.721340005;-3.246082369
-1.727660481;-2.011309926;-1.857438866;-0.666617695;-4.721340005;-3.246034447
-1.727696244;-2.011345688;-1.857463185;-0.666593377;-4.721304123;-3.246046368
-1.727672402;-2.011321847;-1.857475583;-0.666593377;-4.721316044;-3.24607021
-1.727684323;-2.011333768;-1.857450787;-0.666593377;-4.721328084;-3.246034447
-1.727696244;-2.011321847;-1.857450787;-0.666593377;-4.721304123;-3.24607021
-1.727660481;-2.011345688;-1.857438866;-0.666593377;-4.721328084;-3.246034447
-1.727684323;-2.011321847;-1.857463185;-0.666629616;-4.721280162;-3.246022288
-1.727660481;-2.011309926;-1.857438866;-0.666593377;-4.721328084;-3.246106211
-1.727684323;-2.011321847;-1.857450787;-0.666593377;-4.721328084;-3.246058289
-1.727708165;-2.011309926;-1.857438866;-0.666581456;-4.721352045;-3.246058289
-1.727672402;-2.011333768;-1.857403104;-0.666581456;-4.721340005;-3.246034447
-1.727720086;-2.011298005;-1.857463185;-0.666593377;-4.721316044;-3.24609429
-1.727672402;-2.01136953;-1.857438866;-0.666605298;-4.721280162;-3.246046368
-1.727660481;-2.01136953;-1.857450787;-0.666593377;-4.721316044;-3.246082369
-1.727684323;-2.011321847;-1.857438866;-0.666617695;-4.721280162;-3.246058289
-1.727624242;-2.011345688;-1.857426945;-0.666581456;-4.721340005;-3.246082369
-1.727696244;-2.011345688;-1.857463185;-0.666593377;-4.721316044;-3.246058289
-1.727684323;-2.011357609;-1.857463185;-0.666605298;-4.721280162;-3.24609429
-1.727672402;-2.011345688;-1.857438866;-0.666581456;-4.721292082;-3.246022288
-1.727696244;-2.011309926;-1.857463185;-0.666593377;-4.721316044;-3.24607021
-1.727708165;-2.011309926;-1.857450787;-0.666581456;-4.721316044;-3.246058289
-1.727672402;-2.011333768;-1.857450787;-0.666605298;-4.721340005;-3.246046368
-1.72764856;-2.011321847;-1.857438866;-0.666593377;-4.721292082;-3.246058289
-1.727660481;-2.011321847;-1.857438866;-0.666593377;-4.721292082;-3.24609429
-1.727660481;-2.011333768;-1.857463185;-0.666593377;-4.721316044;-3.24607021
-1.727684323;-2.011298005;-1.857438866;-0.666581456;-4.721316044;-3.246046368
-1.727696244;-2.011345688;-1.857415024;-0.666569535;-4.721304123;-3.246022288
-1.727672402;-2.011321847;-1.857438866;-0.666569535;-4.721316044;-3.246106211
-1.727696244;-2.011333768;-1.857426945;-0.666593377;-4.721292082;-3.246022288
-1.727660481;-2.011321847;-1.857475583;-0.666617695;-4.721304123;-3.246046368
-1.727684323;-2.011345688;-1.857426945;-0.666605298;-4.721328084;-3.246034447
-1.727660481;-2.011321847;-1.857450787;-0.666593377;-4.721328084;-3.246046368
-1.727696244;-2.011321847;-1.857463185;-0.666581456;-4.721316044;-3.246046368
-1.727696244;-2.011357609;-1.857438866;-0.666593377;-4.721328084;-3.246082369
-1.727708165;-2.011321847;-1.857438866;-0.666605298;-4.721292082;-3.246034447
-1.727672402;-2.011345688;-1.857438866;-0.666617695;-4.721328084;-3.24607021
-1.727708165;-2.011321847;-1.857475583;-0.666581456;-4.721292082;-3.246034447
-1.727672402;-2.011345688;-1.857438866;-0.666593377;-4.721340005;-3.246022288
-1.727660481;-2.011345688;-1.857415024;-0.666581456;-4.721340005;-3.246034447
-1.72764856;-2.011321847;-1.857450787;-0.666605298;-4.721316044;-3.246058289
-1.727684323;-2.011357609;-1.857426945;-0.666617695;-4.721316044;-3.246082369
-1.727708165;-2.011333768;-1.857450787;-0.666605298;-4.721304123;-3.246046368
-1.72764856;-2.011309926;-1.857463185;-0.666593377;-4.721304123;-3.246058289
-1.727672402;-2.011321847;-1.857426945;-0.666617695;-4.721304123;-3.246010367
-1.727696244;-2.011321847;-1.857438866;-0.666605298;-4.721292082;-3.246046368
-1.727660481;-2.011345688;-1.857415024;-0.666605298;-4.721340005;-3.246046368
-1.727672402;-2.011309926;-1.857463185;-0.666629616;-4.721352045;-3.246058289
-1.727696244;-2.011345688;-1.857450787;-0.666605298;-4.721304123;-3.245986287
-1.727696244;-2.011298005;-1.857463185;-0.666593377;-4.721316044;-3.245998446
-1.727672402;-2.011345688;-1.857463185;-0.666593377;-4.721316044;-3.245986287
-1.727672402;-2.011309926;-1.857450787;-0.666617695;-4.721316044;-3.245890443
-1.72764856;-2.011286084;-1.857438866;-0.666617695;-4.721292082;-3.245878522
-1.727684323;-2.011273686;-1.857450787;-0.666593377;-4.721328084;-3.24584252
-1.727684323;-2.011321847;-1.857438866;-0.666605298;-4.721304123;-3.245722357
-1.727684323;-2.011357609;-1.857450787;-0.666581456;-4.721340005;-3.245626036
-1.727672402;-2.011345688;-1.857438866;-0.666605298;-4.721304123;-3.245518271
-1.727636162;-2.01136953;-1.857463185;-0.666593377;-4.721304123;-3.245362107
-1.727660481;-2.011309926;-1.857426945;-0.666581456;-4.721316044;-3.245218341
-1.727660481;-2.011333768;-1.857438866;-0.666581456;-4.721316044;-3.245062415
-1.727720086;-2.011333768;-1.857463185;-0.666605298;-4.721328084;-3.244858328
-1.727672402;-2.011321847;-1.857463185;-0.666581456;-4.721316044;-3.244630639
-1.727672402;-2.011345688;-1.857438866;-0.666593377;-4.721316044;-3.244450633
-1.727708165;-2.011345688;-1.857450787;-0.666569535;-4.721316044;-3.244150941
-1.727696244;-2.011321847;-1.857450787;-0.666581456;-4.721292082;-3.243874613
-1.727696244;-2.011321847;-1.857438866;-0.666581456;-4.721316044;-3.24349076
-1.727696244;-2.011345688;-1.857487504;-0.666581456;-4.721328084;-3.243070904
-1.727696244;-2.011345688;-1.857426945;-0.666581456;-4.721363966;-3.242638652
-1.727696244;-2.011321847;-1.857426945;-0.666617695;-4.721316044;-3.242063109
-1.727684323;-2.011345688;-1.857415024;-0.666593377;-4.721340005;-3.241535489
-1.727684323;-2.011321847;-1.857438866;-0.666581456;-4.721292082;-3.240851227
-1.72764856;-2.011321847;-1.857415024;-0.666593377;-4.721316044;-3.240167681
-1.727684323;-2.011333768;-1.857438866;-0.666593377;-4.721304123;-3.239375655
-1.727660481;-2.011309926;-1.857463185;-0.666605298;-4.721340005;-3.238560025
-1.727684323;-2.011357609;-1.857415024;-0.666617695;-4.721316044;-3.237612073
-1.727684323;-2.011333768;-1.857438866;-0.666569535;-4.721328084;-3.236628119
-1.727672402;-2.011321847;-1.857463185;-0.666581456;-4.721340005;-3.235512559
-1.727672402;-2.011321847;-1.857438866;-0.666617695;-4.721328084;-3.234348599
-1.727708165;-2.011345688;-1.857426945;-0.666581456;-4.721280162;-3.233041112
-1.727708165;-2.011357609;-1.857463185;-0.666581456;-4.721316044;-3.231673543
-1.72764856;-2.011345688;-1.857438866;-0.666617695;-4.721316044;-3.230245415
-1.727672402;-2.011298005;-1.857463185;-0.666593377;-4.721292082;-3.228721921
-1.727672402;-2.011321847;-1.857438866;-0.666593377;-4.721292082;-3.227126185
-1.727684323;-2.011345688;-1.857438866;-0.666581456;-4.721328084;-3.225374762
-1.727696244;-2.011321847;-1.857438866;-0.666605298;-4.721304123;-3.223527257
-1.727684323;-2.011309926;-1.857475583;-0.666605298;-4.721316044;-3.221535508
-1.727696244;-2.011298005;-1.857487504;-0.666593377;-4.721328084;-3.219460074
-1.727708165;-2.011333768;-1.857450787;-0.666593377;-4.721292082;-3.217312638
-1.727672402;-2.011309926;-1.857450787;-0.666581456;-4.721316044;-3.214949195
-1.727660481;-2.011333768;-1.857438866;-0.666605298;-4.721328084;-3.212585513
-1.727660481;-2.011261765;-1.857450787;-0.666581456;-4.721328084;-3.210126225
-1.727696244;-2.011333768;-1.857463185;-0.666617695;-4.721328084;-3.207511012
-1.727708165;-2.011333768;-1.857450787;-0.666605298;-4.721292082;-3.204811637
-1.727720086;-2.011333768;-1.857487504;-0.666581456;-4.721304123;-3.202028338
-1.727672402;-2.011333768;-1.857450787;-0.666617695;-4.721316044;-3.199101035
-1.727672402;-2.011333768;-1.857450787;-0.666605298;-4.721268121;-3.19613773
-1.727672402;-2.011309926;-1.857463185;-0.666593377;-4.721328084;-3.193114583
-1.727696244;-2.011333768;-1.857438866;-0.666605298;-4.721328084;-3.189959113
-1.727696244;-2.011345688;-1.857450787;-0.666593377;-4.721292082;-3.186779801
-1.727660481;-2.011321847;-1.857415024;-0.666593377;-4.721292082;-3.183456723
-1.727660481;-2.011357609;-1.857463185;-0.666605298;-4.721328084;-3.180097405
-1.727708165;-2.011286084;-1.857438866;-0.666629616;-4.721316044;-3.17661864
-1.727660481;-2.011309926;-1.857463185;-0.666617695;-4.721292082;-3.172983472
-1.727672402;-2.011321847;-1.857450787;-0.666593377;-4.721352045;-3.169312541
-1.727672402;-2.011321847;-1.857463185;-0.666593377;-4.721292082;-3.165521208
-1.727672402;-2.011333768;-1.857450787;-0.666581456;-4.721340005;-3.161718194
-1.727660481;-2.011321847;-1.857450787;-0.666617695;-4.721340005;-3.157771174
-1.727684323;-2.011321847;-1.857463185;-0.666605298;-4.721304123;-3.153788392
-1.727708165;-2.011393849;-1.857475583;-0.666605298;-4.721316044;-3.149757687
-1.72764856;-2.011321847;-1.857403104;-0.666593377;-4.721316044;-3.14557058
-1.727708165;-2.011345688;-1.857475583;-0.666593377;-4.721328084;-3.141299788
-1.727684323;-2.01136953;-1.857463185;-0.666593377;-4.721328084;-3.13684899
-1.72764856;-2.011321847;-1.857438866;-0.666593377;-4.721316044;-3.132362429
-1.727696244;-2.011333768;-1.857426945;-0.666605298;-4.721316044;-3.127899472
-1.727660481;-2.011345688;-1.857438866;-0.666593377;-4.721316044;-3.123197142
-1.727696244;-2.011357609;-1.857450787;-0.666593377;-4.721316044;-3.118506495
-1.727636162;-2.011321847;-1.857450787;-0.666581456;-4.721304123;-3.113767926
-1.727672402;-2.011321847;-1.857463185;-0.666617695;-4.721352045;-3.108825509
-1.72764856;-2.011321847;-1.857415024;-0.666617695;-4.721316044;-3.103726927
-1.72764856;-2.011357609;-1.857415024;-0.666593377;-4.721280162;-3.098628346
-1.727672402;-2.011321847;-1.857438866;-0.666605298;-4.721304123;-3.093469922
-1.727672402;-2.011309926;-1.857438866;-0.666593377;-4.721304123;-3.088251416
-1.727684323;-2.011321847;-1.857450787;-0.666593377;-4.721328084;-3.082961146
-1.727660481;-2.011309926;-1.857475583;-0.666617695;-4.721328084;-3.077479188
-1.727672402;-2.011333768;-1.857438866;-0.666617695;-4.721280162;-3.071816985
-1.727684323;-2.011286084;-1.857450787;-0.666593377;-4.721316044;-3.066226784
-1.727672402;-2.011286084;-1.857450787;-0.666593377;-4.721328084;-3.06054074
-1.727684323;-2.011321847;-1.857450787;-0.666605298;-4.721340005;-3.054818932
-1.727672402;-2.011298005;-1.857463185;-0.666593377;-4.721316044;-3.048976485
-1.727660481;-2.011309926;-1.857438866;-0.666581456;-4.721292082;-3.042846982
-1.727672402;-2.011345688;-1.857438866;-0.666605298;-4.721292082;-3.036741082
-1.727684323;-2.011273686;-1.857463185;-0.666569535;-4.721316044;-3.030671183
-1.727684323;-2.01136953;-1.857463185;-0.666617695;-4.721328084;-3.024421279
-1.727660481;-2.011345688;-1.857438866;-0.666605298;-4.721304123;-3.018171612
-1.72764856;-2.011357609;-1.857438866;-0.666581456;-4.721316044;-3.011610095
-1.727660481;-2.01136953;-1.857438866;-0.666617695;-4.721304123;-3.005156581
-1.727672402;-2.011345688;-1.857450787;-0.666617695;-4.721328084;-2.998595301
-1.727684323;-2.011309926;-1.857426945;-0.666593377;-4.721292082;-2.991889779
-1.727672402;-2.011309926;-1.857415024;-0.666617695;-4.721316044;-2.985076729
-1.727684323;-2.011321847;-1.857463185;-0.666581456;-4.721316044;-2.978071515
-1.727684323;-2.011333768;-1.857438866;-0.666593377;-4.721328084;-2.971114222
-1.727708165;-2.011345688;-1.857438866;-0.666593377;-4.721340005;-2.964157168
-1.727660481;-2.011357609;-1.857450787;-0.666581456;-4.721328084;-2.95703179
-1.727672402;-2.011345688;-1.857475583;-0.666593377;-4.721340005;-2.949726884
-1.727696244;-2.011309926;-1.857450787;-0.666581456;-4.721292082;-2.942362372
-1.727660481;-2.011298005;-1.857438866;-0.666581456;-4.721328084;-2.934997622
-1.727672402;-2.011333768;-1.857415024;-0.666581456;-4.721352045;-2.927573029
-1.727672402;-2.011321847;-1.857475583;-0.666593377;-4.721316044;-2.919932429
-1.727660481;-2.011333768;-1.857450787;-0.666605298;-4.721304123;-2.912135903
-1.727684323;-2.011298005;-1.857450787;-0.666593377;-4.721304123;-2.904447619
-1.727696244;-2.011321847;-1.857463185;-0.666605298;-4.721304123;-2.896842782
-1.72764856;-2.011298005;-1.857450787;-0.666593377;-4.721280162;-2.889334742
-1.727672402;-2.011321847;-1.857463185;-0.666593377;-4.721316044;-2.881778304
-1.727672402;-2.01136953;-1.857463185;-0.666593377;-4.721316044;-2.874521796
-1.727696244;-2.011309926;-1.857463185;-0.666593377;-4.721316044;-2.867241923
-1.727660481;-2.011286084;-1.857463185;-0.666617695;-4.721280162;-2.860164706
-1.727696244;-2.011333768;-1.857438866;-0.666593377;-4.721304123;-2.85301644
-1.727672402;-2.011321847;-1.857463185;-0.666569535;-4.721352045;-2.845940653
-1.727684323;-2.011321847;-1.857475583;-0.666581456;-4.721340005;-2.839056079
-1.727696244;-2.011345688;-1.857426945;-0.666605298;-4.721328084;-2.832279746
-1.727684323;-2.011309926;-1.857487504;-0.666629616;-4.721316044;-2.825551335
-1.727684323;-2.011309926;-1.857450787;-0.666617695;-4.721328084;-2.818918769
-1.727660481;-2.011273686;-1.857475583;-0.666581456;-4.721304123;-2.812454526
-1.727684323;-2.011309926;-1.857426945;-0.666569535;-4.721328084;-2.805954043
-1.727696244;-2.011309926;-1.857426945;-0.666617695;-4.721304123;-2.799634043
-1.727696244;-2.011357609;-1.857426945;-0.666605298;-4.721316044;-2.793301407
-1.727672402;-2.011333768;-1.857450787;-0.666593377;-4.721280162;-2.787064616
-1.727672402;-2.011321847;-1.857450787;-0.666593377;-4.721316044;-2.781080548
-1.727696244;-2.011298005;-1.857463185;-0.666605298;-4.721292082;-2.775108163
-1.727684323;-2.011321847;-1.857438866;-0.666593377;-4.721316044;-2.769327227
-1.727660481;-2.011357609;-1.857450787;-0.666593377;-4.721316044;-2.763427083
-1.727660481;-2.011321847;-1.857450787;-0.666617695;-4.721352045;-2.757622544
-1.727660481;-2.011309926;-1.857426945;-0.666605298;-4.721292082;-2.752010171
-1.727684323;-2.011345688;-1.857450787;-0.666593377;-4.721340005;-2.746493642
-1.727708165;-2.011321847;-1.857463185;-0.666605298;-4.721304123;-2.741025035
-1.727708165;-2.011345688;-1.857438866;-0.666605298;-4.721352045;-2.735784117
-1.727696244;-2.011321847;-1.857463185;-0.666617695;-4.721328084;-2.730459515
-1.727660481;-2.011345688;-1.857463185;-0.666593377;-4.721328084;-2.725278441
-1.727672402;-2.011333768;-1.857426945;-0.666593377;-4.721292082;-2.720218245
-1.727684323;-2.011321847;-1.857438866;-0.666629616;-4.721304123;-2.715205495
-1.727684323;-2.011321847;-1.857463185;-0.666581456;-4.721316044;-2.710876052
-1.727672402;-2.011309926;-1.857438866;-0.666593377;-4.721316044;-2.705815379
-1.727660481;-2.011357609;-1.857450787;-0.666593377;-4.721316044;-2.700970713
-1.727708165;-2.011345688;-1.857426945;-0.666569535;-4.721316044;-2.696293656
-1.727696244;-2.011345688;-1.857450787;-0.666617695;-4.721328084;-2.691760842
-1.727696244;-2.011309926;-1.857463185;-0.666605298;-4.721328084;-2.687372033
-1.727672402;-2.011286084;-1.857438866;-0.666605298;-4.721316044;-2.683054749
-1.727684323;-2.011333768;-1.857450787;-0.666593377;-4.721340005;-2.678785865
-1.727672402;-2.011309926;-1.857463185;-0.666581456;-4.721316044;-2.674600665
-1.727684323;-2.011333768;-1.857463185;-0.666593377;-4.721340005;-2.670547311
-1.727684323;-2.011333768;-1.857450787;-0.666605298;-4.721316044;-2.666398589
-1.727696244;-2.011309926;-1.857463185;-0.666605298;-4.721280162;-2.662465398
-1.727684323;-2.011345688;-1.857463185;-0.666581456;-4.721316044;-2.658639971
-1.727672402;-2.011357609;-1.857463185;-0.666617695;-4.721316044;-2.654934947
-1.727672402;-2.011321847;-1.857438866;-0.666617695;-4.721316044;-2.651300971
-1.727684323;-2.011321847;-1.857438866;-0.666617695;-4.721340005;-2.647775714
-1.727696244;-2.011345688;-1.857463185;-0.666605298;-4.721328084;-2.644274537
-1.727672402;-2.011333768;-1.857438866;-0.666605298;-4.721352045;-2.640857283
-1.727684323;-2.011273686;-1.857463185;-0.666593377;-4.721328084;-2.637523715
-1.727684323;-2.011345688;-1.857438866;-0.666593377;-4.721328084;-2.63423783
-1.727708165;-2.011321847;-1.857450787;-0.666593377;-4.721316044;-2.631132428
-1.727696244;-2.011345688;-1.857426945;-0.666593377;-4.721316044;-2.628110472
-1.727684323;-2.011333768;-1.857438866;-0.666581456;-4.721304123;-2.62517244
-1.727636162;-2.011298005;-1.857463185;-0.666593377;-4.721316044;-2.622414653
-1.727660481;-2.011345688;-1.857415024;-0.666593377;-4.721340005;-2.619632785
-1.727696244;-2.011333768;-1.857450787;-0.666605298;-4.721328084;-2.617054526
-1.727684323;-2.011345688;-1.857415024;-0.666557614;-4.721340005;-2.614440982
-1.727636162;-2.011345688;-1.857426945;-0.666593377;-4.721316044;-2.611994569
-1.727696244;-2.011333768;-1.857450787;-0.666641537;-4.721304123;-2.609680239
-1.727672402;-2.011309926;-1.857450787;-0.666593377;-4.721304123;-2.607270304
-1.727672402;-2.011309926;-1.857438866;-0.666605298;-4.721328084;-2.605027978
-1.727672402;-2.011321847;-1.857438866;-0.666593377;-4.721292082;-2.602821891
-1.727708165;-2.011286084;-1.857438866;-0.666593377;-4.721304123;-2.600807492
-1.727672402;-2.011309926;-1.857450787;-0.666605298;-4.721316044;-2.598805014
-1.727720086;-2.011321847;-1.857450787;-0.666605298;-4.721340005;-2.596970145
-1.727696244;-2.011381928;-1.857438866;-0.666605298;-4.721328084;-2.595207755
-1.727672402;-2.011298005;-1.857450787;-0.666581456;-4.721316044;-2.593540732
-1.727684323;-2.011357609;-1.857438866;-0.666593377;-4.721316044;-2.591946665
-1.727672402;-2.011321847;-1.857487504;-0.666581456;-4.721292082;-2.590483252
-1.727672402;-2.011321847;-1.857438866;-0.666617695;-4.721292082;-2.589080397
-1.727696244;-2.011333768;-1.857463185;-0.666605298;-4.721328084;-2.587701861
-1.727684323;-2.011321847;-1.857450787;-0.666605298;-4.721316044;-2.586430375
-1.727636162;-2.011333768;-1.857450787;-0.666629616;-4.721352045;-2.585363452
-1.727660481;-2.011321847;-1.857426945;-0.666593377;-4.721340005;-2.584308211
-1.727696244;-2.011309926;-1.857450787;-0.666605298;-4.721304123;-2.58326513
-1.727696244;-2.011309926;-1.857450787;-0.666581456;-4.721304123;-2.582401816
-1.727708165;-2.011345688;-1.857463185;-0.666593377;-4.721316044;-2.581634585
-1.727684323;-2.011333768;-1.857475583;-0.666617695;-4.721340005;-2.580951039
-1.727696244;-2.011321847;-1.857450787;-0.666581456;-4.721292082;-2.580363337
-1.727696244;-2.011321847;-1.857463185;-0.666593377;-4.721328084;-2.579787795
-1.727672402;-2.011298005;-1.857450787;-0.666605298;-4.721352045;-2.579368416
-1.727684323;-2.011309926;-1.857475583;-0.666629616;-4.721340005;-2.578996483
-1.727696244;-2.011321847;-1.857426945;-0.666617695;-4.721304123;-2.578744713
-1.727660481;-2.011345688;-1.857426945;-0.666641537;-4.721363966;-2.578577105
-1.727684323;-2.011333768;-1.857475583;-0.666593377;-4.721328084;-2.578481261
-1.727672402;-2.011321847;-1.857450787;-0.666593377;-4.721304123;-2.578481261
-1.727684323;-2.011321847;-1.857463185;-0.666569535;-4.721292082;-2.578564946
-1.727720086;-2.011333768;-1.857415024;-0.666593377;-4.721304123;-2.578625027
-1.727708165;-2.011345688;-1.857438866;-0.666617695;-4.721316044;-2.578696791
-1.727696244;-2.011345688;-1.857463185;-0.666593377;-4.721316044;-2.578744713
-1.727696244;-2.011321847;-1.857450787;-0.666581456;-4.721316044;-2.578780715
-1.727696244;-2.011345688;-1.857450787;-0.666605298;-4.721316044;-2.578804795
-1.727672402;-2.011321847;-1.857438866;-0.666581456;-4.721316044;-2.578792636
-1.727660481;-2.011321847;-1.857450787;-0.666605298;-4.721316044;-2.578840796
-1.727672402;-2.011321847;-1.857450787;-0.666581456;-4.721304123;-2.578792636
-1.727672402;-2.011357609;-1.857438866;-0.666581456;-4.721328084;-2.578828637
-1.727672402;-2.011286084;-1.857450787;-0.666629616;-4.721363966;-2.578804795
-1.727684323;-2.011333768;-1.857450787;-0.666593377;-4.721304123;-2.578792636
-1.727684323;-2.011309926;-1.857438866;-0.666593377;-4.721363966;-2.578828637
-1.727684323;-2.011357609;-1.857438866;-0.666581456;-4.721316044;-2.578804795
-1.727672402;-2.011333768;-1.857438866;-0.666617695;-4.721292082;-2.578804795
-1.727672402;-2.011273686;-1.857475583;-0.666593377;-4.721316044;-2.578816716
-1.727684323;-2.011345688;-1.857463185;-0.666605298;-4.721292082;-2.578828637
-1.727684323;-2.011333768;-1.857415024;-0.666569535;-4.721340005;-2.578828637
-1.727684323;-2.011357609;-1.857475583;-0.666581456;-4.721292082;-2.578828637
-1.727672402;-2.011321847;-1.857463185;-0.666557614;-4.721316044;-2.578816716
-1.727672402;-2.011345688;-1.857415024;-0.666593377;-4.721352045;-2.578840796
-1.727684323;-2.011345688;-1.857463185;-0.666629616;-4.721328084;-2.578828637
-1.727672402;-2.011309926;-1.857450787;-0.666605298;-4.721316044;-2.578780715
-1.727684323;-2.011321847;-1.857463185;-0.666605298;-4.721280162;-2.578804795
-1.727696244;-2.011345688;-1.857415024;-0.666593377;-4.721256081;-2.578828637
-1.727696244;-2.011333768;-1.857438866;-0.666581456;-4.721304123;-2.578840796
-1.72764856;-2.011321847;-1.857475583;-0.666617695;-4.721340005;-2.578804795
-1.727672402;-2.011321847;-1.857463185;-0.666617695;-4.721280162;-2.578768794
-1.727696244;-2.011321847;-1.857403104;-0.666593377;-4.721304123;-2.578792636
-1.727696244;-2.011321847;-1.857450787;-0.666629616;-4.721316044;-2.578804795
-1.727684323;-2.011321847;-1.857450787;-0.666593377;-4.721316044;-2.578816716
-1.727720086;-2.011321847;-1.857438866;-0.666593377;-4.721340005;-2.578816716
-1.727672402;-2.011333768;-1.857438866;-0.666593377;-4.721292082;-2.578804795
-1.727696244;-2.011333768;-1.857438866;-0.666593377;-4.721316044;-2.578840796
-1.727684323;-2.011286084;-1.857450787;-0.666617695;-4.721316044;-2.578804795
-1.727708165;-2.011321847;-1.857463185;-0.666593377;-4.721316044;-2.578816716
-1.727696244;-2.011298005;-1.857475583;-0.666557614;-4.721328084;-2.578804795
-1.727684323;-2.011321847;-1.857463185;-0.666605298;-4.721316044;-2.578816716
-1.727660481;-2.011345688;-1.857450787;-0.666605298;-4.721340005;-2.578828637
-1.727684323;-2.011357609;-1.857438866;-0.666593377;-4.721352045;-2.578804795
-1.727696244;-2.01136953;-1.857487504;-0.666581456;-4.721340005;-2.578876559
-1.727696244;-2.011333768;-1.857426945;-0.666605298;-4.721304123;-2.578804795
-1.727684323;-2.011333768;-1.857463185;-0.666593377;-4.721304123;-2.578804795
-1.727672402;-2.011333768;-1.857391183;-0.666605298;-4.721316044;-2.578792636
-1.727672402;-2.011345688;-1.857450787;-0.666593377;-4.721304123;-2.578840796
-1.727684323;-2.011333768;-1.857463185;-0.666593377;-4.721304123;-2.578828637
-1.727636162;-2.011321847;-1.857463185;-0.666569535;-4.721328084;-2.578816716
-1.727672402;-2.011333768;-1.857487504;-0.666581456;-4.721316044;-2.578804795
-1.727684323;-2.011345688;-1.857463185;-0.666581456;-4.721292082;-2.578840796
-1.727696244;-2.011333768;-1.857463185;-0.666605298;-4.721328084;-2.578840796
-1.727636162;-2.011309926;-1.857438866;-0.666593377;-4.721280162;-2.578816716
-1.727672402;-2.011321847;-1.857463185;-0.666593377;-4.721304123;-2.578840796
-1.727696244;-2.011298005;-1.857438866;-0.666581456;-4.721304123;-2.578828637
-1.727684323;-2.011333768;-1.857475583;-0.666629616;-4.721340005;-2.578804795
-1.727696244;-2.011321847;-1.857450787;-0.666593377;-4.721292082;-2.578816716
-1.727672402;-2.011321847;-1.857438866;-0.666605298;-4.721316044;-2.578816716
-1.727672402;-2.011309926;-1.857438866;-0.666593377;-4.721304123;-2.578792636
-1.727696244;-2.011321847;-1.857391183;-0.666581456;-4.721340005;-2.578828637
-1.72764856;-2.011309926;-1.857450787;-0.666581456;-4.721304123;-2.578828637
-1.727696244;-2.011345688;-1.857426945;-0.666593377;-4.721352045;-2.578840796
-1.727696244;-2.011321847;-1.857426945;-0.666581456;-4.721292082;-2.578816716
-1.727696244;-2.011321847;-1.857475583;-0.666593377;-4.721304123;-2.578816716
-1.727672402;-2.011321847;-1.857463185;-0.666605298;-4.721316044;-2.578840796
-1.727636162;-2.011298005;-1.857463185;-0.666605298;-4.721304123;-2.578792636
-1.727660481;-2.011345688;-1.857438866;-0.666605298;-4.721328084;-2.578804795
-1.727672402;-2.011321847;-1.857438866;-0.666581456;-4.721352045;-2.578816716
-1.727696244;-2.011321847;-1.857487504;-0.666605298;-4.721316044;-2.578816716
-1.727684323;-2.011298005;-1.857438866;-0.666617695;-4.721340005;-2.578780715
-1.727684323;-2.011321847;-1.857499425;-0.666593377;-4.721316044;-2.578828637
-1.727684323;-2.011309926;-1.857415024;-0.666593377;-4.721328084;-2.578816716
-1.727696244;-2.011273686;-1.857450787;-0.666581456;-4.721292082;-2.578840796
-1.727684323;-2.011309926;-1.857475583;-0.666605298;-4.721316044;-2.578840796
-1.727672402;-2.011321847;-1.857450787;-0.666581456;-4.721304123;-2.578828637
-1.727696244;-2.011298005;-1.857463185;-0.666593377;-4.721316044;-2.578828637
-1.727708165;-2.011298005;-1.857438866;-0.666581456;-4.721304123;-2.578828637
-1.727684323;-2.011333768;-1.857415024;-0.666605298;-4.721304123;-2.578840796
-1.72764856;-2.01136953;-1.857463185;-0.666581456;-4.721340005;-2.578840796
-1.727684323;-2.011309926;-1.857450787;-0.666581456;-4.721304123;-2.578828637
-1.727660481;-2.011321847;-1.857438866;-0.666593377;-4.721292082;-2.578804795
-1.727684323;-2.011309926;-1.857426945;-0.666605298;-4.721316044;-2.578852717
-1.727672402;-2.011333768;-1.857463185;-0.666605298;-4.721340005;-2.578828637
-1.727684323;-2.01136953;-1.857415024;-0.666617695;-4.721316044;-2.578828637
-1.727660481;-2.011357609;-1.857450787;-0.666617695;-4.721304123;-2.578840796
-1.727708165;-2.011357609;-1.857463185;-0.666581456;-4.721316044;-2.578804795
-1.727660481;-2.011286084;-1.857426945;-0.666593377;-4.721340005;-2.578852717
-1.727696244;-2.011333768;-1.857463185;-0.666593377;-4.721292082;-2.578792636
-1.727684323;-2.011321847;-1.857426945;-0.666593377;-4.721328084;-2.578840796
-1.727684323;-2.011333768;-1.857450787;-0.666617695;-4.721316044;-2.578840796
-1.727684323;-2.011357609;-1.857438866;-0.666593377;-4.721316044;-2.578816716
-1.72764856;-2.011298005;-1.857450787;-0.666593377;-4.721304123;-2.578792636
-1.727696244;-2.011333768;-1.857463185;-0.666581456;-4.721292082;-2.578840796
-1.727696244;-2.011333768;-1.857426945;-0.666605298;-4.721328084;-2.578828637
-1.727684323;-2.011321847;-1.857450787;-0.666605298;-4.721352045;-2.578780715
-1.727672402;-2.011345688;-1.857426945;-0.666593377;-4.721304123;-2.578816716
-1.727696244;-2.011286084;-1.857450787;-0.666593377;-4.721304123;-2.578828637
-1.727672402;-2.011321847;-1.857450787;-0.666617695;-4.721328084;-2.578828637
-1.727696244;-2.011286084;-1.857438866;-0.666605298;-4.721292082;-2.578816716
-1.727684323;-2.01136953;-1.857438866;-0.666593377;-4.721316044;-2.578792636
-1.727660481;-2.011357609;-1.857426945;-0.666605298;-4.721340005;-2.578828637
-1.727696244;-2.011321847;-1.857426945;-0.666581456;-4.721292082;-2.578792636
-1.727672402;-2.011321847;-1.857450787;-0.666593377;-4.721328084;-2.578804795
-1.727660481;-2.011298005;-1.857438866;-0.666593377;-4.721328084;-2.578828637
-1.727660481;-2.011309926;-1.857463185;-0.666593377;-4.721304123;-2.578852717
-1.727696244;-2.011345688;-1.857438866;-0.666581456;-4.721304123;-2.578840796
-1.727672402;-2.011309926;-1.857450787;-0.666581456;-4.721352045;-2.578828637
-1.727672402;-2.011333768;-1.857438866;-0.666593377;-4.721316044;-2.578840796
-1.727732484;-2.011333768;-1.857450787;-0.666569535;-4.721316044;-2.578804795
-1.727672402;-2.011381928;-1.857450787;-0.666605298;-4.721304123;-2.578828637
-1.727696244;-2.011345688;-1.857450787;-0.666593377;-4.721292082;-2.578804795
-1.727660481;-2.011345688;-1.857438866;-0.666593377;-4.721304123;-2.578828637
