-0.286883842;-0.782660948;0.230713946;2.966512461;-0.081187919;-0.034843843
-0.286892909;-0.782655839;0.230678073;2.966560081;-0.081189138;-0.034838348
-0.28689484;-0.782660976;0.230684697;2.96654652;-0.081279258;-0.034850421
-0.286892891;-0.782662916;0.23066365;2.966583058;-0.081170019;-0.034817911
-0.286860732;-0.782649267;0.230700656;2.966559139;-0.081168711;-0.03481297
-0.286920392;-0.782649763;0.230670236;2.966593061;-0.08125881;-0.03481705
-0.286909955;-0.782645932;0.230696021;2.966546196;-0.081222421;-0.034825988
-0.286910292;-0.782647965;0.230687823;2.966546815;-0.081204539;-0.03482762
-0.286902554;-0.782647699;0.230681556;2.966595834;-0.081244172;-0.034847713
-0.286893026;-0.782649524;0.230669896;2.966584496;-0.081208883;-0.034850219
-0.286928653;-0.78263944;0.230684659;2.966566584;-0.081347029;-0.034816856
-0.286882808;-0.782668933;0.230676862;2.966581936;-0.081168489;-0.03479679
-0.286900129;-0.782646072;0.230681198;2.966559026;-0.081187117;-0.034823989
-0.286926566;-0.782626049;0.230702269;2.966545485;-0.081257686;-0.034829221
-0.286893172;-0.782657528;0.230713946;2.966512705;-0.081187926;-0.034846928
-0.286880605;-0.782661857;0.230702649;2.966529731;-0.081254573;-0.034780262
-0.286889628;-0.782642146;0.230682771;2.966569407;-0.081222934;-0.034815642
-0.286908632;-0.782637726;0.230695982;2.966570359;-0.081222707;-0.034821527
-0.286892358;-0.782659642;0.230681536;2.966571071;-0.081187592;-0.034818354
-0.286865877;-0.782667648;0.230657023;2.966596827;-0.081173166;-0.034841753
-0.286901297;-0.782646628;0.230658535;2.966606961;-0.08122542;-0.034829561
-0.286900626;-0.782663571;0.230691327;2.966531436;-0.081219079;-0.03478953
-0.28689424;-0.782664432;0.230699522;2.966535776;-0.081206139;-0.034840924
-0.28687007;-0.782657796;0.230647238;2.966627147;-0.081185631;-0.034766011
-0.286884329;-0.782678734;0.230688562;2.966570697;-0.081150095;-0.034800317
-0.28688155;-0.782660822;0.230701035;2.966545812;-0.081185316;-0.034801873
-0.286863196;-0.782671898;0.2306847;2.966547302;-0.08111382;-0.03480205
-0.28687365;-0.782658954;0.230650398;2.966606969;-0.081190186;-0.034823543
-0.286860019;-0.78265164;0.230648185;2.966605792;-0.081150911;-0.034788334
-0.286908632;-0.782637726;0.230695982;2.966569753;-0.081240386;-0.034819985
-0.286905944;-0.782661869;0.230689771;2.966551734;-0.08117401;-0.034880232
-0.286880404;-0.782632097;0.230677124;2.966597537;-0.081208911;-0.034844881
-0.286927337;-0.782645487;0.230679987;2.9665788;-0.081255226;-0.034786849
-0.286871609;-0.782646301;0.230678055;2.966606829;-0.081207722;-0.034821778
-0.286900211;-0.782646803;0.230658536;2.966605037;-0.081241479;-0.03481047
-0.286896505;-0.782664812;0.230676858;2.9665887;-0.081139299;-0.034873533
-0.286920574;-0.782657762;0.230681576;2.966543884;-0.081256403;-0.034808174
-0.286889237;-0.782661414;0.230704561;2.966555857;-0.081164101;-0.0347689
-0.286893453;-0.782652335;0.230638646;2.966633418;-0.081192337;-0.034842871
-0.286900174;-0.782660673;0.230665203;2.966565139;-0.081273366;-0.034778457
-0.28690051;-0.782648487;0.230661699;2.966579657;-0.081276851;-0.034811891
-0.286903526;-0.782660629;0.230710822;2.966512336;-0.081205664;-0.034848395
-0.286899041;-0.782653675;0.230655414;2.96660358;-0.0812029;-0.03477803
-0.286915104;-0.782664667;0.230673735;2.966582385;-0.081297562;-0.03484814
-0.286938393;-0.782635876;0.23065195;2.966591258;-0.081312906;-0.03481907
-0.286871995;-0.782648511;0.230625132;2.966657601;-0.081137833;-0.034819375
-0.286893681;-0.782667847;0.230681575;2.966546907;-0.081187306;-0.034822814
-0.286909793;-0.782637895;0.23065191;2.966619672;-0.081207658;-0.034832126
-0.286910725;-0.78265115;0.230678434;2.966595858;-0.081169905;-0.034821646
-0.286893898;-0.782655186;0.230665159;2.96659741;-0.081191429;-0.034849374
-0.286899266;-0.782647837;0.23066015;2.966591997;-0.08122199;-0.0347966
-0.286881513;-0.782667513;0.230665203;2.966566471;-0.081220316;-0.034776916
-0.286881658;-0.782661298;0.230713948;2.966511642;-0.081131271;-0.034813229
-0.286885364;-0.78266357;0.230683146;2.966562384;-0.08115496;-0.034855969
-0.286870933;-0.782656031;0.230668286;2.966594163;-0.081151111;-0.034793368
-0.286883924;-0.78266168;0.230691284;2.966561526;-0.081153179;-0.034838096
-0.286892917;-0.782656226;0.230699482;2.966558109;-0.081259815;-0.034831808
-0.286863395;-0.782666314;0.230653861;2.966618941;-0.081152568;-0.034803487
-0.28690943;-0.782649731;0.230666775;2.96657918;-0.081257091;-0.034798689
-0.286880867;-0.782670921;0.230655425;2.966615287;-0.081166043;-0.03475488
-0.286880453;-0.782660998;0.230701036;2.966544481;-0.081183678;-0.034784149
-0.286893897;-0.782662365;0.230707659;2.966537472;-0.081170285;-0.034843891
-0.286898849;-0.782638249;0.230669858;2.966605649;-0.081223597;-0.034812027
-0.286884351;-0.782671267;0.230681575;2.96654727;-0.081169621;-0.034821272
-0.286890009;-0.782644561;0.230663273;2.966594303;-0.081188209;-0.034814398
-0.286899346;-0.782641529;0.230684682;2.966592575;-0.081258894;-0.034810943
-0.286902903;-0.78266395;0.230668662;2.966580714;-0.081259037;-0.034813001
-0.286916148;-0.782637074;0.230676485;2.966590413;-0.081255431;-0.034781751
-0.286910292;-0.782647965;0.230687823;2.96654376;-0.081293639;-0.034819849
-0.286896361;-0.782670776;0.230696397;2.966538929;-0.08115444;-0.034863231
-0.286891967;-0.782650049;0.230658535;2.966606717;-0.081225414;-0.034826478
-0.286913047;-0.782658417;0.230701073;2.96652504;-0.081187955;-0.034850889
-0.286890762;-0.782649497;0.230713907;2.966533721;-0.08123998;-0.034820262
-0.286881902;-0.782670316;0.230667114;2.966591842;-0.081184847;-0.034775361
-0.286900677;-0.782650121;0.230706131;2.966570706;-0.081204827;-0.034819717
-0.286864916;-0.782675775;0.230643761;2.966607094;-0.081152612;-0.034805697
-0.28689416;-0.782656876;0.230701032;2.966551863;-0.081136828;-0.03486261
-0.286892484;-0.782653041;0.230708871;2.966510883;-0.081241412;-0.034842404
-0.286883441;-0.782651641;0.230655433;2.966633304;-0.081174338;-0.034841297
-0.286897342;-0.782643088;0.230674935;2.966604203;-0.081184514;-0.034779558
-0.286904667;-0.782660835;0.230699521;2.96653735;-0.081207783;-0.034861732
-0.286891325;-0.782638684;0.23065638;2.966608669;-0.08120942;-0.034845957
-0.286901178;-0.782645903;0.230713906;2.96653407;-0.081276965;-0.03483781
-0.286888989;-0.782638176;0.23065477;2.966618336;-0.081206335;-0.034808372
-0.286873868;-0.782660263;0.230697571;2.966536515;-0.081170813;-0.034838049
-0.286872898;-0.7826613;0.230731895;2.966498439;-0.081203857;-0.034823741
-0.286864925;-0.78266161;0.230705769;2.966540654;-0.08108284;-0.034860309
-0.286921677;-0.782636291;0.230700693;2.966538583;-0.081226735;-0.034884221
-0.286894395;-0.782658466;0.230679983;2.96658373;-0.081244406;-0.034846747
-0.286909827;-0.782638028;0.230708893;2.966535072;-0.081241351;-0.034844232
-0.286893344;-0.782665814;0.230689774;2.966546906;-0.081187156;-0.034822755
-0.286910374;-0.782648696;0.230665161;2.966595261;-0.081187831;-0.034820298
-0.286881703;-0.782654501;0.230660149;2.966594053;-0.081188256;-0.034811241
-0.286891032;-0.782658261;0.230702648;2.96653374;-0.081185149;-0.034807269
-0.286890799;-0.782649492;0.230681198;2.966557559;-0.081222821;-0.034817791
-0.286894603;-0.782652596;0.230684657;2.966574437;-0.081210097;-0.034869708
-0.286929786;-0.782646437;0.230694448;2.966533623;-0.081257678;-0.03483122
-0.286885572;-0.782657701;0.23068782;2.9665543;-0.081085294;-0.034882013
-0.286900579;-0.78264218;0.230686232;2.966583881;-0.081206959;-0.03483537
-0.286881702;-0.782661681;0.230702648;2.966532891;-0.081202821;-0.034802643
-0.286903933;-0.782649176;0.230684657;2.966572244;-0.081281172;-0.034866593
-0.28689231;-0.782652115;0.230650398;2.966607456;-0.081190199;-0.034829709
-0.286901234;-0.782638934;0.230626743;2.966644913;-0.081210387;-0.034842463
-0.286900064;-0.782645977;0.230656985;2.966616879;-0.081241645;-0.034808247
-0.286897861;-0.782638901;0.230682772;2.966567714;-0.081238983;-0.03479946
-0.286910977;-0.782645663;0.230671808;2.96660659;-0.081242859;-0.034830908
-0.286908588;-0.782637344;0.230707281;2.96654607;-0.081239903;-0.034824372
-0.286892192;-0.78264421;0.230663271;2.966598175;-0.081155755;-0.034852785
-0.286885255;-0.782663093;0.230670234;2.966597159;-0.081191325;-0.034846157
-0.286899981;-0.782652425;0.230722146;2.966509088;-0.08121988;-0.034811596
-0.286882764;-0.782668551;0.230688162;2.966557042;-0.081203364;-0.034798093
-0.28689069;-0.782649015;0.230668285;2.96659294;-0.081241509;-0.03480952
-0.28691048;-0.782642383;0.230656984;2.966617834;-0.081260951;-0.034827337
-0.286896848;-0.782646598;0.230681201;2.966553823;-0.081217932;-0.034767878
-0.286891483;-0.78264719;0.230665183;2.966619164;-0.081207751;-0.034825737
-0.286909131;-0.782648046;0.230663611;2.966605166;-0.08120404;-0.034798809
-0.286894313;-0.782657735;0.230702645;2.966537719;-0.081190045;-0.034860265
-0.286867812;-0.782657804;0.230691311;2.966578949;-0.08112762;-0.034743914
-0.286903578;-0.78265422;0.230678432;2.966597657;-0.081190835;-0.034852294
-0.28687297;-0.782654855;0.230666733;2.96660927;-0.081136501;-0.03482799
-0.286902312;-0.782645722;0.230681196;2.966561674;-0.081190375;-0.034859261
-0.28690172;-0.782642386;0.230674931;2.966609513;-0.081191045;-0.034850279
-0.286893835;-0.78266906;0.230704536;2.966534924;-0.081204428;-0.034823153
-0.286898805;-0.782637867;0.230681158;2.966583189;-0.081187403;-0.034819528
-0.286929549;-0.782630878;0.230651909;2.966619053;-0.081280378;-0.03484982
-0.286892645;-0.782647108;0.230689394;2.966560812;-0.08120825;-0.034854545
-0.286872473;-0.782651575;0.23065191;2.966620502;-0.081154947;-0.034824389
-0.286918188;-0.782642687;0.230696022;2.966544502;-0.081238469;-0.034809806
-0.286905454;-0.782658977;0.230696357;2.966562218;-0.081227422;-0.034873204
-0.286890571;-0.782648289;0.230723656;2.966523103;-0.081203953;-0.03482554
-0.28690051;-0.782648487;0.230661699;2.966580263;-0.081259172;-0.034813433
-0.28689077;-0.782656571;0.230666775;2.966579905;-0.08122172;-0.034795606
-0.286899156;-0.78265454;0.230689736;2.96656744;-0.081219532;-0.034782846
-0.286872201;-0.782649637;0.23068432;2.96655899;-0.081207051;-0.034830757
-0.286879582;-0.782648157;0.230663274;2.966592729;-0.081186566;-0.034793591
-0.286901369;-0.782647111;0.230704157;2.966550178;-0.081152823;-0.034846502
-0.286875199;-0.782668855;0.230719021;2.966513421;-0.081152458;-0.034843709
-0.286913924;-0.782664112;0.230696398;2.96653382;-0.081277274;-0.034840819
-0.28688949;-0.782648747;0.230655435;2.966627134;-0.081240522;-0.034785186
-0.286921246;-0.782654788;0.230712374;2.966499676;-0.081203536;-0.03483927
-0.286910055;-0.782639586;0.230687782;2.966571072;-0.081242157;-0.034837593
-0.286887511;-0.782635937;0.230674269;2.966592715;-0.081221744;-0.034793434
-0.286902283;-0.782652801;0.230666773;2.966582797;-0.081224984;-0.034833962
-0.286919957;-0.782639788;0.230658535;2.96660563;-0.081278471;-0.034831102
-0.286919594;-0.782651624;0.2306734;2.966567574;-0.081256834;-0.034803861
-0.286863478;-0.782659332;0.230692497;2.966537505;-0.081134839;-0.034838122
-0.286901497;-0.782655014;0.230691285;2.966557654;-0.081240319;-0.034818975
-0.286931235;-0.782662935;0.230703026;2.966518597;-0.081309121;-0.03481072
-0.286895891;-0.782653628;0.230674906;2.966588834;-0.081176338;-0.034888382
-0.28689028;-0.782653679;0.230673361;2.96659343;-0.081186385;-0.034796317
-0.286879894;-0.782643185;0.230633721;2.966653618;-0.081207127;-0.03479874
-0.286899991;-0.782652674;0.230653862;2.966616147;-0.081222382;-0.03479199
-0.286892285;-0.782666339;0.230678413;2.966569127;-0.081203687;-0.034799013
-0.286892909;-0.782655839;0.230678073;2.966558869;-0.081224495;-0.034835265
-0.286905454;-0.782658977;0.230696357;2.966564048;-0.081174032;-0.03487786
-0.286901804;-0.782657086;0.230715858;2.966533344;-0.081257621;-0.034821595
-0.286891249;-0.7826456;0.230686232;2.966584861;-0.081171241;-0.034835401
-0.286899376;-0.782648669;0.23069441;2.966559371;-0.081149881;-0.034809066
-0.286884032;-0.782662156;0.230704197;2.966525527;-0.081152525;-0.034844795
-0.286920664;-0.782658541;0.230658524;2.966591592;-0.081275068;-0.034797682
-0.286890499;-0.782654986;0.230720534;2.966521159;-0.081220046;-0.0348062
-0.286895821;-0.782667115;0.230692873;2.96652466;-0.08122544;-0.034859389
-0.286901922;-0.782657811;0.230660486;2.966605628;-0.081223755;-0.034811803
-0.286878525;-0.782655471;0.230673002;2.966553326;-0.081218423;-0.034761739
-0.286895319;-0.782650005;0.230704154;2.966550858;-0.081246813;-0.034888644
-0.286889711;-0.782657096;0.230655414;2.96660456;-0.081167182;-0.034778061
-0.286911613;-0.78264938;0.230666773;2.966582434;-0.08124267;-0.034835503
-0.286889101;-0.782653124;0.230696023;2.966543653;-0.081201454;-0.034785914
-0.286928867;-0.782633604;0.230689395;2.966558638;-0.081259676;-0.034844531
-0.286889403;-0.782647984;0.230678035;2.966579767;-0.081239556;-0.034793959
-0.286901179;-0.782638724;0.230671407;2.966598286;-0.081173298;-0.034854178
-0.286906665;-0.78263928;0.230653525;2.966602759;-0.081220623;-0.034779869
-0.286912488;-0.782661832;0.230683126;2.966533736;-0.081240189;-0.034826579
-0.286875881;-0.782666131;0.230681534;2.966575666;-0.081119768;-0.034853657
-0.286879926;-0.782650578;0.230676484;2.966591365;-0.081239715;-0.034788653
-0.286879465;-0.782654472;0.230671451;2.966567102;-0.081202178;-0.034778637
-0.286892909;-0.782655839;0.230678073;2.966559475;-0.081206816;-0.034836806
-0.286881396;-0.782659609;0.230678075;2.966558412;-0.081150162;-0.034803107
-0.286893406;-0.782659119;0.230692897;2.966547625;-0.081206403;-0.034838836
-0.286878747;-0.782650023;0.230699147;2.966544628;-0.081166037;-0.034785989
-0.286911314;-0.782647356;0.23064181;2.9666066;-0.081243412;-0.034831223
-0.286899892;-0.782637692;0.230681157;2.966584507;-0.081189023;-0.034837076
-0.286901223;-0.782639106;0.230660107;2.966623798;-0.081120388;-0.034854446
-0.286908596;-0.782644417;0.23066015;2.966590411;-0.081275387;-0.034795027
-0.286887307;-0.782648757;0.230633638;2.966624495;-0.081237668;-0.034750169
-0.286918935;-0.782640057;0.230682748;2.966545236;-0.081258032;-0.034826181
-0.286892273;-0.782652121;0.230683108;2.96658546;-0.081153615;-0.034836868
-0.286883353;-0.782650877;0.230678032;2.966584725;-0.081208732;-0.034846987
-0.28689261;-0.782654154;0.230674909;2.966585461;-0.081153765;-0.034836927
-0.286893254;-0.78265826;0.230691284;2.966559334;-0.081224254;-0.034834982
-0.286900751;-0.782650465;0.23066206;2.966615647;-0.08127726;-0.034805
-0.28690243;-0.782653626;0.230668324;2.966570349;-0.081242497;-0.034834643
-0.286894007;-0.782655663;0.230678072;2.966560806;-0.081208453;-0.03485453
-0.28689231;-0.782652115;0.230650398;2.966609285;-0.081136808;-0.034834364
-0.286889593;-0.782649191;0.230668286;2.966593438;-0.081186482;-0.034796451
-0.286885554;-0.782664778;0.230673397;2.966573002;-0.081190987;-0.034850691
-0.286878875;-0.782657926;0.230686275;2.966555145;-0.081164786;-0.034766202
-0.286888875;-0.782644743;0.230695983;2.966569753;-0.081185699;-0.034800719
-0.286899266;-0.782647837;0.23066015;2.966592603;-0.081204311;-0.034798141
-0.286911894;-0.782636814;0.230674569;2.966575085;-0.081192266;-0.034877804
-0.286910227;-0.782655049;0.23070611;2.966544111;-0.081255953;-0.034804823
-0.28687252;-0.782658747;0.230661699;2.966582574;-0.081170404;-0.034811922
-0.286889629;-0.782656365;0.230678076;2.966555496;-0.081201921;-0.03478381
-0.286895645;-0.782673368;0.230676899;2.966561283;-0.081153435;-0.034841179
-0.286880117;-0.782651785;0.230666735;2.966606259;-0.08115093;-0.034794259
-0.286892266;-0.782651733;0.230661698;2.966583773;-0.081189717;-0.034834096
-0.286926238;-0.782631444;0.230684683;2.966591986;-0.081256924;-0.034802498
-0.286882764;-0.782668551;0.230688162;2.966558253;-0.081168006;-0.034801177
-0.286921888;-0.782644925;0.230665159;2.966595111;-0.081279844;-0.034850915
-0.286865433;-0.782679107;0.230715898;2.966512473;-0.081132497;-0.034824482
-0.286870479;-0.782660313;0.230684661;2.96656914;-0.081148894;-0.034779897
-0.286892845;-0.782655744;0.23065386;2.966619158;-0.081207954;-0.034825721
-0.286896136;-0.782676275;0.230669862;2.966548693;-0.081189143;-0.034840261
-0.286893129;-0.782649967;0.230682746;2.966550195;-0.081172524;-0.034859942
-0.286893507;-0.782645592;0.230642159;2.966633663;-0.081211571;-0.03485904
-0.286904551;-0.782659971;0.230665199;2.966572885;-0.081208829;-0.034855376
-0.286872864;-0.782661168;0.23067491;2.966582433;-0.081187842;-0.034810098
-0.286895862;-0.782660366;0.230638684;2.966609966;-0.081211351;-0.034863339
-0.286909014;-0.782654361;0.230671788;2.966578921;-0.081237684;-0.034782283
-0.286919023;-0.782640821;0.230660149;2.966595039;-0.081187929;-0.034823604
-0.286891388;-0.782646038;0.230666373;2.966571938;-0.081189498;-0.034836393
-0.286875609;-0.782664192;0.230713945;2.966514154;-0.081171872;-0.034860025
-0.286901235;-0.782653323;0.230655412;2.966605636;-0.081223853;-0.034811937
-0.286913392;-0.782653659;0.230671784;2.966584231;-0.081244216;-0.034853004
-0.28689806;-0.782647536;0.230647238;2.966626665;-0.081221009;-0.034772176
-0.286899304;-0.782648186;0.230648788;2.966614931;-0.081258191;-0.03478901
-0.286899675;-0.782650353;0.230697573;2.966533386;-0.081202932;-0.034808945
-0.286873276;-0.782656927;0.230691306;2.966586182;-0.081118093;-0.034833725
-0.286850729;-0.78265566;0.230669859;2.966606749;-0.081115145;-0.034788075
-0.286888721;-0.782643529;0.230673023;2.966580525;-0.081203935;-0.034797296
-0.286893406;-0.782659119;0.230692897;2.966548231;-0.081188724;-0.034840378
-0.286871767;-0.782661344;0.230674911;2.966582931;-0.081132815;-0.03479703
-0.286882256;-0.782651053;0.230678033;2.966584606;-0.081171738;-0.034832346
-0.28688933;-0.782654681;0.230674912;2.966579047;-0.081219939;-0.034777733
-0.286891032;-0.782658261;0.230702648;2.96653374;-0.081185149;-0.034807269
-0.286883924;-0.78266168;0.230691284;2.966560908;-0.081171211;-0.034836524
-0.286877998;-0.78265223;0.23069095;2.966543311;-0.081164566;-0.0347685
-0.286883063;-0.782670235;0.230691326;2.966534714;-0.081149635;-0.034807285
-0.286872791;-0.782667865;0.230671787;2.966582924;-0.081132868;-0.034796955
-0.286883988;-0.782661774;0.230715497;2.966501843;-0.081152043;-0.034849181
-0.286925669;-0.782634861;0.230666736;2.966601892;-0.081273433;-0.034781128
-0.286873543;-0.782672447;0.230701075;2.966522616;-0.081149666;-0.034806333
-0.286884801;-0.782667375;0.230686609;2.96657336;-0.081153398;-0.034835799
-0.286906323;-0.782629956;0.230675881;2.966580886;-0.081221585;-0.034801912
-0.28690175;-0.782649527;0.230684658;2.966572033;-0.081206845;-0.034837518
-0.286869763;-0.782648684;0.230669859;2.9666048;-0.081186582;-0.034788137
-0.286885361;-0.78265644;0.230640257;2.966621571;-0.081211458;-0.034858108
-0.286912638;-0.782655901;0.230663649;2.966582427;-0.081242723;-0.034835429
-0.286899376;-0.782648669;0.23069441;2.966558766;-0.08116756;-0.034807524
-0.286890881;-0.782650223;0.230658536;2.966604176;-0.081259505;-0.034805815
-0.286862094;-0.782650812;0.230635271;2.966643833;-0.081172502;-0.034815368
-0.286887181;-0.782647985;0.230689399;2.966554185;-0.081200097;-0.034766277
-0.286881678;-0.782647043;0.230685871;2.966549233;-0.081153148;-0.034840751
-0.286896277;-0.782635967;0.230656384;2.966601773;-0.081256286;-0.034773664
-0.286890989;-0.7826507;0.230671449;2.966569401;-0.081223137;-0.034815627
-0.286889447;-0.782648366;0.230666735;2.966604674;-0.081204327;-0.034792687
-0.286899514;-0.782635059;0.230667681;2.966583292;-0.081224986;-0.034834161
-0.286915011;-0.782636478;0.230666377;2.966565554;-0.081236038;-0.034770474
-0.286871275;-0.782665277;0.230702649;2.966534961;-0.081094752;-0.034791118
-0.286921015;-0.782646442;0.230712395;2.96652346;-0.081241147;-0.034849331
-0.286920562;-0.782643545;0.230686271;2.966560217;-0.081206333;-0.034846029
-0.286907653;-0.782638627;0.230640612;2.966638259;-0.081276307;-0.034786239
-0.286880717;-0.782648329;0.230651911;2.966618823;-0.081171013;-0.034808381
-0.286879255;-0.78266752;0.230709276;2.966517668;-0.081179983;-0.034753278
-0.286888082;-0.782639559;0.230645022;2.966627624;-0.081240727;-0.034785371
-0.286876568;-0.782670619;0.230686608;2.966574435;-0.081155382;-0.034850409
-0.286884845;-0.782667417;0.23065351;2.966597659;-0.081136604;-0.034833209
-0.286878123;-0.782660523;0.230699487;2.966553068;-0.081198265;-0.034745112
-0.286907159;-0.782649317;0.230689377;2.966532204;-0.081164119;-0.034779932
-0.286904214;-0.782657938;0.230673397;2.966571672;-0.081244037;-0.034852233
-0.286893635;-0.782660675;0.230671785;2.966583625;-0.081207208;-0.034832197
-0.286901417;-0.782661323;0.230666752;2.966555853;-0.081239125;-0.034801519
-0.286917735;-0.78263979;0.230669899;2.966578206;-0.081292756;-0.034798733
-0.286910073;-0.782653836;0.230683149;2.966556094;-0.081238832;-0.034804483
-0.286892285;-0.782666339;0.230678413;2.966568522;-0.081221365;-0.034797471
-0.28689386;-0.782654837;0.230676521;2.966573253;-0.081190941;-0.034853849
-0.28689424;-0.782664432;0.230699522;2.966534552;-0.08124185;-0.03483781
-0.286904983;-0.782670335;0.230698309;2.966558949;-0.081241798;-0.034836181
-0.286890799;-0.782649492;0.230681198;2.966557559;-0.081222821;-0.034817791
-0.286899875;-0.782658989;0.230662039;2.966592954;-0.081166925;-0.034783233
-0.286883842;-0.782660948;0.230713946;2.966511238;-0.08122363;-0.034840728
-0.286891867;-0.782656395;0.230666774;2.966582447;-0.081187999;-0.034816413
-0.286909005;-0.782646933;0.230697573;2.966531812;-0.081255974;-0.034807403
-0.286880643;-0.782662206;0.230691287;2.966556323;-0.081183995;-0.034781986
-0.286886406;-0.782663014;0.230694446;2.966538794;-0.08119181;-0.034874789
-0.286901131;-0.78266006;0.23068506;2.966579381;-0.0812571;-0.034795158
-0.286885211;-0.782662712;0.230681534;2.966573475;-0.081190843;-0.034850543
-0.286899295;-0.782640759;0.230674572;2.966570875;-0.08118738;-0.0348219
-0.286910047;-0.782653749;0.230625775;2.966639337;-0.081258543;-0.034787635
-0.28689397;-0.782655668;0.230710781;2.96653698;-0.081225259;-0.034857033
-0.286880452;-0.782646779;0.230705731;2.966558998;-0.081187013;-0.034817523
-0.286898958;-0.782638725;0.230682771;2.966570874;-0.08118723;-0.03482184
-0.286905011;-0.782663256;0.230712732;2.966537815;-0.081207543;-0.03486145
-0.286895718;-0.782666671;0.230680023;2.966559567;-0.08124412;-0.034851207
-0.286885056;-0.782668677;0.230701073;2.966524297;-0.081188288;-0.034841605
-0.286919023;-0.782640821;0.230660149;2.966590772;-0.081312388;-0.034812751
-0.286907419;-0.782637038;0.230661661;2.966605181;-0.081204084;-0.034799017
-0.28689464;-0.78265259;0.230651947;2.966597051;-0.081228649;-0.034864122
-0.286882083;-0.782664096;0.230683149;2.96655901;-0.081132386;-0.034804514
-0.286890843;-0.782649874;0.230669898;2.966583072;-0.081169914;-0.03481806
-0.286890943;-0.782643528;0.230661659;2.966606106;-0.081243393;-0.03482498
-0.286883733;-0.782660472;0.230701033;2.96654846;-0.081188574;-0.034837145
-0.286911613;-0.78264938;0.230666773;2.966583658;-0.081206958;-0.034838617
-0.286891739;-0.782648492;0.230679646;2.966571324;-0.081206929;-0.034834658
-0.286892572;-0.782653805;0.230686271;2.966558868;-0.081224345;-0.034835205
-0.286881205;-0.782658401;0.230687824;2.966544742;-0.081203235;-0.034800614
-0.286892547;-0.782668028;0.230714286;2.966521751;-0.081202474;-0.034807593
-0.286919275;-0.782635333;0.230653523;2.966603939;-0.081314273;-0.034828211
-0.286910842;-0.782659055;0.230665562;2.966603927;-0.081239707;-0.034795486
-0.286882174;-0.782650322;0.230700695;2.966534936;-0.081224156;-0.034836551
-0.286898958;-0.782638725;0.230682771;2.966572085;-0.081151872;-0.034824924
-0.286901688;-0.782656222;0.230681536;2.966570708;-0.081205277;-0.034819895
-0.286862553;-0.782667793;0.230668326;2.966570993;-0.081114399;-0.034797798
-0.286882409;-0.782651912;0.230679646;2.966572291;-0.081171565;-0.034834658
-0.286908545;-0.782629954;0.230664518;2.96660831;-0.081207299;-0.034834281
-0.286902883;-0.782656524;0.230694447;2.966536027;-0.081206243;-0.034844143
-0.286928851;-0.7826549;0.230670277;2.966566479;-0.081255256;-0.034789146
-0.286881322;-0.782652086;0.230679647;2.966569763;-0.081205302;-0.034814026
-0.286891715;-0.782655536;0.230665161;2.966593551;-0.08122353;-0.034811018
-0.286911845;-0.782657727;0.230666751;2.966556821;-0.081258448;-0.034820785
-0.286900772;-0.782650177;0.230697572;2.966533505;-0.081239926;-0.034823585
-0.286889174;-0.782646427;0.230699146;2.966545597;-0.08118536;-0.034805255
-0.286891633;-0.782654805;0.230687823;2.966546921;-0.0811872;-0.034822963
-0.286891715;-0.782655536;0.230665161;2.966594156;-0.081205851;-0.034812559
-0.286909468;-0.782650079;0.230655413;2.966604549;-0.081222222;-0.034797296
-0.286901259;-0.78264628;0.230669897;2.966583409;-0.081207252;-0.034835578
-0.286889338;-0.782647548;0.230632024;2.966641288;-0.081187707;-0.034787784
-0.286891893;-0.782642526;0.230660107;2.966622331;-0.081156094;-0.03484825
-0.286910565;-0.782649903;0.230655412;2.966604668;-0.081259217;-0.034811937
-0.286921867;-0.782652052;0.230650346;2.966617931;-0.081278756;-0.034828643
-0.286910545;-0.782642478;0.230681197;2.966559364;-0.081224455;-0.034841506
-0.286878612;-0.782663415;0.230692902;2.966542582;-0.081144852;-0.03475214
-0.286884845;-0.782667417;0.23065351;2.966594606;-0.081225706;-0.03482544
-0.286908333;-0.782649907;0.230666776;2.966580284;-0.081184385;-0.034787162
-0.286901987;-0.782657906;0.230684699;2.966546552;-0.081204938;-0.034824431
-0.286898849;-0.782638249;0.230669858;2.966606873;-0.081187885;-0.034815141
-0.286909268;-0.782641444;0.230690947;2.966546822;-0.081204486;-0.034827695
-0.286920644;-0.782644276;0.230663609;2.966606834;-0.081243015;-0.034834051
-0.286891242;-0.782645212;0.230664822;2.966582568;-0.081225022;-0.034831087
-0.286911852;-0.782658115;0.230688161;2.966558497;-0.081222699;-0.034823526
-0.286921035;-0.782653869;0.23068661;2.966570594;-0.081222519;-0.034824417
-0.286908806;-0.782660231;0.230667115;2.966589437;-0.081236283;-0.034762437
-0.28691508;-0.782630171;0.230690909;2.96656796;-0.081219183;-0.034789327
-0.286903633;-0.782647137;0.230660146;2.966599124;-0.081175115;-0.034871801
-0.286886151;-0.782661712;0.230679982;2.966586028;-0.081210309;-0.034864327
-0.286910852;-0.78263737;0.230663271;2.966596845;-0.081208806;-0.034854327
-0.28690187;-0.782664221;0.230692876;2.966520925;-0.08122055;-0.034809477
-0.286893997;-0.782677007;0.230658563;2.966566687;-0.081275115;-0.034792862
-0.286907611;-0.782630987;0.230666131;2.966592848;-0.081258896;-0.03481439
-0.286890083;-0.782652083;0.2306617;2.966582953;-0.081133069;-0.034803479
-0.286921625;-0.782650415;0.230671785;2.966581313;-0.081295976;-0.034833708
-0.286883623;-0.782659641;0.230666773;2.966582297;-0.081225324;-0.034827764
-0.286892437;-0.782667197;0.230680025;2.966555589;-0.081239225;-0.034798211
-0.286938444;-0.782636306;0.23064026;2.966617246;-0.081260011;-0.03481925
-0.286889321;-0.782647252;0.230700697;2.966534373;-0.081167162;-0.034809051
-0.28688174;-0.78266203;0.230691286;2.966557654;-0.081185632;-0.034799709
-0.286891794;-0.782663092;0.230663651;2.966580504;-0.081204094;-0.034797073
-0.28687463;-0.782665094;0.230658574;2.966585107;-0.081136366;-0.03483251
-0.286892394;-0.782666815;0.230691326;2.966532523;-0.08122071;-0.03480417
-0.286911244;-0.782661183;0.230681576;2.966546681;-0.08116765;-0.034812831
-0.286887811;-0.78267195;0.230671823;2.966562471;-0.081192495;-0.034870388
-0.286891758;-0.782655918;0.230653861;2.96661784;-0.081206333;-0.034808173
-0.286899654;-0.7826503;0.230640261;2.966616156;-0.081222636;-0.034792186
-0.286894351;-0.782658084;0.230691283;2.966560665;-0.081225891;-0.034852706
-0.286892437;-0.782667197;0.230680025;2.966556207;-0.081221192;-0.034799783
-0.286902953;-0.782643037;0.230676481;2.966597766;-0.081228211;-0.034866938
-0.286889469;-0.782655118;0.230655054;2.966567347;-0.081202485;-0.03478184
-0.286939405;-0.782628179;0.230653522;2.966606968;-0.081280919;-0.034855277
-0.286894539;-0.782652161;0.230638645;2.966632905;-0.081247349;-0.034855766
-0.286898469;-0.782650053;0.230684661;2.966566842;-0.081237308;-0.034781438
-0.28689443;-0.782665639;0.230689773;2.966548224;-0.081188777;-0.034840303
-0.286891487;-0.782668199;0.230681577;2.966543035;-0.081219389;-0.034784282
-0.28687271;-0.782659954;0.23065195;2.966596849;-0.081099651;-0.034815956
-0.286916939;-0.782634825;0.230651912;2.966616042;-0.081240119;-0.034796822
-0.286887997;-0.782639047;0.230700657;2.966559141;-0.081149769;-0.034806132
-0.286921975;-0.782652869;0.230685059;2.966583753;-0.081224306;-0.034839742
-0.286888349;-0.782648542;0.230666736;2.966603343;-0.08120269;-0.034774962
-0.286896995;-0.782667704;0.230670272;2.966572726;-0.081246057;-0.034866593
-0.286902566;-0.782661917;0.230676861;2.966581937;-0.081223175;-0.034816056
-0.286898112;-0.782647966;0.230635548;2.966651428;-0.081203826;-0.034769243
-0.286907689;-0.782645801;0.230650401;2.966602146;-0.081238355;-0.034778253
-0.286890895;-0.782664523;0.230653513;2.966592094;-0.081185107;-0.03477864
-0.286913361;-0.782626409;0.230662971;2.966614491;-0.081218637;-0.034763053
-0.286890943;-0.782643528;0.230661659;2.966606724;-0.081225361;-0.034826552
-0.286902774;-0.782656047;0.230681535;2.96657142;-0.081224577;-0.034835902
-0.286904324;-0.782658769;0.230707658;2.966537217;-0.081225319;-0.034860042
-0.286874322;-0.782655982;0.230681196;2.966560931;-0.081190708;-0.034849979
-0.286891205;-0.782645218;0.230697531;2.966559954;-0.08120647;-0.034836673
-0.286922047;-0.782646172;0.230688181;2.966586908;-0.081172853;-0.034862166
-0.28692223;-0.782654171;0.230699522;2.966534083;-0.081276874;-0.034844009
-0.286911876;-0.782643891;0.230660147;2.96659439;-0.081280282;-0.034848024
-0.286898768;-0.782651737;0.230687825;2.966542686;-0.081236968;-0.034785974
-0.2869211;-0.782653963;0.230710823;2.966507857;-0.08131048;-0.034827732
-0.28689107;-0.78265861;0.230691286;2.966557292;-0.081203317;-0.034801251
-0.286862327;-0.782659412;0.230668285;2.966595264;-0.081152033;-0.034807948
-0.286884973;-0.782653977;0.230660146;2.966598624;-0.081175455;-0.034865604
-0.286892317;-0.782652503;0.230671808;2.966606708;-0.081225166;-0.034826284
-0.286902093;-0.782651593;0.230676522;2.966570348;-0.081242347;-0.034834583
-0.286879991;-0.782650672;0.230700697;2.966532906;-0.081202866;-0.034802852
-0.286900099;-0.78266033;0.230709274;2.966519592;-0.081218612;-0.034791634
-0.286907834;-0.782639587;0.230699146;2.966544266;-0.081238409;-0.034806797
-0.28690002;-0.782645595;0.230668285;2.966593195;-0.081241162;-0.034812634
-0.28688758;-0.782643323;0.230684323;2.966554905;-0.081219494;-0.034782417
-0.286890769;-0.78266375;0.230709274;2.96652056;-0.081183248;-0.034791634
-0.286869472;-0.782668042;0.230683152;2.966552959;-0.081180873;-0.034743778
-0.28690029;-0.782654358;0.230657026;2.966591991;-0.081222043;-0.034796525
-0.286902503;-0.782646929;0.230671447;2.966570462;-0.081279792;-0.034849327
-0.286900635;-0.78265678;0.230670237;2.966592455;-0.081221802;-0.034796243
-0.286892247;-0.78266599;0.230689775;2.966544364;-0.081220876;-0.034801947
-0.286910817;-0.782644416;0.230648786;2.966620876;-0.081172352;-0.034835134
-0.286917392;-0.782637723;0.230678035;2.966576859;-0.081345649;-0.034793959
-0.286909642;-0.782629778;0.230664517;2.966608417;-0.081244648;-0.034848892
-0.286911232;-0.782646965;0.230686271;2.966558144;-0.081259716;-0.034838289
-0.286890289;-0.782639173;0.230713568;2.966523356;-0.08122344;-0.034841904
-0.286890081;-0.782645043;0.230708894;2.966535085;-0.081186681;-0.034825142
-0.286901259;-0.78264628;0.230669897;2.966582804;-0.081224931;-0.034834036
-0.286872183;-0.782656714;0.230669898;2.966582573;-0.081170254;-0.034811863
-0.286877969;-0.782659309;0.230676527;2.966565657;-0.081163465;-0.034746314
-0.286886923;-0.78267372;0.230683484;2.966574066;-0.08117312;-0.034851876
-0.286909602;-0.782636687;0.230661659;2.966605999;-0.081260732;-0.034829635
-0.286884794;-0.782666987;0.2306652;2.966570449;-0.081225211;-0.034829912
-0.286890661;-0.782656094;0.230653862;2.96661468;-0.081258087;-0.034785793
-0.28688554;-0.782671536;0.230694425;2.966510627;-0.081241661;-0.03483923
-0.286893063;-0.782657052;0.230701033;2.966548704;-0.081188581;-0.034840229
-0.286891715;-0.782655536;0.230665161;2.96659538;-0.081170139;-0.034815673
-0.286883587;-0.782659646;0.230699482;2.966559078;-0.081224451;-0.034831808
-0.286892247;-0.78266599;0.230689775;2.966546193;-0.081167486;-0.034806603
-0.28690002;-0.782645595;0.230668285;2.966593801;-0.081223483;-0.034814175
-0.286879326;-0.782654034;0.230691309;2.96657879;-0.081219986;-0.0347745
-0.28690951;-0.782643422;0.230691307;2.966581587;-0.081240605;-0.034817687
-0.286910524;-0.782642764;0.230645684;2.966642123;-0.081243755;-0.034824492
-0.286900425;-0.782640966;0.230663272;2.966594653;-0.081225195;-0.034831947
-0.286888949;-0.782652265;0.230694411;2.966555968;-0.081201627;-0.034783602
-0.286912931;-0.782657552;0.23066675;2.966559351;-0.081224711;-0.034841417
-0.286915951;-0.782635478;0.230664825;2.966577501;-0.081273184;-0.034782715
-0.286901006;-0.782651767;0.230676523;2.966569031;-0.081240726;-0.034817035
-0.286883009;-0.782648456;0.230664821;2.966584866;-0.081191294;-0.034848811
-0.286898344;-0.78264176;0.230676124;2.96655465;-0.081274678;-0.034798628
-0.286921869;-0.782659182;0.230693236;2.966557521;-0.081257966;-0.034823392
-0.286889066;-0.78264595;0.230686233;2.966580989;-0.081203694;-0.034797014
-0.286883517;-0.782665954;0.23067495;2.966558513;-0.081187563;-0.034817641
-0.286881806;-0.782654945;0.230672999;2.966557922;-0.081205286;-0.034816308
-0.286885623;-0.78265847;0.23069793;2.966576014;-0.081156453;-0.034871086
-0.286912473;-0.782640825;0.230666731;2.96661047;-0.081210502;-0.034869429
-0.286903208;-0.78264434;0.230690944;2.966549319;-0.08124507;-0.034874317
-0.286884204;-0.782670441;0.230680024;2.966559111;-0.081169787;-0.034819049
-0.286880804;-0.782656273;0.23067181;2.966605634;-0.081168865;-0.034792552
-0.286874185;-0.782662243;0.230632061;2.966619892;-0.081172986;-0.034822894
-0.286900129;-0.782646072;0.230681198;2.966555972;-0.081276217;-0.034816218
-0.286880033;-0.782665607;0.230648799;2.966627136;-0.081166306;-0.034752791
-0.286900951;-0.782637167;0.230692518;2.966558626;-0.081279273;-0.034851506
-0.286892174;-0.782672686;0.230686652;2.966544238;-0.081183934;-0.034787232
-0.286886712;-0.782665085;0.230719019;2.966514495;-0.081208759;-0.034877439
-0.286908858;-0.782646108;0.230696022;2.966544259;-0.081238462;-0.034806722
-0.286883072;-0.782663444;0.230670236;2.966595116;-0.081170389;-0.034812425
-0.286890064;-0.78266634;0.230689777;2.966541716;-0.081217617;-0.034766675
-0.286883924;-0.78266168;0.230691284;2.966559079;-0.081224601;-0.034831867
-0.286882637;-0.782653468;0.230658535;2.966606462;-0.081225761;-0.034823364
-0.286899159;-0.78266133;0.230710826;2.966507657;-0.081181114;-0.034779425
-0.28690719;-0.782635481;0.230682772;2.966569181;-0.081203278;-0.034805658
-0.286892013;-0.782664399;0.230710824;2.966508838;-0.081220077;-0.034808497
-0.286893001;-0.782663747;0.23069791;2.966546773;-0.081204691;-0.034821064
-0.286898885;-0.782645422;0.230679648;2.966567707;-0.081239036;-0.034799385
-0.286891158;-0.782659034;0.230646886;2.966605275;-0.081187007;-0.034794275
-0.286907053;-0.782642083;0.230655436;2.966626907;-0.081220866;-0.034775199
-0.286872762;-0.782660384;0.23064026;2.966619179;-0.081153536;-0.034806827
-0.286911505;-0.782648903;0.23065386;2.966618433;-0.081243325;-0.034828804
-0.286902755;-0.782641442;0.23066482;2.966586683;-0.081192575;-0.034872557
-0.286911314;-0.782647696;0.230663609;2.966606591;-0.081243009;-0.034830968
-0.286881585;-0.782667995;0.230710825;2.966508476;-0.081183075;-0.034790773
-0.286917354;-0.782637374;0.230689397;2.966556352;-0.081238732;-0.034807716
-0.286907118;-0.782642178;0.230679649;2.966568449;-0.081184015;-0.034789401
-0.286875726;-0.782672097;0.230701073;2.966525882;-0.081134892;-0.034843178
-0.286890733;-0.782656577;0.230699484;2.96655912;-0.081149777;-0.034805848
-0.286903799;-0.782662568;0.230678411;2.966570189;-0.081260341;-0.034832713
-0.286890806;-0.78264988;0.230702607;2.966559852;-0.08116904;-0.034822105
-0.28688444;-0.782650703;0.230678031;2.966587254;-0.081174995;-0.034867619
-0.286861529;-0.782661272;0.23067145;2.966570383;-0.081132379;-0.0347963
-0.28690455;-0.78266715;0.230707698;2.966511117;-0.081241074;-0.034845236
-0.286908479;-0.782650732;0.230668327;2.966567219;-0.081219929;-0.034786272
-0.286891369;-0.782660294;0.230694449;2.966533741;-0.081185299;-0.034807328
-0.286912901;-0.782650412;0.230657023;2.966595001;-0.081262302;-0.034849522
-0.286910527;-0.782649555;0.230666774;2.966579286;-0.081294439;-0.034813299
-0.28688512;-0.782654803;0.230661696;2.96658374;-0.081264037;-0.034860088
-0.286894386;-0.782665257;0.230701073;2.966525158;-0.081170263;-0.034846262
-0.28688483;-0.782660296;0.230701032;2.966547961;-0.081243601;-0.034850213
-0.286879431;-0.78264004;0.23067588;2.966582093;-0.081205523;-0.034811928
-0.286911724;-0.782643032;0.230658534;2.966609153;-0.081209031;-0.03485194
-0.28687941;-0.782654176;0.230772834;2.966436955;-0.081181111;-0.034803915
-0.286902076;-0.782651647;0.230766544;2.966464359;-0.081221771;-0.034855385
-0.286900186;-0.782625288;0.230836408;2.96638196;-0.081258499;-0.034903141
-0.286877396;-0.782620211;0.230877305;2.966348175;-0.081111939;-0.034880609
-0.286886686;-0.782616773;0.230910466;2.966321211;-0.081199794;-0.034880166
-0.286890793;-0.782594202;0.231034454;2.966150865;-0.081227683;-0.034875547
-0.286878599;-0.782586483;0.231133943;2.966019897;-0.081169656;-0.0348834
-0.286872483;-0.782596123;0.231278217;2.965831254;-0.081185733;-0.034948677
-0.286895035;-0.782551219;0.231416631;2.965662224;-0.081270011;-0.034980923
-0.286865488;-0.782551742;0.231584698;2.965463938;-0.081140491;-0.035019138
-0.286886809;-0.782513579;0.231753084;2.965268562;-0.081220277;-0.035020035
-0.286884934;-0.782487429;0.231958947;2.965021715;-0.081199218;-0.035102678
-0.286859885;-0.782460843;0.232177666;2.964757328;-0.081208519;-0.035125035
-0.286848719;-0.782438284;0.232543824;2.964285601;-0.081128517;-0.035250271
-0.286855818;-0.78235842;0.23274551;2.964106813;-0.081158123;-0.035286174
-0.286842395;-0.782335877;0.233156179;2.963583981;-0.081091138;-0.035383167
-0.28683308;-0.782290909;0.233520642;2.963128478;-0.081075884;-0.035430567
-0.286815422;-0.782227354;0.233936622;2.962642342;-0.08108392;-0.035550076
-0.286813547;-0.782166916;0.234400475;2.962054653;-0.081100607;-0.035621394
-0.286825082;-0.782101171;0.23492842;2.961440461;-0.08103377;-0.035780168
-0.2867948;-0.782033806;0.235486079;2.960725605;-0.08101524;-0.035904208
-0.286749465;-0.781958158;0.23607059;2.960057429;-0.080902801;-0.035970809
-0.286755743;-0.781855935;0.236762214;2.959201169;-0.080954831;-0.036162324
-0.286744835;-0.781780043;0.237511278;2.9582962;-0.08093224;-0.036344158
-0.286721265;-0.781666006;0.238338176;2.957278959;-0.080861539;-0.036443381
-0.286688165;-0.781555362;0.239150916;2.956318101;-0.080859531;-0.036680844
-0.286713598;-0.781394506;0.240127253;2.955126976;-0.080935925;-0.036921061
-0.28667324;-0.781284846;0.241185908;2.953800539;-0.080860645;-0.037104713
-0.286657825;-0.781117489;0.242241481;2.952529298;-0.080810256;-0.037358294
-0.286625142;-0.780979909;0.24344478;2.951036477;-0.080804557;-0.037603423
-0.286586788;-0.780785009;0.244574727;2.949706294;-0.080754257;-0.037878411
-0.286580045;-0.780610397;0.245897494;2.948075925;-0.080712746;-0.038197304
-0.286533384;-0.780411141;0.247277418;2.946414559;-0.080640068;-0.038564886
-0.286488719;-0.780177871;0.248749234;2.9446436;-0.080562011;-0.038761806
-0.286480956;-0.779934517;0.250332467;2.942713436;-0.080582802;-0.039130366
-0.286415233;-0.779690826;0.252032576;2.94064536;-0.080443079;-0.039536467
-0.286383174;-0.779425103;0.253867332;2.938365824;-0.080523704;-0.039934322
-0.286329675;-0.779148665;0.255798428;2.936022485;-0.080337613;-0.040363888
-0.286288123;-0.77882996;0.257831858;2.933517083;-0.080339501;-0.040790959
-0.286238142;-0.778506212;0.259871026;2.931028218;-0.08027485;-0.041253442
-0.286173272;-0.778150019;0.261950638;2.928493219;-0.080191504;-0.041722167
-0.286115422;-0.777797924;0.264164691;2.925797564;-0.080115428;-0.042166918
-0.286041284;-0.777411558;0.266430163;2.923032043;-0.079983216;-0.042608251
-0.286031622;-0.777011593;0.26871455;2.920246337;-0.080021072;-0.043180465
-0.285958372;-0.776609628;0.271107755;2.91730296;-0.079942566;-0.043698267
-0.285870335;-0.77617576;0.273558314;2.914289525;-0.079810033;-0.04422993
-0.285818875;-0.775740258;0.276019134;2.911284488;-0.079742777;-0.044731212
-0.285728433;-0.775284162;0.278639235;2.908056763;-0.079624089;-0.045313721
-0.285659974;-0.774781494;0.281266915;2.90483967;-0.079574745;-0.045896961
-0.285586681;-0.77425559;0.283993526;2.901515365;-0.07948552;-0.046484621
-0.285508814;-0.773693301;0.286779595;2.898096309;-0.079413519;-0.047103457
-0.285400335;-0.773144192;0.289718128;2.894471434;-0.079277842;-0.047697761
-0.285298879;-0.772563431;0.292679139;2.890823624;-0.079197588;-0.04832711
-0.285192876;-0.771960894;0.295760821;2.887009157;-0.079041933;-0.048975416
-0.285098445;-0.771300939;0.298909628;2.883110323;-0.078972327;-0.049652009
-0.284994076;-0.770626084;0.302057283;2.879266276;-0.078787396;-0.050363913
-0.28487486;-0.769947032;0.305311216;2.875243729;-0.078744208;-0.051009481
-0.284782368;-0.769224004;0.308520606;2.871276916;-0.07864256;-0.051736941
-0.28463975;-0.768457838;0.311890885;2.867113435;-0.07854372;-0.052406004
-0.284507854;-0.767669692;0.315304142;2.862896801;-0.078384451;-0.053165762
-0.284387951;-0.766848903;0.318853453;2.858475015;-0.07824923;-0.053928835
-0.284260775;-0.766043878;0.322376044;2.854095694;-0.078218091;-0.054661828
-0.284136961;-0.765267006;0.325806023;2.849792305;-0.078049764;-0.055383345
-0.284015811;-0.764507029;0.329136708;2.845593314;-0.077952704;-0.056074696
-0.283926439;-0.76375111;0.332319433;2.841598678;-0.077916748;-0.056771514
-0.2838111;-0.762960304;0.335298247;2.837938091;-0.07781794;-0.057394274
-0.283655667;-0.762158797;0.338117396;2.834471655;-0.077605665;-0.057981889
-0.283537721;-0.761358025;0.340919177;2.83099711;-0.077594356;-0.05854065
-0.283428531;-0.760591694;0.343668694;2.827575767;-0.077541685;-0.059148217
-0.283298427;-0.75988976;0.346467962;2.824045897;-0.077397108;-0.059735411
-0.283179839;-0.759192731;0.349196861;2.820604162;-0.077223809;-0.060334809
-0.283070877;-0.758471047;0.351878269;2.817245407;-0.077190255;-0.060819731
-0.282952457;-0.7577604;0.354386283;2.814087595;-0.07711439;-0.061389932
-0.28286714;-0.757060008;0.356729485;2.811162483;-0.077043667;-0.061838452
-0.28275615;-0.756357393;0.359091431;2.808202755;-0.076998041;-0.062322869
-0.282639818;-0.755660269;0.3614091;2.805319637;-0.076946055;-0.06284147
-0.282550938;-0.754998102;0.363586735;2.802571175;-0.076897136;-0.063249956
-0.282453924;-0.754370137;0.365837613;2.79972417;-0.076759488;-0.063764147
-0.282328176;-0.753747785;0.367959519;2.797030159;-0.076640525;-0.064215278
-0.28224696;-0.753166684;0.370041675;2.794381616;-0.076623343;-0.064662906
-0.282168776;-0.752572738;0.372040764;2.791825546;-0.076579648;-0.065036789
-0.28206196;-0.752009817;0.373873457;2.789511931;-0.07650398;-0.065423327
-0.281978904;-0.751477085;0.37552806;2.787437972;-0.0764179;-0.065785086
-0.281909623;-0.750918801;0.377180138;2.785397818;-0.07637875;-0.06612714
-0.281801627;-0.750422069;0.378759952;2.783376742;-0.076372266;-0.066412451
-0.281755879;-0.749899891;0.38032395;2.781409052;-0.076315864;-0.066740289
-0.281642206;-0.749413082;0.381849427;2.779490031;-0.076217536;-0.067054069
-0.281583993;-0.748970606;0.383345975;2.777559522;-0.076156028;-0.067409738
-0.281537287;-0.748524015;0.384803491;2.775682536;-0.076126424;-0.067659068
-0.281445202;-0.748106574;0.386116155;2.774025517;-0.076071929;-0.067945511
-0.281359118;-0.747727152;0.387383643;2.772417903;-0.075969025;-0.068232672
-0.281333693;-0.747341101;0.388487981;2.770994234;-0.076007482;-0.068438677
-0.281237523;-0.746971167;0.389511666;2.769716997;-0.075923244;-0.068630018
-0.281226829;-0.746619351;0.390521749;2.76843839;-0.075932019;-0.068824596
-0.281151996;-0.746317377;0.391427841;2.767270146;-0.075871088;-0.06901752
-0.281107724;-0.74603735;0.392302551;2.766161224;-0.075824815;-0.069199246
-0.281063637;-0.745758317;0.39313596;2.765099302;-0.075779545;-0.069373559
-0.281018952;-0.745542269;0.393869359;2.764143137;-0.07576785;-0.069500825
-0.281011046;-0.745299129;0.394563326;2.763250868;-0.075766697;-0.069693655
-0.280968731;-0.745091007;0.395125903;2.762556431;-0.075797766;-0.069789176
-0.280933141;-0.744932546;0.39560123;2.761959893;-0.075728637;-0.069871772
-0.280909101;-0.74478755;0.396048194;2.761387994;-0.07566037;-0.069956744
-0.28089112;-0.744659382;0.396468506;2.760826913;-0.075718414;-0.070066995
-0.280869942;-0.74453256;0.396778653;2.760457695;-0.075655124;-0.070119616
-0.280850866;-0.744457109;0.397030922;2.760125929;-0.075636435;-0.070202885
-0.280880125;-0.744397329;0.397219931;2.75988578;-0.075748808;-0.070260455
-0.280870227;-0.744370048;0.397305587;2.759763337;-0.075679752;-0.070207012
-0.28082609;-0.744359739;0.39734818;2.759710984;-0.075559675;-0.070276131
-0.280862792;-0.744347003;0.397301751;2.759790161;-0.075729614;-0.070272968
-0.28087379;-0.744370959;0.397232156;2.759846907;-0.075758352;-0.070230597
-0.280868834;-0.744385094;0.397174372;2.759948075;-0.075667769;-0.070260925
-0.280867771;-0.744370954;0.397084789;2.760067223;-0.075723744;-0.070248998
-0.280833919;-0.744395065;0.397104487;2.76005442;-0.075690638;-0.070231593
-0.280845969;-0.744380532;0.397072127;2.760099676;-0.075661985;-0.070174355
-0.280878513;-0.744386908;0.397137227;2.760006506;-0.07570207;-0.070251438
-0.280854313;-0.744412286;0.397152035;2.759971364;-0.075668806;-0.07024415
-0.280850404;-0.744401643;0.397146513;2.759979956;-0.075678941;-0.070206465
-0.280851021;-0.744398736;0.397107242;2.760064366;-0.075700354;-0.07020618
-0.28085957;-0.744393268;0.397135471;2.760016195;-0.075715716;-0.070217006
-0.28086227;-0.744396042;0.397110687;2.760042068;-0.075722992;-0.070246156
-0.280878333;-0.744385841;0.397118218;2.760041022;-0.075752518;-0.070236036
-0.28082294;-0.744416035;0.397169296;2.759957866;-0.07557527;-0.070193516
-0.280852127;-0.744420061;0.397181027;2.759945764;-0.075624968;-0.07020471
-0.280848824;-0.744405781;0.397138547;2.759978281;-0.075672537;-0.070173428
-0.280851842;-0.744418144;0.397130016;2.760016776;-0.075643205;-0.070190265
-0.280872762;-0.744417071;0.397081126;2.760066802;-0.075651232;-0.070228473
-0.280842277;-0.744424343;0.397119039;2.760038975;-0.075640729;-0.070163514
-0.280872191;-0.744434541;0.3970377;2.760097624;-0.075692346;-0.070163856
-0.280856543;-0.744433586;0.39706808;2.760088751;-0.07568497;-0.070205399
-0.280866011;-0.744433896;0.397060483;2.760089195;-0.07568513;-0.070211777
-0.280854948;-0.744430402;0.39706218;2.760088366;-0.075665381;-0.070192345
-0.280844969;-0.744434161;0.397092864;2.760061745;-0.075694457;-0.07016668
-0.28084345;-0.744417105;0.397092111;2.76005253;-0.075647916;-0.070195041
-0.280828248;-0.744442311;0.397098001;2.7600279;-0.075646871;-0.070185863
-0.28085991;-0.744433787;0.397100449;2.760057028;-0.075677315;-0.070263427
-0.280863136;-0.744430075;0.397066325;2.760099398;-0.075678631;-0.070176872
-0.280865106;-0.744421422;0.397065008;2.760125874;-0.075688728;-0.070222475
-0.28087788;-0.744418463;0.397103913;2.760034486;-0.07575326;-0.070150441
-0.280850998;-0.74444114;0.397064635;2.760095344;-0.075649158;-0.070107948
-0.280869607;-0.744442726;0.397046047;2.760127399;-0.075692367;-0.070238669
-0.280839978;-0.744440833;0.397100452;2.760054674;-0.075654316;-0.070221082
-0.280880171;-0.744425988;0.397119096;2.760011806;-0.075755956;-0.070170437
-0.2808641;-0.744421974;0.397130075;2.760004304;-0.07571572;-0.070218652
-0.28086552;-0.744438156;0.397098759;2.760050484;-0.075730419;-0.070191272
-0.280856719;-0.744434634;0.397087022;2.760053347;-0.075667749;-0.070214321
-0.280855564;-0.744441635;0.397083267;2.76006287;-0.07567789;-0.070176216
-0.280848271;-0.744440784;0.397075672;2.760075074;-0.075717902;-0.070194491
-0.28085249;-0.744467847;0.397065438;2.760099929;-0.075701975;-0.070193391
-0.280849887;-0.744451329;0.397094999;2.760066373;-0.075651315;-0.070208745
-0.280887564;-0.744444224;0.3970478;2.760101665;-0.075721728;-0.07023256
-0.280865003;-0.744427798;0.397109741;2.76004241;-0.07566687;-0.07022239
-0.280854513;-0.7444206;0.397090414;2.760052686;-0.075684109;-0.070211304
-0.280838107;-0.744443366;0.397087786;2.760088134;-0.075648445;-0.070182448
-0.280862325;-0.744432173;0.397117338;2.760025966;-0.075690002;-0.070168477
-0.280845464;-0.744430135;0.397085271;2.760076051;-0.075664794;-0.070187753
-0.280889348;-0.74441761;0.397108054;2.760049417;-0.075759547;-0.070187541
-0.280872716;-0.744438282;0.39707398;2.760075237;-0.075658177;-0.070173715
-0.280858269;-0.744451815;0.397087403;2.760066441;-0.075631451;-0.070202017
-0.280828488;-0.744451301;0.397081509;2.760075906;-0.075628037;-0.070164562
-0.280872092;-0.744427284;0.397083576;2.760074958;-0.075694483;-0.070183849
-0.280857145;-0.744437436;0.397075672;2.760077553;-0.07566825;-0.070210396
-0.280858043;-0.744436065;0.397057033;2.760114031;-0.075688747;-0.070217974
-0.280859725;-0.74444669;0.397126676;2.759995757;-0.075652837;-0.070243274
-0.28083897;-0.74444133;0.397087022;2.760052457;-0.075667724;-0.070201648
-0.280867579;-0.74442274;0.397085265;2.760079869;-0.075710768;-0.07025977
-0.28085774;-0.744441095;0.397068074;2.760075518;-0.075718061;-0.070200869
-0.280863124;-0.74443014;0.397081886;2.760088413;-0.075644977;-0.070185135
-0.280876085;-0.744431056;0.397077361;2.760064956;-0.075737165;-0.070228843
-0.280873591;-0.744436669;0.397119088;2.760002599;-0.075709433;-0.070192041
-0.280881375;-0.744419181;0.39704361;2.760122609;-0.075731964;-0.070193003
-0.280872416;-0.744443544;0.397115705;2.76001232;-0.075703116;-0.070157181
-0.280835498;-0.744440852;0.397083578;2.760074798;-0.075625372;-0.070154675
-0.280855061;-0.74444547;0.39707567;2.760062469;-0.075658311;-0.070162924
-0.280884465;-0.744431733;0.397084954;2.760053817;-0.075700401;-0.070226907
-0.280873108;-0.744426551;0.397066324;2.76009957;-0.075714815;-0.070193374
-0.280856527;-0.74443363;0.397083573;2.76007688;-0.075684542;-0.070207185
-0.280892557;-0.74443055;0.397057097;2.760098631;-0.075747913;-0.070199754
-0.280883952;-0.74442863;0.397109803;2.760028245;-0.075732867;-0.070224275
-0.280857329;-0.744438674;0.397109803;2.760028931;-0.075683496;-0.070214769
-0.280854847;-0.744430145;0.397091173;2.760080557;-0.075565372;-0.07021311
-0.280864841;-0.744440942;0.397072221;2.760087521;-0.075678398;-0.070178625
-0.280872608;-0.744430406;0.397058795;2.760099381;-0.075678455;-0.07018339
-0.280872811;-0.74446298;0.397087454;2.760045195;-0.075657423;-0.070258181
-0.280856535;-0.744433821;0.397098763;2.760065683;-0.075667675;-0.07021214
-0.28085852;-0.744438991;0.397111492;2.760018813;-0.075670161;-0.070236384
-0.280858562;-0.744453501;0.397107731;2.760018498;-0.07563051;-0.070209719
-0.280863226;-0.744430823;0.397098766;2.760061969;-0.075710493;-0.070176132
-0.280855658;-0.744442127;0.397084957;2.760053711;-0.07561161;-0.070190899
-0.280856632;-0.744427311;0.397117337;2.760041679;-0.075703211;-0.070226113
-0.280863358;-0.744445654;0.397081573;2.76006117;-0.075671415;-0.070149638
-0.280863244;-0.744437951;0.39708151;2.760072547;-0.075724464;-0.07015446
-0.280853343;-0.744427646;0.397102152;2.760049651;-0.075710596;-0.070171752
-0.280871789;-0.744432313;0.397094618;2.760036459;-0.075723466;-0.070166809
-0.280884077;-0.744429554;0.397062936;2.760113626;-0.075701515;-0.070217259
-0.280864294;-0.744423094;0.397070148;2.760088727;-0.075684928;-0.070211887
-0.28085054;-0.744440735;0.39706217;2.760081284;-0.075625354;-0.070246626
-0.280874408;-0.744441765;0.397066381;2.760075638;-0.07567805;-0.07018709
-0.280851374;-0.744446638;0.397085714;2.760091575;-0.075674735;-0.070234644
-0.280870086;-0.744414444;0.397105606;2.760038893;-0.075693626;-0.070189757
-0.280881069;-0.744424618;0.397100456;2.760050993;-0.075710346;-0.070190751
-0.280875583;-0.744435316;0.397115637;2.760030304;-0.075683094;-0.070227312
-0.28087788;-0.744418463;0.397103913;2.760038554;-0.075653932;-0.070169579
-0.280877086;-0.744437389;0.397058785;2.760087999;-0.075754575;-0.070221804
