-0.014106,-0.052234,0.0045742,3.0486E-17,-0.27459,-2.2065E-16
-0.014106,-0.052209,0.0045741,3.0488E-17,-0.27461,-2.2065E-16
-0.014106,-0.052185,0.004574,3.049E-17,-0.27463,-2.2065E-16
-0.014107,-0.05216,0.0045739,3.0493E-17,-0.27465,-2.2065E-16
-0.014107,-0.052135,0.0045738,2.6585E-16,-0.27467,-1.8812E-16
-0.014107,-0.05211,0.0045737,2.6585E-16,-0.27469,-1.8812E-16
-0.014107,-0.052086,0.0045737,5.0121E-16,-0.27471,-1.5558E-16
-0.014108,-0.052061,0.0045736,3.0501E-17,-0.27473,-2.2065E-16
-0.014108,-0.052036,0.0045735,-2.0485E-16,-0.27475,-2.5318E-16
-0.014108,-0.052011,0.0045734,3.0506E-17,-0.27477,-2.2065E-16
-0.014109,-0.051987,0.0045733,3.0508E-17,-0.27479,-2.2065E-16
-0.014109,-0.051962,0.0045733,3.051E-17,-0.27481,-2.2065E-16
-0.014109,-0.051937,0.0045732,3.0513E-17,-0.27483,-2.2065E-16
-0.014109,-0.051912,0.0045731,2.6587E-16,-0.27485,-1.881E-16
-0.01411,-0.051888,0.004573,-2.0484E-16,-0.27487,-2.532E-16
-0.01411,-0.051863,0.0045729,3.0519E-17,-0.27489,-2.2064E-16
-0.01411,-0.051838,0.0045728,-2.0483E-16,-0.27491,-2.532E-16
-0.014111,-0.051813,0.0045728,-2.0483E-16,-0.27493,-2.532E-16
-0.014111,-0.051789,0.0045727,-4.4018E-16,-0.27495,-2.8577E-16
-0.014111,-0.051764,0.0045726,-2.0483E-16,-0.27497,-2.5321E-16
-0.014111,-0.051739,0.0045725,3.053E-17,-0.27499,-2.2064E-16
-0.014112,-0.051714,0.0045724,3.0533E-17,-0.27501,-2.2064E-16
-0.014112,-0.05169,0.0045724,2.6589E-16,-0.27503,-1.8807E-16
-0.014112,-0.051665,0.0045723,3.0537E-17,-0.27505,-2.2064E-16
-0.014113,-0.05164,0.0045722,3.0539E-17,-0.27507,-2.2064E-16
-0.014113,-0.051615,0.0045721,3.0541E-17,-0.27509,-2.2064E-16
-0.014113,-0.051591,0.004572,3.0544E-17,-0.27511,-2.2064E-16
-0.014114,-0.051566,0.0045719,-2.0481E-16,-0.27513,-2.5322E-16
-0.014114,-0.051541,0.0045719,3.0548E-17,-0.27515,-2.2064E-16
-0.014114,-0.051517,0.0045718,2.659E-16,-0.27517,-1.8805E-16
-0.014114,-0.051492,0.0045717,3.0553E-17,-0.27519,-2.2064E-16
-0.014115,-0.051467,0.0045716,-2.048E-16,-0.27521,-2.5323E-16
-0.014115,-0.051442,0.0045715,2.6591E-16,-0.27523,-1.8805E-16
-0.014115,-0.051418,0.0045714,3.0559E-17,-0.27525,-2.2064E-16
-0.014116,-0.051393,0.0045714,-2.0479E-16,-0.27527,-2.5324E-16
-0.014116,-0.051368,0.0045713,3.0564E-17,-0.27529,-2.2064E-16
-0.014116,-0.051343,0.0045712,3.0566E-17,-0.27531,-2.2064E-16
-0.014116,-0.051319,0.0045711,3.0568E-17,-0.27533,-2.2064E-16
-0.014117,-0.051294,0.004571,-2.0478E-16,-0.27535,-2.5325E-16
-0.014117,-0.051269,0.004571,3.0573E-17,-0.27537,-2.2064E-16
-0.014117,-0.051244,0.0045709,2.6592E-16,-0.27539,-1.8803E-16
-0.014118,-0.05122,0.0045708,3.0577E-17,-0.27541,-2.2064E-16
-0.014118,-0.051195,0.0045707,5.0128E-16,-0.27543,-1.554E-16
-0.014118,-0.05117,0.0045706,2.6593E-16,-0.27545,-1.8802E-16
-0.014118,-0.051145,0.0045705,3.0584E-17,-0.27547,-2.2064E-16
-0.014119,-0.051121,0.0045705,2.6593E-16,-0.27549,-1.8801E-16
-0.014119,-0.051096,0.0045704,-2.0476E-16,-0.27551,-2.5327E-16
-0.014119,-0.051071,0.0045703,-4.401E-16,-0.27553,-2.859E-16
-0.01412,-0.051046,0.0045702,-2.0475E-16,-0.27555,-2.5327E-16
-0.01412,-0.051022,0.0045701,3.0595E-17,-0.27557,-2.2064E-16
-0.01412,-0.050997,0.00457,3.0597E-17,-0.27559,-2.2064E-16
-0.01412,-0.050997,0.00457,3.0597E-17,-0.27559,-2.2064E-16
-0.015767,-0.051129,0.0040001,2.7721E-16,-0.39075,-1.7294E-16
-0.017338,-0.051261,0.0032447,5.6168E-17,-0.50591,-2.1729E-16
-0.018811,-0.051393,0.0023138,2.9814E-16,-0.62107,-1.4131E-16
-0.020167,-0.051525,0.0012198,-1.4431E-16,-0.73623,-2.9911E-16
-0.021389,-0.051657,-0.000022769,3.1689E-16,-0.85139,-1.0764E-16
-0.02246,-0.051789,-0.0013976,3.2542E-16,-0.96655,-9.002E-17
-0.023366,-0.051921,-0.0028863,1.2009E-16,-1.0817,-1.9996E-16
-0.024095,-0.052053,-0.0044693,5.4863E-16,-1.1969,8.8594E-17
-0.024637,-0.052185,-0.0061255,1.4566E-16,-1.312,-1.8924E-16
-0.024986,-0.052317,-0.0078331,1.5845E-16,-1.4272,-1.8301E-16
-0.025135,-0.052449,-0.0095694,1.7124E-16,-1.5424,-1.7618E-16
-0.025085,-0.052581,-0.011311,1.8402E-16,-1.6575,-1.6872E-16
-0.024834,-0.052712,-0.013036,3.6812E-16,-1.7727,4.932E-17
-0.024387,-0.052844,-0.01472,4.7653E-17,-1.8878,-3.7538E-16
-0.023749,-0.052976,-0.016342,2.2238E-16,-2.003,-1.4232E-16
-0.022929,-0.053108,-0.01788,2.3516E-16,-2.1182,-1.3207E-16
-0.021938,-0.05324,-0.019314,3.7706E-16,-2.2333,1.4344E-16
-0.020789,-0.053372,-0.020624,2.6073E-16,-2.3485,-1.0918E-16
-0.019497,-0.053504,-0.021793,3.7639E-16,-2.4636,1.9531E-16
-0.018079,-0.053636,-0.022806,2.863E-16,-2.5788,-8.2762E-17
-0.016554,-0.053768,-0.02365,2.9909E-16,-2.694,-6.8083E-17
-0.014942,-0.0539,-0.024312,3.1187E-16,-2.8091,-5.2329E-17
-0.013265,-0.054032,-0.024785,3.2466E-16,-2.9243,-3.5417E-17
-0.011544,-0.054164,-0.025062,3.5585E-16,-3.0394,3.4269E-16
-0.0098032,-0.054296,-0.02514,-3.4734E-16,3.1286,-2.2578E-18
-0.0080648,-0.054428,-0.025017,-3.3456E-16,3.0134,-2.1468E-17
-0.006352,-0.05456,-0.024695,-3.6374E-16,2.8983,3.0388E-16
-0.0046876,-0.054692,-0.024179,-3.687E-16,2.7831,2.736E-16
-0.0030936,-0.054824,-0.023475,-2.962E-16,2.668,-7.1488E-17
-0.001591,-0.054956,-0.022592,-3.7508E-16,2.5528,2.1638E-16
-0.00019985,-0.055088,-0.021542,-1.6461E-16,2.4376,-3.8807E-16
0.0010615,-0.05522,-0.02034,-4.9664E-16,2.3225,4.3814E-16
0.0021763,-0.055352,-0.019,-2.4506E-16,2.2073,-1.236E-16
0.0031298,-0.055484,-0.017541,-8.886E-17,2.0922,-3.8221E-16
0.0039094,-0.055616,-0.015983,-6.533E-17,1.977,-3.7865E-16
0.0045047,-0.055748,-0.014345,-2.067E-16,1.8618,-1.5386E-16
0.0049078,-0.05588,-0.012649,-2.0591E-17,1.7467,-3.6934E-16
0.0051135,-0.056011,-0.010919,-3.6296E-16,1.6315,2.2753E-17
0.005119,-0.056143,-0.0091761,2.1276E-17,1.5164,-3.5735E-16
0.0049242,-0.056275,-0.0074443,-1.5556E-16,1.4012,-1.8447E-16
0.0045316,-0.056407,-0.0057463,-3.4605E-16,1.286,-3.8267E-17
0.0039466,-0.056539,-0.0041047,7.9157E-17,1.1709,-3.3474E-16
0.0031768,-0.056671,-0.0025412,9.7222E-17,1.0557,-3.2605E-16
0.0022325,-0.056803,-0.0010765,-1.0442E-16,0.94055,-2.0543E-16
0.0011261,-0.056935,0.00026995,1.3161E-16,0.82539,-3.0704E-16
-0.00012764,-0.057067,0.0014804,-1.9226E-16,0.71023,-1.7058E-16
-0.0015122,-0.057199,0.0025387,-6.6066E-17,0.59507,-2.1545E-16
-0.0030092,-0.057331,0.003431,-4.0171E-16,0.47991,-1.3252E-16
-0.0045988,-0.057463,0.0041453,-4.0496E-17,0.36475,-2.1958E-16
-0.0062599,-0.057595,0.0046722,2.0791E-16,0.24959,-2.5045E-16
-0.0062599,-0.057595,0.0046722,2.0791E-16,0.24959,-2.5045E-16
-0.0062599,-0.05762,0.0046722,2.0791E-16,0.24959,-2.5045E-16
-0.0062599,-0.057645,0.0046722,-1.4552E-16,0.24959,-2.0611E-16
-0.0062599,-0.057669,0.0046722,3.2571E-16,0.24959,-2.6523E-16
-0.0062599,-0.057694,0.0046722,4.4352E-16,0.24959,-2.8001E-16
-0.0062599,-0.057719,0.0046722,2.0791E-16,0.24959,-2.5045E-16
-0.0062599,-0.057744,0.0046722,-2.6333E-16,0.24959,-1.9133E-16
-0.0062599,-0.057768,0.0046722,2.0791E-16,0.24959,-2.5045E-16
-0.0062599,-0.057793,0.0046722,-2.771E-17,0.24959,-2.2089E-16
-0.0062599,-0.057818,0.0046722,9.0098E-17,0.24959,-2.3567E-16
-0.0062599,-0.057843,0.0046722,-4.9894E-16,0.24959,-1.6178E-16
-0.0062599,-0.057867,0.0046722,3.2571E-16,0.24959,-2.6523E-16
-0.0062599,-0.057892,0.0046722,-3.8114E-16,0.24959,-1.7655E-16
-0.0062599,-0.057917,0.0046722,-2.771E-17,0.24959,-2.2089E-16
-0.0062599,-0.057942,0.0046722,2.0791E-16,0.24959,-2.5045E-16
-0.0062599,-0.057966,0.0046722,-2.6333E-16,0.24959,-1.9133E-16
-0.0062599,-0.057991,0.0046722,-1.4552E-16,0.24959,-2.0611E-16
-0.0062599,-0.058016,0.0046722,-1.4552E-16,0.24959,-2.0611E-16
-0.0062599,-0.058041,0.0046722,-2.771E-17,0.24959,-2.2089E-16
-0.0062599,-0.058065,0.0046722,-2.6333E-16,0.24959,-1.9133E-16
-0.0062599,-0.05809,0.0046722,-2.6333E-16,0.24959,-1.9133E-16
-0.0062599,-0.058115,0.0046722,-1.4552E-16,0.24959,-2.0611E-16
-0.0062599,-0.05814,0.0046722,-1.4552E-16,0.24959,-2.0611E-16
-0.0062599,-0.058164,0.0046722,-2.771E-17,0.24959,-2.2089E-16
-0.0062599,-0.058189,0.0046722,-2.771E-17,0.24959,-2.2089E-16
-0.0062599,-0.058214,0.0046722,4.4352E-16,0.24959,-2.8001E-16
-0.0062599,-0.058239,0.0046722,3.2571E-16,0.24959,-2.6523E-16
-0.0062599,-0.058264,0.0046722,-1.4552E-16,0.24959,-2.0611E-16
-0.0062599,-0.058288,0.0046722,-2.6333E-16,0.24959,-1.9133E-16
-0.0062599,-0.058313,0.0046722,-2.6333E-16,0.24959,-1.9133E-16
-0.0062599,-0.058338,0.0046722,2.0791E-16,0.24959,-2.5045E-16
-0.0062599,-0.058363,0.0046722,-2.771E-17,0.24959,-2.2089E-16
-0.0062599,-0.058387,0.0046722,-2.771E-17,0.24959,-2.2089E-16
-0.0062599,-0.058412,0.0046722,-1.4552E-16,0.24959,-2.0611E-16
-0.0062599,-0.058437,0.0046722,-1.4552E-16,0.24959,-2.0611E-16
-0.0062599,-0.058462,0.0046722,-2.771E-17,0.24959,-2.2089E-16
-0.0062599,-0.058486,0.0046722,-2.6333E-16,0.24959,-1.9133E-16
-0.0062599,-0.058511,0.0046722,-2.771E-17,0.24959,-2.2089E-16
-0.0062599,-0.058536,0.0046722,3.2571E-16,0.24959,-2.6523E-16
-0.0062599,-0.058561,0.0046722,1.49E-16,0.24959,-2.4306E-16
-0.0062599,-0.058585,0.0046722,2.6681E-16,0.24959,-2.5784E-16
-0.0062599,-0.05861,0.0046722,9.0098E-17,0.24959,-2.3567E-16
-0.0062599,-0.058635,0.0046722,-3.8114E-16,0.24959,-1.7655E-16
-0.0062599,-0.05866,0.0046722,1.49E-16,0.24959,-2.4306E-16
-0.0062599,-0.058684,0.0046722,-8.6615E-17,0.24959,-2.135E-16
-0.0062599,-0.058709,0.0046722,-3.2223E-16,0.24959,-1.8394E-16
-0.0062599,-0.058734,0.0046722,3.1194E-17,0.24959,-2.2828E-16
-0.0062599,-0.058759,0.0046722,-5.5785E-16,0.24959,-1.5439E-16
-0.0062599,-0.058783,0.0046722,-4.4004E-16,0.24959,-1.6916E-16
-0.0062599,-0.058808,0.0046722,2.0791E-16,0.24959,-2.5045E-16
-0.0062599,-0.058833,0.0046722,2.6681E-16,0.24959,-2.5784E-16
-0.0062599,-0.058833,0.0046722,2.6681E-16,0.24959,-2.5784E-16
-0.0062215,-0.05883,0.0046624,3.2538E-16,0.25221,-2.6567E-16
-0.0061831,-0.058827,0.0046524,3.0599E-17,0.25483,-2.2839E-16
-0.0061447,-0.058824,0.0046424,3.2472E-16,0.25745,-2.6655E-16
-0.0061064,-0.058821,0.0046322,-8.7752E-17,0.26007,-2.1309E-16
-0.006068,-0.058818,0.004622,8.8577E-17,0.26269,-2.3632E-16
-0.0060298,-0.058815,0.0046116,-2.6491E-16,0.26531,-1.8932E-16
-0.0059915,-0.058812,0.0046012,1.4683E-16,0.26793,-2.4451E-16
-0.0059532,-0.058809,0.0045906,-1.4774E-16,0.27055,-2.0467E-16
-0.005915,-0.058806,0.00458,2.8515E-17,0.27317,-2.2875E-16
-0.0058768,-0.058803,0.0045692,-3.0619E-17,0.27579,-2.2064E-16
-0.0058387,-0.0588,0.0045584,-2.074E-16,0.27841,-1.9588E-16
-0.0058006,-0.058797,0.0045474,2.7621E-17,0.28103,-2.289E-16
-0.0057625,-0.058794,0.0045364,-2.0793E-16,0.28365,-1.9536E-16
-0.0057244,-0.058791,0.0045252,8.5831E-17,0.28627,-2.3748E-16
-0.0056863,-0.058788,0.004514,-4.4367E-16,0.28889,-1.6063E-16
-0.0056483,-0.058785,0.0045026,-9.1156E-17,0.29151,-2.1184E-16
-0.0056104,-0.058782,0.0044912,-2.0901E-16,0.29413,-1.9432E-16
-0.0055724,-0.058779,0.0044796,-3.2683E-16,0.29675,-1.7648E-16
-0.0055345,-0.058776,0.004468,-3.2708E-16,0.29937,-1.7607E-16
-0.0054966,-0.058773,0.0044562,2.5233E-17,0.30199,-2.293E-16
-0.0054587,-0.05877,0.0044444,8.3688E-17,0.30461,-2.3836E-16
-0.0054209,-0.058767,0.0044324,-3.8658E-16,0.30723,-1.6572E-16
-0.0053831,-0.058764,0.0044204,1.4181E-16,0.30985,-2.4779E-16
-0.0053453,-0.058761,0.0044082,8.2767E-17,0.31247,-2.3874E-16
-0.0053076,-0.058758,0.004396,1.4118E-16,0.31509,-2.4819E-16
-0.0052699,-0.058755,0.0043836,-4.4626E-16,0.31771,-1.5433E-16
-0.0052322,-0.058752,0.0043712,-3.2909E-16,0.32033,-1.7272E-16
-0.0051946,-0.058749,0.0043586,-3.8803E-16,0.32295,-1.6274E-16
-0.005157,-0.058746,0.004346,8.123E-17,0.32557,-2.3936E-16
-0.0051194,-0.058743,0.0043333,3.7432E-16,0.32819,-2.8806E-16
-0.0050819,-0.05874,0.0043204,-2.1274E-16,0.33081,-1.9063E-16
-0.0050444,-0.058737,0.0043075,-3.8899E-16,0.33343,-1.6075E-16
-0.0050069,-0.058734,0.0042945,1.3865E-16,0.33605,-2.498E-16
-0.0049695,-0.058731,0.0042813,2.1045E-17,0.33867,-2.2994E-16
-0.0049321,-0.058728,0.0042681,2.0745E-17,0.34129,-2.2999E-16
-0.0048947,-0.058725,0.0042548,2.0445E-17,0.34391,-2.3003E-16
-0.0048574,-0.058722,0.0042414,-1.5571E-16,0.34653,-1.993E-16
-0.0048201,-0.058719,0.0042278,7.8455E-17,0.34915,-2.4046E-16
-0.0047828,-0.058716,0.0042142,7.8145E-17,0.35177,-2.4058E-16
-0.0047456,-0.058713,0.0042005,-2.7371E-16,0.35439,-1.7775E-16
-0.0047084,-0.05871,0.0041867,-1.568E-16,0.35701,-1.9854E-16
-0.0046713,-0.058707,0.0041728,-3.3279E-16,0.35963,-1.6641E-16
-0.0046342,-0.058704,0.0041588,1.8345E-17,0.36225,-2.3034E-16
-0.0045971,-0.058701,0.0041446,1.3515E-16,0.36487,-2.5198E-16
-0.00456,-0.058698,0.0041304,1.7744E-17,0.36749,-2.3042E-16
-0.004523,-0.058695,0.0041161,3.6865E-16,0.37011,-2.9621E-16
-0.0044861,-0.058692,0.0041017,-3.9253E-16,0.37273,-1.5326E-16
-0.0044491,-0.058689,0.0040873,7.5358E-17,0.37535,-2.4166E-16
-0.0044123,-0.058686,0.0040727,-1.5897E-16,0.37797,-1.9701E-16
-0.0043754,-0.058683,0.004058,-4.2254E-17,0.38059,-2.1936E-16
-0.0043754,-0.058683,0.004058,-4.2254E-17,0.38059,-2.1936E-16
-0.0044103,-0.058542,0.0040719,7.5031E-17,0.37811,-2.4178E-16
-0.0044452,-0.058401,0.0040857,-1.5873E-16,0.37563,-1.9719E-16
-0.0044802,-0.05826,0.0040994,7.5618E-17,0.37315,-2.4156E-16
-0.0045151,-0.058118,0.0041131,1.9298E-16,0.37067,-2.6339E-16
-0.0045502,-0.057977,0.0041266,-1.5796E-16,0.36819,-1.9773E-16
-0.0045852,-0.057836,0.0041401,-1.577E-16,0.36571,-1.9791E-16
-0.0046203,-0.057695,0.0041535,-1.5745E-16,0.36323,-1.9809E-16
-0.0046554,-0.057554,0.0041668,-4.0052E-17,0.36075,-2.1963E-16
-0.0046906,-0.057413,0.00418,1.9453E-16,0.35827,-2.6209E-16
-0.0047257,-0.057272,0.0041931,7.7671E-17,0.35579,-2.4076E-16
-0.004761,-0.05713,0.0042062,3.1234E-16,0.35331,-2.8249E-16
-0.0047962,-0.056989,0.0042191,7.8256E-17,0.35083,-2.4054E-16
-0.0048315,-0.056848,0.004232,-3.8675E-17,0.34835,-2.1979E-16
-0.0048668,-0.056707,0.0042447,7.8841E-17,0.34587,-2.4031E-16
-0.0049021,-0.056566,0.0042574,7.9134E-17,0.34339,-2.4019E-16
-0.0049375,-0.056425,0.00427,1.967E-16,0.34091,-2.6026E-16
-0.0049729,-0.056284,0.0042825,-5.0674E-16,0.33843,-1.3976E-16
-0.0050083,-0.056142,0.004295,-2.7191E-16,0.33595,-1.8017E-16
-0.0050438,-0.056001,0.0043073,-3.7023E-17,0.33347,-2.1998E-16
-0.0050793,-0.05586,0.0043195,-2.7143E-16,0.33099,-1.8082E-16
-0.0051148,-0.055719,0.0043317,-3.6472E-17,0.32851,-2.2004E-16
-0.0051504,-0.055578,0.0043438,1.9855E-16,0.32603,-2.5868E-16
-0.005186,-0.055437,0.0043558,-3.5922E-17,0.32355,-2.201E-16
-0.0052216,-0.055296,0.0043677,4.3397E-16,0.32107,-2.9618E-16
-0.0052572,-0.055155,0.0043795,-5.0505E-16,0.31859,-1.4471E-16
-0.0052929,-0.055013,0.0043912,-3.5096E-17,0.31611,-2.2019E-16
-0.0053286,-0.054872,0.0044028,-2.6972E-16,0.31363,-1.8308E-16
-0.0053644,-0.054731,0.0044144,-3.4545E-17,0.31115,-2.2025E-16
-0.0054001,-0.05459,0.0044258,2.0069E-16,0.30867,-2.5683E-16
-0.0054359,-0.054449,0.0044372,-3.3994E-17,0.30619,-2.2031E-16
-0.0054717,-0.054308,0.0044484,-3.3719E-17,0.30371,-2.2034E-16
-0.0055076,-0.054167,0.0044596,-2.685E-16,0.30123,-1.8469E-16
-0.0055435,-0.054025,0.0044707,-3.3168E-17,0.29875,-2.2039E-16
-0.0055794,-0.053884,0.0044817,-2.6801E-16,0.29627,-1.8533E-16
-0.0056153,-0.053743,0.0044926,-3.2618E-17,0.29379,-2.2045E-16
-0.0056512,-0.053602,0.0045035,-2.6751E-16,0.29131,-1.8597E-16
-0.0056872,-0.053461,0.0045142,-3.2067E-17,0.28883,-2.205E-16
-0.0057232,-0.05332,0.0045249,-3.1792E-17,0.28635,-2.2053E-16
-0.0057593,-0.053179,0.0045354,-2.6677E-16,0.28387,-1.8693E-16
-0.0057953,-0.053037,0.0045459,-2.6652E-16,0.28139,-1.8725E-16
-0.0058314,-0.052896,0.0045563,-3.0966E-17,0.27891,-2.206E-16
-0.0058675,-0.052755,0.0045666,4.3998E-16,0.27643,-2.861E-16
-0.0059037,-0.052614,0.0045768,-3.0415E-17,0.27395,-2.2065E-16
-0.0059398,-0.052473,0.0045869,-3.014E-17,0.27147,-2.2068E-16
-0.005976,-0.052332,0.0045969,-2.9864E-17,0.26899,-2.207E-16
-0.0060122,-0.052191,0.0046069,-2.6503E-16,0.26651,-1.8917E-16
-0.0060485,-0.052049,0.0046167,-2.9314E-17,0.26403,-2.2075E-16
-0.0060847,-0.051908,0.0046265,2.0646E-16,0.26155,-2.5175E-16
-0.006121,-0.051767,0.0046361,-2.8763E-17,0.25907,-2.208E-16
-0.0061573,-0.051626,0.0046457,2.0706E-16,0.25659,-2.5121E-16
-0.0061573,-0.051626,0.0046457,2.0706E-16,0.25659,-2.5121E-16
-0.0044999,-0.051494,0.0041071,-4.1273E-17,0.37175,-2.1948E-16
-0.0029153,-0.051362,0.0033817,-2.8621E-16,0.48691,-1.5998E-16
-0.0014246,-0.05123,0.002479,-6.6843E-17,0.60207,-2.153E-16
-0.000047519,-0.051098,0.001411,-3.0623E-16,0.71723,-1.2751E-16
0.0011977,-0.050966,0.00019182,-9.2414E-17,0.83239,-2.0907E-16
0.0022947,-0.050834,-0.0011624,1.1366E-16,0.94755,-3.1739E-16
0.0032287,-0.050702,-0.0026336,-1.1798E-16,1.0627,-2.0074E-16
0.0039875,-0.05057,-0.0042025,-1.3077E-16,1.1779,-1.9576E-16
0.0045611,-0.050438,-0.0058481,-1.4356E-16,1.293,-1.9021E-16
0.0049417,-0.050306,-0.0075488,-1.5634E-16,1.4082,-1.8408E-16
0.0051244,-0.050174,-0.0092819,-1.6913E-16,1.5234,-1.7735E-16
0.0051067,-0.050042,-0.011025,-1.8191E-16,1.6385,-1.6999E-16
0.0048889,-0.04991,-0.012754,-1.947E-16,1.7537,-1.6199E-16
0.0044739,-0.049778,-0.014446,-3.7102E-16,1.8688,6.7999E-17
0.0038672,-0.049646,-0.01608,-6.6737E-17,1.984,-3.7889E-16
0.0030767,-0.049514,-0.017633,-2.3305E-16,2.0992,-1.3381E-16
0.002113,-0.049382,-0.019085,-1.1473E-16,2.2143,-3.8514E-16
0.00098885,-0.04925,-0.020417,-2.5862E-16,2.3295,-1.112E-16
-0.00028088,-0.049118,-0.02161,-2.7141E-16,2.4446,-9.8605E-17
-0.0016794,-0.048986,-0.02265,-3.7495E-16,2.5598,2.1805E-16
-0.0031881,-0.048854,-0.023523,-2.9698E-16,2.675,-7.0577E-17
-0.004787,-0.048722,-0.024216,-3.0976E-16,2.7901,-5.5005E-17
-0.006455,-0.04859,-0.024721,-2.8171E-16,2.9053,-3.8234E-16
-0.00817,-0.048458,-0.02503,-3.2449E-16,3.0204,-1.9919E-16
-0.0099092,-0.048326,-0.025141,-3.4756E-16,3.1356,-1.8671E-16
-0.01165,-0.048195,-0.025051,3.4648E-16,-3.0324,1.6116E-16
-0.013368,-0.048063,-0.024762,3.2388E-16,-2.9173,-3.648E-17
-0.015042,-0.047931,-0.024277,3.111E-16,-2.8021,-5.3319E-17
-0.016649,-0.047799,-0.023603,2.9831E-16,-2.687,-6.9005E-17
-0.018168,-0.047667,-0.022749,2.8553E-16,-2.5718,-8.3621E-17
-0.019579,-0.047535,-0.021726,2.7274E-16,-2.4566,-9.724E-17
-0.020863,-0.047403,-0.020548,2.5996E-16,-2.3415,-1.0993E-16
-0.022003,-0.047271,-0.01923,3.121E-16,-2.2263,1.009E-17
-0.022984,-0.047139,-0.017789,4.4673E-16,-2.1112,2.423E-16
-0.023793,-0.047007,-0.016246,2.216E-16,-1.996,-1.4292E-16
-0.02442,-0.046875,-0.01462,3.7134E-16,-1.8808,7.0364E-17
-0.024855,-0.046743,-0.012932,1.101E-16,-1.7657,-2.6567E-16
-0.025093,-0.046611,-0.011206,2.7755E-18,-1.6505,-3.6465E-16
-0.025132,-0.046479,-0.0094634,2.6465E-16,-1.5354,-8.5699E-17
-0.02497,-0.046347,-0.0077283,2.5549E-16,-1.4202,-9.9313E-17
-0.02461,-0.046215,-0.0060232,-6.7909E-18,-1.305,-3.0551E-16
-0.024056,-0.046083,-0.0043708,2.7992E-17,-1.1899,-2.6566E-16
-0.023316,-0.045951,-0.0027929,1.2517E-17,-1.0747,-2.6389E-16
-0.0224,-0.045819,-0.0013105,2.1573E-16,-0.95955,-1.4792E-16
-0.021319,-0.045687,0.000056712,2.607E-16,-0.84439,-1.3369E-16
-0.020089,-0.045555,0.0012907,1.3753E-16,-0.72923,-1.9053E-16
-0.018724,-0.045423,0.0023752,4.1221E-16,-0.61407,-1.0594E-16
-0.017245,-0.045291,0.0032957,-6.0567E-17,-0.49891,-2.4696E-16
-0.015669,-0.045159,0.0040401,-1.9133E-16,-0.38375,-2.6476E-16
-0.014018,-0.045027,0.0045985,3.241E-16,-0.26859,-1.8095E-16
-0.014018,-0.045027,0.0045985,3.241E-16,-0.26859,-1.8095E-16
-0.014018,-0.045002,0.0045985,2.0639E-16,-0.26861,-1.9685E-16
-0.014019,-0.044978,0.0045984,4.4792E-16,-0.26863,-1.6421E-16
-0.014019,-0.044953,0.0045983,-1.5661E-16,-0.26865,-2.459E-16
-0.014019,-0.044928,0.0045982,4.8047E-17,-0.26867,-2.1825E-16
-0.01402,-0.044903,0.0045981,-2.9706E-16,-0.26869,-2.6489E-16
-0.01402,-0.044879,0.004598,5.1556E-17,-0.26871,-2.1777E-16
-0.01402,-0.044854,0.004598,-3.3108E-16,-0.26873,-2.6949E-16
-0.01402,-0.044829,0.0045979,-2.7238E-16,-0.26875,-2.6156E-16
-0.014021,-0.044804,0.0045978,1.7331E-16,-0.26877,-2.0131E-16
-0.014021,-0.04478,0.0045977,-2.276E-16,-0.26879,-2.5552E-16
-0.014021,-0.044755,0.0045976,1.2966E-16,-0.26881,-2.0721E-16
-0.014022,-0.04473,0.0045976,5.9847E-16,-0.26883,-1.4381E-16
-0.014022,-0.044705,0.0045975,-8.3533E-17,-0.26885,-2.3604E-16
-0.014022,-0.044681,0.0045974,5.8112E-17,-0.26887,-2.1688E-16
-0.014023,-0.044656,0.0045973,5.2295E-16,-0.26889,-1.5401E-16
-0.014023,-0.044631,0.0045972,-1.1062E-16,-0.26891,-2.3971E-16
-0.014023,-0.044606,0.0045972,1.8455E-18,-0.26893,-2.2449E-16
-0.014023,-0.044582,0.0045971,2.986E-17,-0.26895,-2.207E-16
-0.014024,-0.044557,0.004597,8.5563E-17,-0.26897,-2.1317E-16
-0.014024,-0.044532,0.0045969,1.1318E-16,-0.26899,-2.0943E-16
-0.014024,-0.044507,0.0045968,1.4064E-16,-0.26901,-2.0571E-16
-0.014025,-0.044483,0.0045968,-5.2974E-17,-0.26903,-2.3192E-16
-0.014025,-0.044458,0.0045967,-1.9043E-16,-0.26905,-2.5052E-16
-0.014025,-0.044433,0.0045966,-2.7219E-16,-0.26907,-2.6159E-16
-0.014025,-0.044408,0.0045965,1.3942E-16,-0.26909,-2.0588E-16
-0.014026,-0.044384,0.0045964,-7.9363E-17,-0.26911,-2.3549E-16
-0.014026,-0.044359,0.0045964,3.8395E-16,-0.26913,-1.7277E-16
-0.014026,-0.044334,0.0045963,8.4207E-17,-0.26915,-2.1335E-16
-0.014027,-0.04431,0.0045962,-4.3064E-16,-0.26917,-2.8306E-16
-0.014027,-0.044285,0.0045961,-2.1327E-16,-0.26919,-2.5363E-16
-0.014027,-0.04426,0.004596,2.9935E-16,-0.26921,-1.8421E-16
-0.014027,-0.044235,0.004596,-2.386E-17,-0.26923,-2.2798E-16
-0.014028,-0.044211,0.0045959,-1.3094E-16,-0.26925,-2.4249E-16
-0.014028,-0.044186,0.0045958,4.5768E-16,-0.26927,-1.6276E-16
-0.014028,-0.044161,0.0045957,2.4324E-16,-0.26929,-1.918E-16
-0.014029,-0.044136,0.0045956,8.3098E-17,-0.26931,-2.1349E-16
-0.014029,-0.044112,0.0045956,5.0747E-16,-0.26933,-1.56E-16
-0.014029,-0.044087,0.0045955,1.3576E-16,-0.26935,-2.0636E-16
-0.01403,-0.044062,0.0045954,-3.3967E-16,-0.26937,-2.7078E-16
-0.01403,-0.044037,0.0045953,-7.5423E-17,-0.26939,-2.3497E-16
-0.01403,-0.044013,0.0045952,-7.5161E-17,-0.26941,-2.3494E-16
-0.01403,-0.043988,0.0045952,2.3954E-16,-0.26943,-1.9229E-16
-0.014031,-0.043963,0.0045951,1.3447E-16,-0.26945,-2.0653E-16
-0.014031,-0.043938,0.004595,-1.7869E-16,-0.26947,-2.4898E-16
-0.014031,-0.043914,0.0045949,-1.7819E-16,-0.26949,-2.4891E-16
-0.014032,-0.043889,0.0045948,1.3373E-16,-0.26951,-2.0663E-16
-0.014032,-0.043864,0.0045947,-2.2897E-16,-0.26953,-2.558E-16
-0.014032,-0.043839,0.0045947,-2.2836E-16,-0.26955,-2.5572E-16
-0.014032,-0.043815,0.0045946,-1.7621E-16,-0.26957,-2.4865E-16
-0.014033,-0.04379,0.0045945,2.3559E-16,-0.26959,-1.9281E-16
-0.014033,-0.04379,0.0045945,2.3559E-16,-0.26959,-1.9281E-16
-0.015683,-0.043922,0.0040346,3.5314E-16,-0.38473,-1.5884E-16
-0.017257,-0.044054,0.0032888,1.5943E-16,-0.49987,-1.9087E-16
-0.018736,-0.044186,0.002367,6.828E-17,-0.61501,-2.15E-16
-0.020099,-0.044318,0.0012815,3.1557E-16,-0.73015,-1.2246E-16
-0.021328,-0.04445,0.00004652,-4.0035E-16,-0.84529,-4.3093E-16
-0.022407,-0.044582,-0.0013215,2.1025E-16,-0.96043,-1.5073E-16
-0.023322,-0.044714,-0.0028044,5.5064E-17,-1.0756,-2.3859E-16
-0.024061,-0.044846,-0.0043826,2.0233E-16,-1.1907,-1.4766E-16
-0.024613,-0.044977,-0.0060351,-1.8812E-17,-1.3059,-3.1483E-16
-0.024972,-0.045109,-0.0077402,2.5555E-16,-1.421,-9.9221E-17
-0.025132,-0.045241,-0.0094752,4.295E-16,-1.5361,7.3571E-17
-0.025092,-0.045373,-0.011217,1.8333E-16,-1.6513,-1.6914E-16
-0.024853,-0.045505,-0.012943,1.3169E-16,-1.7664,-2.3951E-16
-0.024416,-0.045637,-0.01463,2.9013E-16,-1.8816,-4.0904E-17
-0.023789,-0.045769,-0.016255,3.3596E-16,-1.9967,3.4486E-17
-0.022979,-0.045901,-0.017798,1.9909E-16,-2.1118,-1.9518E-16
-0.021997,-0.046033,-0.019238,2.4724E-16,-2.227,-1.2167E-16
-0.020856,-0.046165,-0.020555,2.0144E-16,-2.3421,-2.4854E-16
-0.019572,-0.046297,-0.021732,2.2099E-16,-2.4573,-2.4267E-16
-0.018161,-0.046429,-0.022754,2.8559E-16,-2.5724,-8.3548E-17
-0.016641,-0.046561,-0.023607,2.6161E-16,-2.6875,-2.2806E-16
-0.015034,-0.046693,-0.02428,3.6795E-16,-2.8027,2.7866E-16
-0.01336,-0.046825,-0.024764,3.4335E-16,-2.9178,1.3637E-16
-0.011642,-0.046957,-0.025052,3.2696E-16,-3.033,-1.979E-16
-0.0099016,-0.047088,-0.025141,-3.4927E-16,3.1351,3.7014E-16
-0.0081627,-0.04722,-0.02503,-3.4617E-16,3.02,1.584E-16
-0.0064482,-0.047352,-0.024719,-3.225E-16,2.9048,-3.836E-17
-0.0047807,-0.047484,-0.024213,-3.0972E-16,2.7897,-5.5067E-17
-0.0031824,-0.047616,-0.02352,-2.5926E-16,2.6745,-2.29E-16
-0.0016743,-0.047748,-0.022647,-2.3874E-16,2.5594,-2.3668E-16
-0.00027647,-0.04788,-0.021607,-2.7137E-16,2.4443,-9.8648E-17
0.00099259,-0.048012,-0.020413,-2.5858E-16,2.3291,-1.1123E-16
0.0021161,-0.048144,-0.019081,-2.458E-16,2.214,-1.2295E-16
0.0030791,-0.048276,-0.017629,-2.3302E-16,2.0988,-1.3384E-16
0.003869,-0.048408,-0.016076,-2.2023E-16,1.9837,-1.4396E-16
0.0044752,-0.04854,-0.014442,-2.0745E-16,1.8686,-1.5334E-16
0.0048896,-0.048672,-0.01275,-2.1858E-17,1.7534,-3.6966E-16
0.005107,-0.048804,-0.011021,-1.8188E-16,1.6383,-1.7001E-16
0.0051242,-0.048936,-0.0092786,-1.691E-16,1.5231,-1.7736E-16
0.0049412,-0.049068,-0.0075458,-1.5632E-16,1.408,-1.8409E-16
0.0045603,-0.0492,-0.0058455,5.9365E-17,1.2929,-3.4332E-16
0.0039866,-0.049331,-0.0042002,2.8688E-16,1.1777,-4.747E-16
0.0032277,-0.049463,-0.0026318,-1.1797E-16,1.0626,-2.0075E-16
0.0022936,-0.049595,-0.0011609,-3.2405E-16,0.94743,-9.2983E-17
0.0011967,-0.049727,0.00019293,-9.2403E-17,0.83229,-2.0908E-16
-0.000048432,-0.049859,0.0014118,-7.962E-17,0.71715,-2.1245E-16
-0.0014254,-0.049991,0.0024795,-6.6837E-17,0.60201,-2.153E-16
-0.0029159,-0.050123,0.003382,-2.862E-16,0.48687,-1.5998E-16
-0.0045002,-0.050255,0.0041073,-2.7538E-16,0.37173,-1.7546E-16
-0.0061573,-0.050387,0.0046457,-2.8488E-17,0.25659,-2.2082E-16
-0.0061573,-0.050387,0.0046457,-2.8488E-17,0.25659,-2.2082E-16
-0.0061573,-0.050412,0.0046457,-2.8488E-17,0.25659,-2.2082E-16
-0.0061573,-0.050437,0.0046457,-2.6403E-16,0.25659,-1.9044E-16
-0.0061573,-0.050461,0.0046457,-2.8488E-17,0.25659,-2.2082E-16
-0.0061573,-0.050486,0.0046457,2.0706E-16,0.25659,-2.5121E-16
-0.0061573,-0.050511,0.0046457,-2.6403E-16,0.25659,-1.9044E-16
-0.0061573,-0.050536,0.0046457,-4.9958E-16,0.25659,-1.6005E-16
-0.0061573,-0.05056,0.0046457,2.0706E-16,0.25659,-2.5121E-16
-0.0061573,-0.050585,0.0046457,-2.6403E-16,0.25659,-1.9044E-16
-0.0061573,-0.05061,0.0046457,-2.6403E-16,0.25659,-1.9044E-16
-0.0061573,-0.050635,0.0046457,-2.6403E-16,0.25659,-1.9044E-16
-0.0061573,-0.05066,0.0046457,2.0706E-16,0.25659,-2.5121E-16
-0.0061573,-0.050684,0.0046457,2.0706E-16,0.25659,-2.5121E-16
-0.0061573,-0.050709,0.0046457,-2.6403E-16,0.25659,-1.9044E-16
-0.0061573,-0.050734,0.0046457,-2.8488E-17,0.25659,-2.2082E-16
-0.0061573,-0.050759,0.0046457,-2.8488E-17,0.25659,-2.2082E-16
-0.0061573,-0.050783,0.0046457,-2.8488E-17,0.25659,-2.2082E-16
-0.0061573,-0.050808,0.0046457,-2.8488E-17,0.25659,-2.2082E-16
-0.0061573,-0.050833,0.0046457,-2.8488E-17,0.25659,-2.2082E-16
-0.0061573,-0.050858,0.0046457,-2.8488E-17,0.25659,-2.2082E-16
-0.0061573,-0.050883,0.0046457,-2.8488E-17,0.25659,-2.2082E-16
-0.0061573,-0.050907,0.0046457,-2.6403E-16,0.25659,-1.9044E-16
-0.0061573,-0.050932,0.0046457,-2.8488E-17,0.25659,-2.2082E-16
-0.0061573,-0.050957,0.0046457,2.0706E-16,0.25659,-2.5121E-16
-0.0061573,-0.050982,0.0046457,-2.8488E-17,0.25659,-2.2082E-16
-0.0061573,-0.051006,0.0046457,-2.8488E-17,0.25659,-2.2082E-16
-0.0061573,-0.051031,0.0046457,-2.6403E-16,0.25659,-1.9044E-16
-0.0061573,-0.051056,0.0046457,-2.6403E-16,0.25659,-1.9044E-16
-0.0061573,-0.051081,0.0046457,2.0706E-16,0.25659,-2.5121E-16
-0.0061573,-0.051106,0.0046457,-2.8488E-17,0.25659,-2.2082E-16
-0.0061573,-0.05113,0.0046457,-2.6403E-16,0.25659,-1.9044E-16
-0.0061573,-0.051155,0.0046457,2.0706E-16,0.25659,-2.5121E-16
-0.0061573,-0.05118,0.0046457,-2.6403E-16,0.25659,-1.9044E-16
-0.0061573,-0.051205,0.0046457,-2.6403E-16,0.25659,-1.9044E-16
-0.0061573,-0.05123,0.0046457,-2.8488E-17,0.25659,-2.2082E-16
-0.0061573,-0.051254,0.0046457,-2.8488E-17,0.25659,-2.2082E-16
-0.0061573,-0.051279,0.0046457,-2.8488E-17,0.25659,-2.2082E-16
-0.0061573,-0.051304,0.0046457,-2.8488E-17,0.25659,-2.2082E-16
-0.0061573,-0.051329,0.0046457,2.0706E-16,0.25659,-2.5121E-16
-0.0061573,-0.051353,0.0046457,-2.8488E-17,0.25659,-2.2082E-16
-0.0061573,-0.051378,0.0046457,2.0706E-16,0.25659,-2.5121E-16
-0.0061573,-0.051403,0.0046457,-2.8488E-17,0.25659,-2.2082E-16
-0.0061573,-0.051428,0.0046457,-2.6403E-16,0.25659,-1.9044E-16
-0.0061573,-0.051453,0.0046457,-4.9958E-16,0.25659,-1.6005E-16
-0.0061573,-0.051477,0.0046457,-2.8488E-17,0.25659,-2.2082E-16
-0.0061573,-0.051502,0.0046457,-2.8488E-17,0.25659,-2.2082E-16
-0.0061573,-0.051527,0.0046457,2.0706E-16,0.25659,-2.5121E-16
-0.0061573,-0.051552,0.0046457,-2.8488E-17,0.25659,-2.2082E-16
-0.0061573,-0.051576,0.0046457,-2.6403E-16,0.25659,-1.9044E-16
-0.0061573,-0.051601,0.0046457,-4.9958E-16,0.25659,-1.6005E-16
-0.0061573,-0.051626,0.0046457,2.0706E-16,0.25659,-2.5121E-16
-0.0061573,-0.051626,0.0046457,2.0706E-16,0.25659,-2.5121E-16
-0.006119,-0.051623,0.0046356,-2.643E-16,0.25921,-1.901E-16
-0.0060806,-0.05162,0.0046254,-2.9069E-17,0.26183,-2.2077E-16
-0.0060423,-0.051617,0.004615,-5.0029E-16,0.26445,-1.5811E-16
-0.006004,-0.051614,0.0046046,4.4123E-16,0.26707,-2.8398E-16
-0.0059658,-0.051611,0.0045941,2.0547E-16,0.26969,-2.5264E-16
-0.0059276,-0.051608,0.0045835,-3.0233E-17,0.27231,-2.2067E-16
-0.0058894,-0.051605,0.0045728,4.4018E-16,0.27493,-2.8576E-16
-0.0058512,-0.051602,0.0045619,-3.0815E-17,0.27755,-2.2062E-16
-0.0058131,-0.051599,0.004551,-3.1105E-17,0.28017,-2.2059E-16
-0.005775,-0.051596,0.00454,-2.6666E-16,0.28279,-1.8707E-16
-0.0057369,-0.051593,0.0045289,-3.1687E-17,0.28541,-2.2054E-16
-0.0056988,-0.05159,0.0045177,2.0323E-16,0.28803,-2.5462E-16
-0.0056608,-0.051587,0.0045063,2.0291E-16,0.29065,-2.549E-16
-0.0056228,-0.051584,0.0044949,-3.256E-17,0.29327,-2.2045E-16
-0.0055849,-0.051581,0.0044834,-3.2851E-17,0.29589,-2.2042E-16
-0.0055469,-0.051578,0.0044718,-3.3142E-17,0.29851,-2.2039E-16
-0.005509,-0.051575,0.0044601,4.3668E-16,0.30113,-2.9169E-16
-0.0054712,-0.051572,0.0044483,-3.3723E-17,0.30375,-2.2033E-16
-0.0054333,-0.051569,0.0044363,-3.4014E-17,0.30637,-2.2031E-16
-0.0053955,-0.051566,0.0044243,-3.4305E-17,0.30899,-2.2028E-16
-0.0053577,-0.051563,0.0044122,-3.4596E-17,0.31161,-2.2024E-16
-0.00532,-0.05156,0.0044,-3.4887E-17,0.31423,-2.2021E-16
-0.0052823,-0.051557,0.0043877,-3.5178E-17,0.31685,-2.2018E-16
-0.0052446,-0.051554,0.0043753,1.9936E-16,0.31947,-2.5799E-16
-0.0052069,-0.051551,0.0043628,-3.5759E-17,0.32209,-2.2012E-16
-0.0051693,-0.051548,0.0043502,-3.605E-17,0.32471,-2.2009E-16
-0.0051318,-0.051545,0.0043375,-3.6341E-17,0.32733,-2.2006E-16
-0.0050942,-0.051542,0.0043247,-3.6632E-17,0.32995,-2.2003E-16
-0.0050567,-0.051539,0.0043118,1.9774E-16,0.33257,-2.5938E-16
-0.0050192,-0.051536,0.0042988,1.9741E-16,0.33519,-2.5966E-16
-0.0049818,-0.051533,0.0042857,1.9709E-16,0.33781,-2.5993E-16
-0.0049444,-0.05153,0.0042725,-3.7796E-17,0.34043,-2.199E-16
-0.004907,-0.051527,0.0042592,-3.8086E-17,0.34305,-2.1986E-16
-0.0048696,-0.051524,0.0042458,-2.7286E-16,0.34567,-1.7889E-16
-0.0048323,-0.051521,0.0042323,-3.8668E-17,0.34829,-2.198E-16
-0.0047951,-0.051518,0.0042187,-2.7337E-16,0.35091,-1.782E-16
-0.0047578,-0.051515,0.004205,-5.08E-16,0.35353,-1.3599E-16
-0.0047206,-0.051512,0.0041912,-2.7388E-16,0.35615,-1.7752E-16
-0.0046835,-0.051509,0.0041773,1.9447E-16,0.35877,-2.6214E-16
-0.0046463,-0.051506,0.0041634,-2.7439E-16,0.36139,-1.7683E-16
